show_id,country,release_year,language,vote_average,budget,cast_numbers,genre numbers,director number,first genre,month_name,day,mean,std,var,rating,revenue
10192.0,United States of America,2010.0,en,6.38,165000000.0,5.0,5.0,1.0,Comedy,May,16.0,0.2897,0.1267,0.016,6.38,752600867.0
27205.0,"United Kingdom, United States of America",2010.0,en,8.369,160000000.0,5.0,3.0,1.0,Action,July,15.0,0.2949,0.1142,0.013,8.369,839030630.0
12444.0,"United Kingdom, United States of America",2010.0,en,7.744,250000000.0,5.0,2.0,1.0,Adventure,November,17.0,0.291,0.1237,0.0153,7.744,954305868.0
38757.0,United States of America,2010.0,en,7.6,260000000.0,5.0,3.0,2.0,Animation,November,24.0,0.2709,0.1632,0.0266,7.6,592461732.0
10191.0,United States of America,2010.0,en,7.8,165000000.0,5.0,4.0,2.0,Fantasy,March,18.0,0.2793,0.1483,0.022,7.8,494879471.0
11324.0,United States of America,2010.0,en,8.2,80000000.0,5.0,3.0,1.0,Drama,February,14.0,0.2835,0.1402,0.0196,8.2,294804195.0
38575.0,"China, Hong Kong, United States of America",2010.0,en,6.5,40000000.0,5.0,4.0,1.0,Action,June,10.0,0.294,0.1165,0.0136,6.5,359126022.0
10138.0,United States of America,2010.0,en,6.8,200000000.0,5.0,3.0,1.0,Adventure,April,28.0,0.3011,0.0966,0.0093,6.8,623933331.0
38365.0,United States of America,2010.0,en,6.394,80000000.0,5.0,1.0,1.0,Comedy,June,24.0,0.2941,0.1163,0.0135,6.394,271430189.0
48650.0,"France, Spain",2010.0,es,6.416,0.0,5.0,2.0,1.0,Drama,May,7.0,0.2739,0.1581,0.025,6.416,844281.0
20352.0,United States of America,2010.0,en,7.2,69000000.0,5.0,3.0,2.0,Animation,July,8.0,0.2981,0.1054,0.0111,7.2,543284256.0
10193.0,United States of America,2010.0,en,7.8,200000000.0,5.0,3.0,1.0,Animation,June,16.0,0.2864,0.134,0.018,7.8,1067316101.0
24021.0,United States of America,2010.0,en,6.204,68000000.0,5.0,4.0,1.0,Adventure,June,23.0,0.3013,0.0959,0.0092,6.204,698491347.0
12155.0,United States of America,2010.0,en,6.6,200000000.0,5.0,3.0,1.0,Family,March,3.0,0.2683,0.1673,0.028,6.6,1025467110.0
38234.0,United States of America,2010.0,en,7.517,3000000.0,5.0,4.0,1.0,Action,April,17.0,0.305,0.0835,0.007,7.517,282548.0
37799.0,United States of America,2010.0,en,7.368,40000000.0,5.0,1.0,1.0,Drama,October,1.0,0.2843,0.1384,0.0192,7.368,224920315.0
32657.0,United States of America,2010.0,en,6.21,95000000.0,5.0,3.0,1.0,Adventure,February,1.0,0.2933,0.1183,0.014,6.21,226497209.0
23168.0,"United Kingdom, United States of America",2010.0,en,7.2,37000000.0,5.0,3.0,1.0,Crime,September,15.0,0.2881,0.1304,0.017,7.2,154026136.0
34851.0,United States of America,2010.0,en,6.3,40000000.0,5.0,3.0,1.0,Science Fiction,July,3.0,0.2714,0.1624,0.0264,6.3,127200000.0
38055.0,United States of America,2010.0,en,6.999,130000000.0,5.0,5.0,1.0,Animation,October,28.0,0.2863,0.1343,0.018,6.999,321885765.0
10140.0,"United Kingdom, United States of America",2010.0,en,6.4,155000000.0,5.0,3.0,1.0,Adventure,December,2.0,0.2928,0.1194,0.0143,6.4,415686217.0
27578.0,"Bulgaria, United States of America",2010.0,en,6.248,80000000.0,5.0,3.0,1.0,Thriller,August,3.0,0.3047,0.0848,0.0072,6.248,274470394.0
18823.0,United States of America,2010.0,en,5.9,125000000.0,5.0,3.0,1.0,Adventure,March,26.0,0.2844,0.1383,0.0191,5.9,493214993.0
44214.0,United States of America,2010.0,en,7.7,13000000.0,5.0,3.0,1.0,Drama,December,3.0,0.3064,0.0782,0.0061,7.7,329398046.0
23483.0,"United Kingdom, United States of America",2010.0,en,7.122,28000000.0,5.0,2.0,1.0,Action,March,26.0,0.2819,0.1432,0.0205,7.122,96188903.0
20526.0,United States of America,2010.0,en,6.5,170000000.0,5.0,3.0,1.0,Adventure,December,14.0,0.2926,0.1199,0.0144,6.5,400062763.0
52629.0,Mexico,2010.0,es,7.9,0.0,5.0,5.0,1.0,Action,September,3.0,0.2654,0.172,0.0296,7.9,6703873.0
26389.0,"United Kingdom, France",2010.0,en,6.27,52000000.0,5.0,3.0,1.0,Action,February,4.0,0.2944,0.1154,0.0133,6.27,52800000.0
10196.0,United States of America,2010.0,en,4.6,150000000.0,5.0,3.0,1.0,Action,June,30.0,0.2937,0.1172,0.0137,4.6,319713881.0
27581.0,United States of America,2010.0,en,6.3,100000000.0,5.0,4.0,1.0,Action,August,6.0,0.2738,0.1583,0.025,6.3,170432927.0
47931.0,Brazil,2010.0,pt,7.811,0.0,5.0,3.0,1.0,Drama,October,8.0,0.2677,0.1684,0.0284,7.811,63027681.0
9543.0,United States of America,2010.0,en,6.3,200000000.0,5.0,3.0,1.0,Adventure,May,19.0,0.2933,0.1183,0.014,6.3,336365676.0
22538.0,"Japan, United Kingdom, United States of America",2010.0,en,7.491,85000000.0,5.0,3.0,1.0,Action,August,12.0,0.3007,0.0979,0.0096,7.491,51691156.0
22894.0,United States of America,2010.0,en,5.9,26000000.0,5.0,3.0,1.0,Horror,January,21.0,0.2801,0.1469,0.0216,5.9,67900000.0
51608.0,South Korea,2010.0,ko,7.7,1255000.0,5.0,3.0,1.0,Action,August,4.0,0.2964,0.1103,0.0122,7.7,43059790.0
43947.0,United States of America,2010.0,en,6.5,2000000.0,5.0,3.0,1.0,Thriller,June,17.0,0.2495,0.1943,0.0378,6.5,572809.0
44115.0,"France, United Kingdom, United States of America",2010.0,en,7.1,18000000.0,5.0,3.0,1.0,Adventure,November,12.0,0.2681,0.1677,0.0281,7.1,35700000.0
39514.0,United States of America,2010.0,en,6.7,58000000.0,5.0,5.0,1.0,Action,October,13.0,0.2784,0.1499,0.0225,6.7,199006387.0
573531.0,"Germany, Japan, United States of America",2010.0,en,7.3,0.0,5.0,4.0,14.0,Animation,February,16.0,0.2708,0.1633,0.0267,7.3,11000000.0
35552.0,France,2010.0,fr,6.2,25000000.0,5.0,4.0,1.0,Fantasy,April,9.0,0.2646,0.1732,0.03,6.2,34604339.0
27576.0,United States of America,2010.0,en,6.4,110000000.0,5.0,3.0,1.0,Action,July,21.0,0.2823,0.1424,0.0203,6.4,293329073.0
46738.0,"Canada, France",2010.0,fr,8.1,6800000.0,5.0,3.0,1.0,Drama,September,17.0,0.2977,0.1065,0.0113,8.1,6788659.0
43949.0,United States of America,2010.0,en,8.016,14000000.0,5.0,2.0,1.0,Romance,August,6.0,0.2569,0.1844,0.034,8.016,4324817.0
43347.0,United States of America,2010.0,en,7.0,30000000.0,5.0,3.0,1.0,Drama,November,4.0,0.2849,0.1372,0.0188,7.0,102800000.0
35019.0,"United States of America, United Kingdom, France",2010.0,en,6.3,35000000.0,5.0,3.0,1.0,Comedy,March,26.0,0.3008,0.0975,0.0095,6.3,93251121.0
43593.0,United States of America,2010.0,en,5.4,24000000.0,5.0,2.0,1.0,Comedy,August,20.0,0.2839,0.1393,0.0194,5.4,83188165.0
20504.0,United States of America,2010.0,en,6.8,80000000.0,5.0,3.0,2.0,Action,January,14.0,0.2292,0.2179,0.0475,6.8,157107755.0
7978.0,United States of America,2010.0,en,5.9,150000000.0,5.0,2.0,1.0,Horror,February,10.0,0.2372,0.2091,0.0437,5.9,140700000.0
34544.0,"United Kingdom, United States of America",2010.0,en,6.397,110000000.0,5.0,3.0,1.0,Action,June,9.0,0.2946,0.1148,0.0132,6.397,177238796.0
38167.0,United States of America,2010.0,en,6.241,60000000.0,5.0,2.0,1.0,Drama,August,12.0,0.2906,0.1247,0.0155,6.241,204594016.0
26022.0,"China, India, United Arab Emirates, United States of America",2010.0,hi,8.0,12000000.0,5.0,2.0,1.0,Drama,February,10.0,0.2955,0.1126,0.0127,8.0,42345360.0
50723.0,Japan,2010.0,ja,7.1,0.0,5.0,3.0,1.0,Adventure,July,31.0,0.3019,0.094,0.0088,7.1,16537336.0
49797.0,South Korea,2010.0,ko,7.794,6000000.0,5.0,2.0,1.0,Thriller,August,12.0,0.2634,0.1749,0.0306,7.794,12966357.0
46705.0,United States of America,2010.0,en,6.9,1000000.0,5.0,2.0,1.0,Drama,December,26.0,0.2832,0.1408,0.0198,6.9,15440333.0
33217.0,"United Kingdom, United States of America",2010.0,en,6.2,15000000.0,5.0,2.0,1.0,Comedy,March,19.0,0.2831,0.1409,0.0198,6.2,76196538.0
20662.0,United States of America,2010.0,en,6.4,200000000.0,5.0,4.0,1.0,Action,May,12.0,0.2966,0.1095,0.012,6.4,321669741.0
51739.0,"France, Japan, United States of America",2010.0,ja,7.663,23000000.0,5.0,3.0,1.0,Fantasy,July,16.0,0.2872,0.1324,0.0175,7.663,149660003.0
25195.0,"Ireland, United States of America",2010.0,en,6.9,19000000.0,5.0,2.0,1.0,Romance,January,8.0,0.2595,0.1808,0.0327,6.9,32686500.0
27022.0,United States of America,2010.0,en,6.117,150000000.0,5.0,3.0,1.0,Fantasy,July,13.0,0.3066,0.0776,0.006,6.117,215300000.0
34016.0,United States of America,2010.0,en,6.5,20000000.0,5.0,2.0,1.0,Romance,March,11.0,0.2897,0.1267,0.016,6.5,49800000.0
44363.0,United States of America,2010.0,en,6.0,0.0,5.0,1.0,1.0,Thriller,February,5.0,0.2854,0.1362,0.0185,6.0,3065860.0
41439.0,United States of America,2010.0,en,5.989,20000000.0,5.0,2.0,1.0,Horror,October,22.0,0.2846,0.1378,0.019,5.989,136151680.0
37834.0,United States of America,2010.0,en,6.2,117000000.0,5.0,2.0,1.0,Action,June,15.0,0.2867,0.1335,0.0178,6.2,261989769.0
46838.0,"Canada, United States of America",2010.0,en,7.379,5000000.0,5.0,2.0,1.0,Comedy,January,22.0,0.2858,0.1354,0.0183,7.379,5224938.0
38358.0,"United States of America, France",2010.0,en,5.7,1800000.0,5.0,3.0,1.0,Horror,August,27.0,0.2982,0.1052,0.0111,5.7,69400000.0
41733.0,United States of America,2010.0,en,6.382,65000000.0,5.0,2.0,1.0,Comedy,November,3.0,0.2925,0.1201,0.0144,6.382,211800000.0
23437.0,United States of America,2010.0,en,5.5,35000000.0,5.0,3.0,1.0,Horror,April,30.0,0.2817,0.1437,0.0206,5.5,115664037.0
22907.0,United States of America,2010.0,en,6.229,32000000.0,5.0,4.0,1.0,Action,August,26.0,0.2997,0.101,0.0102,6.229,80205382.0
45269.0,"United Kingdom, United States of America",2010.0,en,7.7,15000000.0,5.0,2.0,1.0,Drama,November,26.0,0.2826,0.142,0.0202,7.7,414211549.0
23169.0,United States of America,2010.0,en,7.1,16000000.0,5.0,2.0,1.0,Drama,March,11.0,0.2863,0.1342,0.018,7.1,56000000.0
37735.0,United States of America,2010.0,en,6.8,8000000.0,5.0,1.0,1.0,Comedy,September,16.0,0.2952,0.1133,0.0128,6.8,75026327.0
44048.0,United States of America,2010.0,en,6.6,100000000.0,5.0,2.0,1.0,Action,November,4.0,0.2953,0.1131,0.0128,6.6,167805466.0
37786.0,United States of America,2010.0,en,6.1,100000000.0,5.0,3.0,1.0,Comedy,May,26.0,0.2758,0.1546,0.0239,6.1,290700000.0
41283.0,United States of America,2010.0,en,6.3,24000000.0,5.0,4.0,1.0,Crime,November,23.0,0.273,0.1597,0.0255,6.3,23081726.0
41436.0,United States of America,2010.0,en,5.8,3000000.0,5.0,2.0,1.0,Horror,October,20.0,0.2475,0.1969,0.0387,5.8,177512032.0
37710.0,"United States of America, United Kingdom, France, Italy",2010.0,en,6.183,100000000.0,5.0,3.0,1.0,Action,December,8.0,0.2772,0.1523,0.0232,6.183,278731369.0
41233.0,United States of America,2010.0,en,6.8,30000000.0,5.0,2.0,1.0,Drama,August,4.0,0.2697,0.1651,0.0273,6.8,159291809.0
44264.0,United States of America,2010.0,en,7.3,38000000.0,5.0,3.0,2.0,Drama,December,22.0,0.3023,0.0928,0.0086,7.3,252300000.0
43539.0,"United States of America, France",2010.0,en,7.1,30000000.0,5.0,4.0,1.0,Romance,November,18.0,0.3014,0.0958,0.0092,7.1,67448651.0
37056.0,United States of America,2010.0,en,7.002,30000000.0,5.0,3.0,1.0,Comedy,May,13.0,0.2855,0.136,0.0185,7.002,82148538.0
23048.0,United States of America,2010.0,en,6.0,36000000.0,5.0,3.0,1.0,Science Fiction,March,26.0,0.2801,0.1468,0.0216,6.0,64780213.0
40264.0,United States of America,2010.0,en,4.3,20000000.0,5.0,2.0,2.0,Comedy,August,18.0,0.3018,0.0944,0.0089,4.3,80547866.0
23172.0,United States of America,2010.0,en,5.9,28000000.0,5.0,3.0,1.0,Action,January,15.0,0.2898,0.1265,0.016,5.9,66166000.0
43209.0,Thailand,2010.0,th,6.0,0.0,5.0,3.0,2.0,Action,May,5.0,0.2761,0.1542,0.0238,6.0,2340363.0
47533.0,United States of America,2010.0,en,6.154,0.0,5.0,4.0,1.0,Mystery,October,16.0,0.2946,0.115,0.0132,6.154,3400000.0
25602.0,United States of America,2010.0,en,6.1,10000000.0,5.0,4.0,1.0,Action,March,15.0,0.2776,0.1515,0.023,6.1,194243.0
34134.0,United States of America,2010.0,en,7.2,0.0,5.0,3.0,1.0,Animation,January,25.0,0.2785,0.1497,0.0224,7.2,16441438.0
23023.0,"Canada, United States of America",2010.0,en,5.5,48000000.0,5.0,3.0,1.0,Comedy,January,14.0,0.3073,0.0747,0.0056,5.5,112462508.0
41216.0,"Australia, United States of America",2010.0,en,6.8,80000000.0,5.0,4.0,1.0,Animation,July,10.0,0.2804,0.1463,0.0214,6.8,140073390.0
27579.0,"United Kingdom, United States of America",2010.0,en,6.0,20000000.0,5.0,3.0,1.0,Crime,August,31.0,0.2849,0.1372,0.0188,6.0,67900000.0
49009.0,"India, United Arab Emirates, United Kingdom, United States of America",2010.0,en,7.0,30000000.0,5.0,3.0,1.0,Drama,November,22.0,0.2964,0.1103,0.0122,7.0,24200000.0
23631.0,United States of America,2010.0,en,6.3,10500000.0,5.0,3.0,2.0,Action,September,1.0,0.3019,0.094,0.0088,6.3,45491656.0
26388.0,"France, Spain, United States of America",2010.0,en,6.6,1987650.0,5.0,3.0,1.0,Drama,September,24.0,0.2722,0.161,0.0259,6.6,19152480.0
37950.0,United States of America,2010.0,en,6.965,44000000.0,5.0,2.0,1.0,Drama,July,30.0,0.3123,0.05,0.0025,6.965,48200000.0
42684.0,United States of America,2010.0,en,5.013,10500000.0,5.0,3.0,2.0,Science Fiction,November,11.0,0.2838,0.1395,0.0195,5.013,66984887.0
28211.0,"Canada, United States of America, France",2010.0,en,6.1,14000000.0,5.0,3.0,1.0,Drama,February,25.0,0.2605,0.1793,0.0322,6.1,13657649.0
13477.0,United States of America,2010.0,en,6.0,55000000.0,5.0,3.0,1.0,Comedy,January,29.0,0.2988,0.1036,0.0107,6.0,43042835.0
46146.0,Norway,2010.0,no,6.7,3500000.0,5.0,2.0,1.0,Fantasy,October,29.0,0.2819,0.1432,0.0205,6.7,4159678.0
19901.0,"United States of America, Australia",2010.0,en,6.3,20000000.0,5.0,3.0,2.0,Action,January,6.0,0.288,0.1305,0.017,6.3,51417188.0
42188.0,"United Kingdom, United States of America",2010.0,en,6.9,15000000.0,5.0,3.0,1.0,Drama,March,18.0,0.292,0.1213,0.0147,6.9,9918093.0
39451.0,United States of America,2010.0,en,5.645,100000000.0,5.0,2.0,2.0,Comedy,December,21.0,0.3022,0.093,0.0086,5.645,310650585.0
27573.0,United States of America,2010.0,en,5.855,40000000.0,5.0,3.0,1.0,Action,March,16.0,0.2696,0.1652,0.0273,5.855,136300000.0
11439.0,"Belgium, France, Germany, United Kingdom, United States of America",2010.0,en,6.8,45000000.0,5.0,2.0,1.0,Thriller,February,12.0,0.2506,0.1928,0.0372,6.8,60300000.0
41402.0,"Sweden, United Kingdom, United States of America",2010.0,en,6.8,20000000.0,5.0,3.0,1.0,Drama,October,1.0,0.2945,0.1153,0.0133,6.8,24145613.0
59429.0,Japan,2010.0,ja,6.0,1350000.0,5.0,2.0,1.0,Horror,November,20.0,0.2722,0.1609,0.0259,6.0,4160000.0
60534.0,Germany,2010.0,de,6.6,0.0,5.0,3.0,1.0,Crime,August,13.0,0.2757,0.1549,0.024,6.6,416675.0
46261.0,"Australia, Mexico, United States of America",2010.0,en,5.775,25000000.0,5.0,3.0,1.0,Fantasy,November,6.0,0.2556,0.1862,0.0347,5.775,36993168.0
45317.0,United States of America,2010.0,en,7.4,25000000.0,5.0,1.0,1.0,Drama,December,10.0,0.2916,0.1223,0.015,7.4,129190869.0
30675.0,United States of America,2010.0,en,7.0,0.0,5.0,4.0,1.0,Science Fiction,February,2.0,0.2836,0.1399,0.0196,7.0,7000000.0
73245.0,Japan,2010.0,ja,7.6,0.0,5.0,4.0,4.0,Action,December,4.0,0.293,0.119,0.0142,7.6,8749681.0
29427.0,"United Arab Emirates, United States of America",2010.0,en,6.279,20000000.0,5.0,3.0,1.0,Mystery,February,26.0,0.2393,0.2067,0.0427,6.279,54956140.0
23759.0,"France, United Kingdom",2010.0,en,6.231,12000000.0,5.0,3.0,1.0,Adventure,February,15.0,0.2982,0.1051,0.0111,6.231,6890432.0
42297.0,United States of America,2010.0,en,7.2,55000000.0,5.0,2.0,1.0,Drama,November,23.0,0.2849,0.1372,0.0188,7.2,89500000.0
34803.0,United States of America,2010.0,en,5.8,21000000.0,5.0,1.0,1.0,Comedy,April,15.0,0.2586,0.182,0.0331,5.8,49050886.0
33909.0,United States of America,2010.0,en,6.1,70000000.0,5.0,2.0,1.0,Drama,September,20.0,0.2796,0.1478,0.0218,6.1,134748021.0
20533.0,United States of America,2010.0,en,4.9,47000000.0,5.0,5.0,1.0,Action,June,18.0,0.2711,0.1629,0.0265,4.9,10539000.0
51200.0,South Korea,2010.0,ko,7.518,10400000.0,5.0,1.0,1.0,War,June,16.0,0.2852,0.1366,0.0187,7.518,20967660.0
32856.0,United States of America,2010.0,en,5.9,52000000.0,5.0,2.0,1.0,Comedy,February,10.0,0.3028,0.0912,0.0083,5.9,216500000.0
38745.0,United States of America,2010.0,en,5.203,112000000.0,5.0,4.0,1.0,Family,December,23.0,0.3048,0.0842,0.0071,5.203,237382724.0
12201.0,"United Kingdom, United States of America",2010.0,en,6.3,80000000.0,5.0,4.0,1.0,Crime,January,28.0,0.2919,0.1216,0.0148,6.3,81126522.0
34813.0,United States of America,2010.0,en,6.3,25000000.0,5.0,5.0,1.0,Action,April,23.0,0.2921,0.1211,0.0147,6.3,23580000.0
22971.0,United States of America,2010.0,en,6.8,25000000.0,5.0,3.0,1.0,Drama,February,4.0,0.2735,0.1587,0.0252,6.8,114977104.0
40662.0,United States of America,2010.0,en,7.735,0.0,5.0,3.0,1.0,Mystery,July,27.0,0.2967,0.1094,0.012,7.735,6629178.0
38408.0,United States of America,2010.0,en,6.9,38000000.0,5.0,3.0,1.0,Comedy,October,2.0,0.2825,0.1422,0.0202,6.9,105734416.0
42949.0,France,2010.0,fr,5.78,70200000.0,5.0,4.0,1.0,Animation,August,22.0,0.2948,0.1144,0.0131,5.78,33885979.0
54186.0,Japan,2010.0,ja,7.575,0.0,5.0,3.0,1.0,Drama,June,4.0,0.2714,0.1624,0.0264,7.575,45203103.0
46304.0,Japan,2010.0,ja,7.0,0.0,5.0,4.0,2.0,Action,January,23.0,0.304,0.0871,0.0076,7.0,3205829.0
51533.0,"China, Hong Kong",2010.0,zh,7.8,0.0,5.0,2.0,1.0,Action,December,20.0,0.2837,0.1397,0.0195,7.8,104731450.0
32823.0,United States of America,2010.0,en,6.0,40000000.0,5.0,3.0,1.0,Adventure,June,3.0,0.2841,0.1389,0.0193,6.0,90029656.0
58496.0,"United Kingdom, United States of America, France",2010.0,en,8.1,0.0,5.0,1.0,1.0,Documentary,October,7.0,0.2945,0.1152,0.0133,8.1,8212430.0
23742.0,United States of America,2010.0,en,5.5,30000000.0,5.0,3.0,1.0,Action,February,26.0,0.2991,0.1027,0.0106,5.5,55600000.0
97375.0,Japan,2010.0,ja,7.1,0.0,5.0,4.0,1.0,Animation,April,17.0,0.2817,0.1437,0.0206,7.1,36407407.0
42888.0,United States of America,2010.0,en,5.305,120000000.0,5.0,3.0,1.0,Comedy,December,17.0,0.3055,0.0818,0.0067,5.305,48668907.0
39957.0,United States of America,2010.0,en,6.3,0.0,5.0,3.0,1.0,Drama,August,17.0,0.2982,0.1052,0.0111,6.3,58147.0
58857.0,"Japan, United Kingdom",2010.0,ja,7.3,6000000.0,5.0,3.0,1.0,Adventure,September,9.0,0.263,0.1756,0.0308,7.3,17555141.0
39486.0,United States of America,2010.0,en,7.4,35000000.0,5.0,1.0,1.0,Drama,August,20.0,0.2854,0.1362,0.0186,7.4,60300000.0
44603.0,United States of America,2010.0,en,6.105,50000000.0,5.0,2.0,1.0,Drama,October,22.0,0.2405,0.2053,0.0421,6.105,107000000.0
43930.0,Australia,2010.0,en,6.2,27000000.0,5.0,3.0,1.0,Action,August,8.0,0.2784,0.1499,0.0225,6.2,16533595.0
37821.0,United States of America,2010.0,en,6.0,75000000.0,5.0,4.0,1.0,Action,June,4.0,0.2917,0.122,0.0149,6.0,98159963.0
52274.0,"Belgium, Spain",2010.0,es,6.647,0.0,5.0,2.0,1.0,Horror,August,16.0,0.2562,0.1854,0.0344,6.647,12884923.0
16290.0,United States of America,2010.0,en,6.6,20000000.0,5.0,3.0,1.0,Comedy,October,15.0,0.2952,0.1134,0.0129,6.6,117224271.0
41515.0,"United States of America, New Zealand",2010.0,en,5.6,80000000.0,5.0,4.0,1.0,Comedy,December,17.0,0.2495,0.1943,0.0378,5.6,203509374.0
49953.0,"Belgium, France, Italy, United States of America",2010.0,en,6.003,0.0,5.0,2.0,1.0,Animation,August,4.0,0.293,0.119,0.0142,6.003,71594792.0
35056.0,United States of America,2010.0,en,6.1,55000000.0,5.0,3.0,1.0,Comedy,April,8.0,0.254,0.1883,0.0355,6.1,152300000.0
44040.0,United States of America,2010.0,en,6.1,10000000.0,5.0,3.0,1.0,Horror,September,16.0,0.2598,0.1803,0.0325,6.1,33583175.0
72013.0,Japan,2010.0,ja,6.5,0.0,5.0,2.0,1.0,Animation,January,23.0,0.2909,0.1239,0.0154,6.5,3156482.0
34806.0,United States of America,2010.0,en,6.1,35000000.0,5.0,2.0,1.0,Comedy,April,23.0,0.2968,0.1091,0.0119,6.1,77477008.0
50087.0,Japan,2010.0,ja,6.7,0.0,5.0,4.0,1.0,Family,July,10.0,0.2605,0.1793,0.0322,6.7,71143529.0
44945.0,United States of America,2010.0,en,6.6,9500000.0,5.0,3.0,1.0,Crime,September,10.0,0.2982,0.1054,0.0111,6.6,120000.0
46332.0,France,2010.0,fr,6.669,4000000.0,5.0,2.0,1.0,Drama,September,8.0,0.2994,0.1017,0.0104,6.669,41424067.0
45657.0,"United Kingdom, United States of America",2010.0,en,5.771,10000000.0,5.0,3.0,1.0,Horror,September,13.0,0.2647,0.173,0.0299,5.771,5343820.0
39013.0,"Netherlands, United States of America",2010.0,en,6.8,2000000.0,5.0,2.0,1.0,Drama,June,11.0,0.2584,0.1823,0.0332,6.8,13831503.0
43933.0,United Kingdom,2010.0,en,6.222,500000.0,5.0,3.0,1.0,Drama,June,18.0,0.2748,0.1564,0.0245,6.222,5639730.0
45284.0,"France, Japan",2010.0,ja,6.909,0.0,5.0,4.0,1.0,Action,May,17.0,0.2819,0.1432,0.0205,6.909,8428636.0
49852.0,"United Kingdom, Hungary",2010.0,en,5.1,90000000.0,5.0,4.0,1.0,Music,November,24.0,0.22,0.2272,0.0516,5.1,17177993.0
45132.0,United States of America,2010.0,en,6.538,2500000.0,5.0,3.0,1.0,Comedy,November,26.0,0.2681,0.1677,0.0281,6.538,1185012.0
43919.0,United States of America,2010.0,en,5.5,2500000.0,5.0,3.0,1.0,Horror,October,1.0,0.2969,0.109,0.0119,5.5,156190.0
38579.0,United States of America,2010.0,en,5.2,50000000.0,5.0,2.0,1.0,Family,June,3.0,0.2785,0.1497,0.0224,5.2,83761844.0
27585.0,United States of America,2010.0,en,6.7,5000000.0,5.0,1.0,1.0,Drama,December,16.0,0.2596,0.1806,0.0326,6.7,5144717.0
44639.0,United States of America,2010.0,en,7.7,2000000.0,5.0,2.0,1.0,Documentary,October,8.0,0.301,0.0969,0.0094,7.7,7871522.0
26390.0,United States of America,2010.0,en,6.3,17000000.0,5.0,3.0,1.0,Crime,March,4.0,0.2577,0.1833,0.0336,6.3,45700000.0
22972.0,"France, Japan, Spain, United Kingdom, United States of America",2010.0,en,6.5,100000000.0,5.0,5.0,1.0,War,March,11.0,0.3018,0.0945,0.0089,6.5,94882889.0
43552.0,United States of America,2010.0,en,5.3,10000000.0,5.0,3.0,1.0,Mystery,September,11.0,0.2879,0.1309,0.0171,5.3,1671196.0
39691.0,"United States of America, Australia",2010.0,en,5.2,85000000.0,5.0,6.0,1.0,Family,July,29.0,0.3109,0.0577,0.0033,5.2,112483764.0
41210.0,United States of America,2010.0,en,6.2,19000000.0,5.0,3.0,2.0,Comedy,May,11.0,0.2789,0.149,0.0222,6.2,49830607.0
12819.0,"India, United States of America",2010.0,en,5.9,20000000.0,5.0,5.0,2.0,Animation,September,16.0,0.2494,0.1944,0.0378,5.9,50507267.0
38357.0,United States of America,2010.0,en,6.3,40000000.0,5.0,3.0,1.0,Drama,November,10.0,0.2943,0.1156,0.0134,6.3,60040976.0
46420.0,Australia,2010.0,en,6.7,4000000.0,5.0,1.0,1.0,Horror,August,4.0,0.2654,0.1719,0.0296,6.7,358399.0
41215.0,"United Kingdom, Germany",2010.0,en,6.0,0.0,5.0,3.0,1.0,Drama,June,7.0,0.2834,0.1403,0.0197,6.0,382879.0
42194.0,"Japan, United States of America",2010.0,en,5.4,30000000.0,5.0,5.0,1.0,Crime,March,20.0,0.2862,0.1345,0.0181,5.4,967000.0
38363.0,"United States of America, United Arab Emirates",2010.0,en,6.474,22000000.0,5.0,2.0,1.0,Drama,May,20.0,0.2953,0.1131,0.0128,6.474,25806953.0
86184.0,Japan,2010.0,ja,7.1,0.0,5.0,4.0,1.0,Adventure,March,6.0,0.2842,0.1387,0.0192,7.1,34702573.0
43923.0,United States of America,2010.0,en,7.0,8000000.0,5.0,2.0,2.0,Comedy,October,8.0,0.2694,0.1656,0.0274,7.0,6491240.0
37414.0,"Canada, Sweden, United Kingdom, United States of America",2010.0,en,5.8,13000000.0,5.0,3.0,1.0,Crime,February,19.0,0.2944,0.1154,0.0133,5.8,3977192.0
48838.0,"United Kingdom, United States of America",2010.0,en,5.9,25000000.0,5.0,2.0,1.0,Drama,November,10.0,0.2683,0.1673,0.028,5.9,8307227.0
35690.0,United States of America,2010.0,en,7.2,20000000.0,5.0,3.0,1.0,Drama,March,31.0,0.2764,0.1536,0.0236,7.2,89137047.0
45958.0,"Mexico, Spain, United States of America",2010.0,es,7.2,0.0,5.0,1.0,1.0,Drama,October,20.0,0.3028,0.0911,0.0083,7.2,25147786.0
37034.0,"China, Hong Kong, United States of America",2010.0,zh,6.6,20000000.0,5.0,2.0,1.0,Action,February,9.0,0.2691,0.1661,0.0276,6.6,6820000.0
46503.0,United States of America,2010.0,en,6.0,0.0,5.0,3.0,1.0,Mystery,December,3.0,0.2753,0.1557,0.0242,6.0,1754389.0
117352.0,Japan,2010.0,ja,7.8,0.0,5.0,3.0,1.0,Animation,April,17.0,0.2828,0.1414,0.02,7.8,12876220.0
8952.0,"France, United States of America",2010.0,en,6.4,13000000.0,5.0,4.0,2.0,Comedy,February,4.0,0.2891,0.1281,0.0164,6.4,20768906.0
101669.0,United States of America,2010.0,en,6.505,11000000.0,5.0,3.0,1.0,Thriller,September,23.0,0.2535,0.189,0.0357,6.505,863000.0
38303.0,United States of America,2010.0,en,6.281,20000000.0,5.0,2.0,1.0,Comedy,September,23.0,0.2836,0.14,0.0196,6.281,32054369.0
47909.0,"France, South Korea",2010.0,ko,7.6,0.0,5.0,1.0,1.0,Drama,May,13.0,0.2673,0.169,0.0286,7.6,349899.0
59468.0,"Spain, United States of America",2010.0,en,7.1,0.0,5.0,3.0,1.0,Adventure,September,10.0,0.281,0.145,0.021,7.1,13900000.0
38073.0,United States of America,2010.0,en,6.1,32000000.0,5.0,3.0,1.0,Comedy,August,27.0,0.2917,0.1222,0.0149,6.1,42045846.0
48034.0,France,2010.0,fr,7.107,25000000.0,5.0,2.0,1.0,Comedy,October,20.0,0.2953,0.1131,0.0128,7.107,48531470.0
37495.0,"France, United Kingdom",2010.0,en,6.955,3900000.0,5.0,3.0,1.0,Comedy,May,7.0,0.285,0.1371,0.0188,6.955,6200000.0
47854.0,"Hong Kong, China",2010.0,cn,6.8,0.0,5.0,4.0,1.0,Drama,September,1.0,0.2439,0.2012,0.0405,6.8,48398.0
44982.0,United States of America,2010.0,en,5.8,0.0,5.0,2.0,1.0,Drama,March,12.0,0.2785,0.1497,0.0224,5.8,3317662.0
38778.0,United States of America,2010.0,en,5.7,69000000.0,5.0,1.0,1.0,Comedy,July,30.0,0.2866,0.1337,0.0179,5.7,86387857.0
23830.0,"France, United States of America",2010.0,en,6.115,7000000.0,5.0,2.0,1.0,Drama,November,5.0,0.2855,0.136,0.0185,6.115,7644937.0
44147.0,"France, United Kingdom",2010.0,en,6.4,8000000.0,5.0,2.0,1.0,Action,June,17.0,0.2858,0.1353,0.0183,6.4,3453043.0
41411.0,"France, Germany, Hungary",2010.0,fr,7.55,20000000.0,5.0,3.0,1.0,Drama,March,10.0,0.2335,0.2133,0.0455,7.55,25346148.0
41505.0,United States of America,2010.0,en,6.1,22000000.0,5.0,3.0,2.0,Horror,March,27.0,0.2636,0.1746,0.0305,6.1,851517.0
41110.0,Italy,2010.0,it,6.8,3600000.0,5.0,2.0,1.0,Drama,March,19.0,0.2949,0.1142,0.013,6.8,12014663.0
47904.0,"Algeria, Belgium, France, Italy, Tunisia",2010.0,fr,6.6,30000000.0,5.0,4.0,1.0,Action,September,21.0,0.3019,0.094,0.0088,6.6,3470487.0
43931.0,United States of America,2010.0,en,5.5,25000000.0,5.0,2.0,1.0,Horror,October,8.0,0.2853,0.1364,0.0186,5.5,21500813.0
52015.0,United States of America,2010.0,en,6.2,650000.0,5.0,3.0,1.0,Drama,September,30.0,0.2955,0.1127,0.0127,6.2,33245.0
33427.0,United States of America,2010.0,is,5.8,0.0,5.0,4.0,1.0,Action,May,28.0,0.2656,0.1717,0.0295,5.8,69229.0
38843.0,United States of America,2010.0,en,6.5,15000000.0,5.0,2.0,1.0,Comedy,July,23.0,0.3034,0.0892,0.008,6.5,27293743.0
57703.0,"Japan, Netherlands",2010.0,ja,6.3,0.0,5.0,2.0,1.0,Drama,September,30.0,0.26,0.18,0.0324,6.3,17636261.0
38961.0,United Kingdom,2010.0,en,5.9,0.0,5.0,2.0,1.0,Comedy,July,14.0,0.2887,0.1291,0.0167,5.9,12037973.0
148284.0,India,2010.0,ta,6.6,26400000.0,5.0,2.0,1.0,Action,October,1.0,0.2704,0.164,0.0269,6.6,62000000.0
44113.0,United States of America,2010.0,en,5.3,22000000.0,5.0,4.0,1.0,Drama,October,7.0,0.2876,0.1315,0.0173,5.3,9479718.0
41479.0,United States of America,2010.0,en,6.188,10000000.0,5.0,2.0,1.0,Comedy,April,16.0,0.2945,0.1153,0.0133,6.188,7022728.0
44129.0,United States of America,2010.0,en,6.5,15000000.0,5.0,1.0,1.0,Drama,October,21.0,0.2733,0.159,0.0253,6.5,4882577.0
27583.0,United States of America,2010.0,en,5.9,0.0,5.0,3.0,1.0,Comedy,March,26.0,0.2496,0.1941,0.0377,5.9,6344112.0
38093.0,United States of America,2010.0,en,6.6,0.0,5.0,2.0,1.0,Romance,May,14.0,0.2988,0.1036,0.0107,6.6,21520719.0
39210.0,"France, Italy, Japan, United States of America",2010.0,en,6.1,8000000.0,5.0,1.0,1.0,Drama,September,3.0,0.2708,0.1633,0.0267,6.1,14788642.0
50838.0,"Canada, United States of America",2010.0,en,5.4,0.0,5.0,3.0,1.0,Mystery,April,1.0,0.2756,0.1551,0.024,5.4,8020.0
41592.0,United Kingdom,2010.0,en,6.5,5773100.0,5.0,3.0,2.0,Music,May,19.0,0.2635,0.1748,0.0306,6.5,18144030.0
39781.0,United States of America,2010.0,en,6.6,3500000.0,5.0,2.0,1.0,Comedy,July,9.0,0.3047,0.0845,0.0071,6.6,34705850.0
52505.0,United States of America,2010.0,en,6.2,30000000.0,5.0,1.0,1.0,Drama,October,28.0,0.2741,0.1578,0.0249,6.2,1451343.0
46528.0,"India, New Zealand, South Korea, United States of America",2010.0,en,6.6,42000000.0,5.0,5.0,1.0,Adventure,December,1.0,0.2359,0.2106,0.0443,6.6,11100000.0
41201.0,"France, United Kingdom",2010.0,fr,7.2,18000000.0,5.0,2.0,1.0,Animation,June,16.0,0.2424,0.203,0.0412,7.2,6007194.0
43920.0,"Canada, France, United Kingdom",2010.0,en,7.2,0.0,5.0,1.0,1.0,Drama,April,24.0,0.2429,0.2025,0.041,7.2,430041.0
41211.0,"France, United States of America",2010.0,fr,6.6,8700000.0,5.0,2.0,1.0,Romance,March,17.0,0.2786,0.1496,0.0224,6.6,47355187.0
44716.0,"Denmark, Sweden",2010.0,da,7.118,15000000.0,5.0,1.0,1.0,Drama,August,26.0,0.2772,0.1523,0.0232,7.118,13004198.0
27569.0,United States of America,2010.0,en,6.3,31000000.0,5.0,1.0,1.0,Drama,January,21.0,0.3048,0.0842,0.0071,6.3,15134293.0
31867.0,"Canada, United States of America",2010.0,en,6.323,32000000.0,5.0,4.0,1.0,Action,March,18.0,0.2958,0.1118,0.0125,6.323,18409891.0
57695.0,"France, Germany",2010.0,fr,6.375,14734000.0,5.0,4.0,1.0,Action,November,3.0,0.2863,0.1342,0.018,6.375,6775121.0
39452.0,"United Kingdom, United States of America",2010.0,en,7.5,0.0,5.0,1.0,1.0,Documentary,March,5.0,0.2897,0.1268,0.0161,7.5,4790751.0
55890.0,United States of America,2010.0,en,5.3,2000000.0,5.0,2.0,1.0,Crime,July,16.0,0.3071,0.0754,0.0057,5.3,10000000.0
46837.0,"United States of America, France",2010.0,en,5.6,0.0,5.0,3.0,1.0,Comedy,October,6.0,0.2858,0.1354,0.0183,5.6,635162.0
39312.0,United States of America,2010.0,en,7.27,0.0,4.0,2.0,2.0,War,June,25.0,0.294,0.1166,0.0136,7.27,1437000.0
48289.0,United States of America,2010.0,en,6.6,20000000.0,5.0,2.0,1.0,Drama,September,30.0,0.2972,0.1081,0.0117,6.6,45636368.0
51447.0,France,2010.0,fr,6.1,0.0,5.0,1.0,1.0,Comedy,November,10.0,0.2902,0.1257,0.0158,6.1,1611000.0
30618.0,United States of America,2010.0,en,5.9,25000000.0,5.0,3.0,1.0,Thriller,September,1.0,0.267,0.1695,0.0287,5.9,129706.0
43754.0,United States of America,2010.0,en,5.4,400.0,5.0,3.0,1.0,Drama,February,14.0,0.2969,0.109,0.0119,5.4,2.0
53457.0,France,2010.0,fr,7.3,10000000.0,5.0,2.0,1.0,Drama,September,16.0,0.3097,0.0639,0.0041,7.3,17511906.0
43434.0,"Germany, France",2010.0,en,7.0,18000000.0,5.0,4.0,1.0,Crime,July,7.0,0.277,0.1525,0.0233,7.0,871279.0
44629.0,Australia,2010.0,en,6.804,5000000.0,5.0,2.0,1.0,Crime,June,3.0,0.3032,0.0899,0.0081,6.804,1000000.0
48492.0,"China, Hong Kong",2010.0,zh,6.5,13000000.0,5.0,4.0,1.0,Action,September,18.0,0.2887,0.1291,0.0167,6.5,51723285.0
52587.0,"France, Germany",2010.0,de,6.093,0.0,5.0,4.0,1.0,Fantasy,October,28.0,0.2901,0.1258,0.0158,6.093,2405336.0
36970.0,"France, Monaco, Spain, Switzerland, United States of America",2010.0,en,7.4,0.0,5.0,2.0,1.0,Documentary,January,22.0,0.2646,0.1732,0.03,7.4,19406406.0
41556.0,United States of America,2010.0,en,4.898,4500000.0,5.0,2.0,1.0,Drama,September,10.0,0.2863,0.1342,0.018,4.898,123820.0
27584.0,United States of America,2010.0,en,5.711,10000000.0,5.0,1.0,1.0,Comedy,June,3.0,0.2544,0.1878,0.0353,5.711,221590.0
27586.0,United States of America,2010.0,en,6.5,10000000.0,5.0,3.0,1.0,Music,March,19.0,0.2923,0.1207,0.0146,6.5,2995811.0
118301.0,Japan,2010.0,ja,7.6,0.0,5.0,2.0,1.0,Fantasy,December,23.0,0.2514,0.1918,0.0368,7.6,7243674.0
35169.0,United States of America,2010.0,en,5.021,35000000.0,5.0,2.0,1.0,Family,April,30.0,0.2837,0.1397,0.0195,5.021,36236710.0
39800.0,United States of America,2010.0,en,5.992,4500000.0,5.0,2.0,1.0,Comedy,April,16.0,0.261,0.1785,0.0319,5.992,744816.0
61984.0,Japan,2010.0,ja,6.403,12000000.0,5.0,4.0,1.0,Science Fiction,December,1.0,0.3032,0.09,0.0081,6.403,49827298.0
45569.0,Australia,2010.0,en,6.018,0.0,5.0,3.0,1.0,Action,November,5.0,0.2714,0.1624,0.0264,6.018,324424.0
55165.0,Sweden,2010.0,sv,7.3,0.0,5.0,2.0,1.0,Comedy,September,3.0,0.3024,0.0926,0.0086,7.3,3476910.0
46138.0,United Kingdom,2010.0,en,6.7,7200000.0,5.0,3.0,1.0,Comedy,October,1.0,0.2689,0.1664,0.0277,6.7,12629471.0
39356.0,New Zealand,2010.0,en,7.392,0.0,5.0,2.0,1.0,Drama,March,25.0,0.2746,0.1569,0.0246,7.392,9116968.0
48415.0,"Germany, Italy",2010.0,it,6.7,4000000.0,5.0,1.0,1.0,Comedy,October,1.0,0.2796,0.1478,0.0218,6.7,65584679.0
66195.0,United States of America,2010.0,en,6.4,500000.0,5.0,3.0,1.0,Comedy,July,1.0,0.2966,0.1097,0.012,6.4,453708.0
34764.0,India,2010.0,hi,6.2,2800000.0,5.0,2.0,1.0,Romance,February,26.0,0.2717,0.1617,0.0262,6.2,3900000.0
44835.0,"Taiwan, United States of America",2010.0,en,6.8,7000000.0,5.0,1.0,1.0,Drama,January,22.0,0.2866,0.1337,0.0179,6.8,449702.0
50618.0,"Belarus, Russia",2010.0,ru,7.2,8500000.0,5.0,4.0,1.0,War,November,4.0,0.2848,0.1374,0.0189,7.2,4404729.0
56812.0,"Belgium, France, Italy, Spain",2010.0,es,6.7,7000000.0,5.0,5.0,1.0,Adventure,December,17.0,0.2682,0.1676,0.0281,6.7,3604598.0
44718.0,United States of America,2010.0,en,6.7,700000.0,5.0,3.0,1.0,Drama,July,30.0,0.2785,0.1497,0.0224,6.7,10522511.0
49706.0,Hong Kong,2010.0,cn,6.4,0.0,5.0,1.0,1.0,Horror,April,25.0,0.2833,0.1404,0.0197,6.4,378600.0
37931.0,United States of America,2010.0,en,5.4,10000000.0,5.0,2.0,1.0,Action,May,21.0,0.2636,0.1746,0.0305,5.4,9322895.0
42889.0,United States of America,2010.0,en,4.4,2000000.0,5.0,1.0,2.0,Comedy,September,24.0,0.2898,0.1266,0.016,4.4,636706.0
44009.0,"United Kingdom, United States of America",2010.0,en,7.0,8000000.0,5.0,2.0,1.0,Drama,November,5.0,0.2121,0.2345,0.055,7.0,18124262.0
31007.0,United States of America,2010.0,en,6.6,0.0,5.0,1.0,1.0,Drama,October,29.0,0.2876,0.1314,0.0173,6.6,361960.0
44638.0,"India, United Kingdom, United States of America",2010.0,en,5.4,20000000.0,5.0,3.0,1.0,Drama,September,11.0,0.2923,0.1207,0.0146,5.4,346594.0
50204.0,United Kingdom,2010.0,en,6.1,10000000.0,5.0,4.0,1.0,Comedy,October,29.0,0.2887,0.1291,0.0167,6.1,4791599.0
44560.0,"China, Hong Kong",2010.0,zh,7.1,25000000.0,5.0,1.0,1.0,Drama,July,22.0,0.2694,0.1656,0.0274,7.1,100297064.0
35688.0,United States of America,2010.0,en,6.5,20000000.0,5.0,2.0,1.0,Comedy,April,2.0,0.2771,0.1525,0.0232,6.5,60673972.0
70695.0,United States of America,2010.0,en,6.067,4000000.0,5.0,2.0,1.0,Drama,September,12.0,0.2462,0.1985,0.0394,6.067,143485.0
59490.0,"Canada, France, Germany, United Kingdom, United States of America",2010.0,en,7.1,0.0,5.0,1.0,1.0,Documentary,November,3.0,0.2741,0.1576,0.0248,7.1,6467348.0
45272.0,United States of America,2010.0,en,6.1,15000000.0,5.0,3.0,1.0,Drama,December,22.0,0.2963,0.1105,0.0122,6.1,20601987.0
45649.0,France,2010.0,fr,5.9,500000.0,5.0,5.0,1.0,Comedy,November,9.0,0.2935,0.1176,0.0138,5.9,98017.0
52077.0,France,2010.0,fr,5.9,28000000.0,5.0,1.0,1.0,Comedy,December,20.0,0.2744,0.1572,0.0247,5.9,93800000.0
35458.0,United States of America,2010.0,en,5.2,0.0,5.0,2.0,1.0,Comedy,January,8.0,0.2783,0.1501,0.0225,5.2,88335.0
45094.0,United States of America,2010.0,en,7.058,12500000.0,5.0,1.0,1.0,Drama,October,15.0,0.2985,0.1043,0.0109,7.058,11826980.0
51241.0,Canada,2010.0,fr,7.1,464229.0,5.0,2.0,1.0,Drama,September,29.0,0.3034,0.0892,0.008,7.1,62985.0
44944.0,United States of America,2010.0,en,6.7,21000000.0,5.0,1.0,1.0,Drama,November,5.0,0.2857,0.1355,0.0184,6.7,38000000.0
33107.0,"Argentina, France, United States of America",2010.0,en,5.212,0.0,5.0,2.0,1.0,Mystery,February,25.0,0.2751,0.156,0.0243,5.212,177182.0
38568.0,United States of America,2010.0,en,6.5,5000000.0,5.0,1.0,2.0,Drama,August,26.0,0.2904,0.1252,0.0157,6.5,1183258.0
46829.0,"Canada, Italy, United States of America",2010.0,en,7.029,30000000.0,5.0,2.0,1.0,Comedy,October,26.0,0.2528,0.19,0.0361,7.029,8454301.0
56937.0,Norway,2010.0,no,5.8,0.0,5.0,1.0,1.0,Horror,October,15.0,0.2588,0.1818,0.033,5.8,2439448.0
29159.0,"Italy, Spain, United Kingdom, United States of America",2010.0,it,4.1,14000000.0,5.0,4.0,1.0,Crime,March,13.0,0.2694,0.1656,0.0274,4.1,50113.0
36085.0,Germany,2010.0,de,6.7,0.0,5.0,2.0,1.0,Family,January,21.0,0.2382,0.208,0.0433,6.7,5050298.0
45324.0,Canada,2010.0,en,5.836,12500000.0,5.0,3.0,1.0,Comedy,September,16.0,0.2741,0.1578,0.0249,5.836,1083683.0
38033.0,United States of America,2010.0,en,4.4,5000000.0,5.0,2.0,1.0,Horror,October,1.0,0.2996,0.1012,0.0102,4.4,143000.0
58051.0,India,2010.0,hi,5.7,3800000.0,5.0,2.0,1.0,Comedy,April,30.0,0.26,0.18,0.0324,5.7,16000000.0
32926.0,Turkey,2010.0,tr,4.6,0.0,5.0,1.0,1.0,Comedy,February,12.0,0.2855,0.136,0.0185,4.6,22588876.0
62321.0,Greece,2010.0,el,6.2,0.0,5.0,1.0,1.0,Drama,December,9.0,0.291,0.1238,0.0153,6.2,69961.0
59435.0,United States of America,2010.0,en,5.2,0.0,5.0,4.0,1.0,Family,October,6.0,0.2846,0.1378,0.019,5.2,51138.0
40794.0,Italy,2010.0,it,7.3,7000000.0,5.0,3.0,1.0,Comedy,February,12.0,0.3071,0.0756,0.0057,7.3,8220215.0
48303.0,"France, Italy, Belgium",2010.0,fr,7.0,7000000.0,5.0,2.0,1.0,Drama,May,19.0,0.2668,0.1698,0.0288,7.0,7736632.0
53172.0,United States of America,2010.0,en,5.8,12000000.0,5.0,2.0,1.0,Crime,January,14.0,0.255,0.1871,0.035,5.8,2200000.0
45077.0,United States of America,2010.0,en,5.1,0.0,5.0,3.0,1.0,Drama,January,14.0,0.3073,0.0748,0.0056,5.1,18000.0
55061.0,Canada,2010.0,en,6.0,0.0,5.0,2.0,1.0,Drama,December,10.0,0.3025,0.0921,0.0085,6.0,706546.0
50461.0,Japan,2010.0,ja,7.6,0.0,5.0,4.0,1.0,Thriller,March,6.0,0.2905,0.1248,0.0156,7.6,24658706.0
38448.0,"Ireland, United States of America",2010.0,en,6.325,12000000.0,5.0,2.0,1.0,Drama,March,5.0,0.3028,0.0912,0.0083,6.325,1790061.0
12645.0,United States of America,2010.0,en,6.0,10000000.0,5.0,3.0,1.0,Drama,August,27.0,0.2121,0.2345,0.055,6.0,55089.0
42296.0,United States of America,2010.0,en,6.834,30000.0,5.0,1.0,2.0,Documentary,September,17.0,0.2951,0.1136,0.0129,6.834,3045943.0
43943.0,United States of America,2010.0,en,6.0,0.0,5.0,3.0,1.0,Comedy,September,17.0,0.2646,0.1732,0.03,6.0,801206.0
38407.0,"China, United States of America",2010.0,en,6.1,50000000.0,5.0,3.0,1.0,Drama,June,10.0,0.2817,0.1437,0.0207,6.1,15302850.0
121576.0,Italy,2010.0,it,7.3,0.0,5.0,1.0,1.0,Drama,September,20.0,0.2881,0.1305,0.017,7.3,63000.0
44877.0,United Kingdom,2010.0,en,5.52,4600000.0,5.0,4.0,2.0,Action,June,2.0,0.2842,0.1388,0.0193,5.52,1163967.0
40720.0,"France, United States of America",2010.0,en,5.7,0.0,5.0,4.0,1.0,Thriller,July,30.0,0.2895,0.1273,0.0162,5.7,2566717.0
34563.0,United States of America,2010.0,en,5.702,14000000.0,5.0,1.0,1.0,Comedy,March,12.0,0.2869,0.1331,0.0177,5.702,21409028.0
53399.0,Italy,2010.0,it,5.9,0.0,5.0,1.0,1.0,Drama,September,10.0,0.2846,0.1378,0.019,5.9,5505962.0
44263.0,Hong Kong,2010.0,cn,5.1,17000000.0,5.0,3.0,1.0,Science Fiction,August,11.0,0.3021,0.0935,0.0087,5.1,13851432.0
39053.0,United States of America,2010.0,en,5.9,7000000.0,5.0,3.0,2.0,Comedy,June,18.0,0.2941,0.1162,0.0135,5.9,9900000.0
52264.0,"France, Netherlands, Switzerland, Belgium",2010.0,fr,6.8,0.0,5.0,2.0,2.0,Animation,December,15.0,0.2853,0.1364,0.0186,6.8,309973.0
45316.0,India,2010.0,hi,7.188,800000.0,5.0,1.0,1.0,Drama,June,17.0,0.2352,0.2114,0.0447,7.188,520000.0
54456.0,India,2010.0,ta,7.0,5200000.0,5.0,3.0,1.0,Action,June,18.0,0.2785,0.1497,0.0224,7.0,9700000.0
53840.0,Italy,2010.0,it,5.0,0.0,5.0,1.0,1.0,Comedy,September,17.0,0.2694,0.1656,0.0274,5.0,4427419.0
75170.0,United Kingdom,2010.0,en,7.1,0.0,5.0,1.0,1.0,Drama,June,1.0,0.275,0.1561,0.0244,7.1,14586.0
62871.0,"Belgium, France, Germany, Luxembourg",2010.0,fr,7.1,18000000.0,5.0,3.0,1.0,Drama,May,20.0,0.2814,0.1443,0.0208,7.1,231820.0
45756.0,Netherlands,2010.0,nl,5.0,4000000.0,5.0,2.0,1.0,Horror,October,31.0,0.2885,0.1296,0.0168,5.0,4000000.0
46934.0,"Spain, United Kingdom",2010.0,en,6.119,0.0,5.0,3.0,1.0,Comedy,October,7.0,0.2878,0.1311,0.0172,6.119,850994.0
57809.0,Russia,2010.0,ru,6.4,5800000.0,5.0,1.0,6.0,Comedy,December,12.0,0.2558,0.1859,0.0345,6.4,25030264.0
46689.0,"Brazil, United Kingdom",2010.0,en,7.6,1500000.0,1.0,1.0,1.0,Documentary,January,24.0,0.2699,0.1649,0.0272,7.6,187716.0
46523.0,Netherlands,2010.0,nl,6.363,1500000.0,5.0,2.0,2.0,Action,December,9.0,0.2689,0.1664,0.0277,6.363,8786756.0
39693.0,Hong Kong,2010.0,zh,7.5,0.0,5.0,3.0,1.0,Comedy,March,11.0,0.3071,0.0753,0.0057,7.5,6933474.0
35428.0,"Russia, Ukraine",2010.0,ru,7.257,1950000.0,5.0,1.0,1.0,Comedy,March,4.0,0.3042,0.0862,0.0074,7.257,12005838.0
35716.0,United States of America,2010.0,en,6.1,7000000.0,5.0,3.0,1.0,Drama,January,29.0,0.2373,0.209,0.0437,6.1,515065.0
51306.0,China,2010.0,zh,6.9,50000000.0,5.0,1.0,1.0,Comedy,June,4.0,0.2864,0.1341,0.018,6.9,500000.0
42966.0,India,2010.0,hi,6.6,19000000.0,5.0,3.0,1.0,Drama,July,30.0,0.2778,0.1511,0.0228,6.6,8300000.0
47088.0,"France, United States of America",2010.0,en,5.8,7000000.0,5.0,1.0,2.0,Comedy,August,1.0,0.2777,0.1512,0.0229,5.8,453079.0
36699.0,Russia,2010.0,ru,5.3,0.0,5.0,4.0,1.0,War,February,18.0,0.2845,0.1381,0.0191,5.3,8910819.0
27004.0,United States of America,2010.0,en,5.9,7000000.0,5.0,4.0,1.0,Crime,March,1.0,0.2862,0.1345,0.0181,5.9,46488.0
55758.0,South Korea,2010.0,ko,6.9,0.0,5.0,3.0,1.0,Thriller,October,14.0,0.2636,0.1747,0.0305,6.9,8101240.0
316776.0,Uganda,2010.0,en,6.6,200.0,5.0,3.0,1.0,Action,March,1.0,0.2621,0.177,0.0313,6.6,200.0
47261.0,"Argentina, Chile, France, South Korea, Spain",2010.0,es,6.7,0.0,5.0,3.0,1.0,Thriller,May,6.0,0.2916,0.1223,0.015,6.7,9961838.0
45839.0,United States of America,2010.0,en,4.5,4000000.0,5.0,4.0,1.0,Comedy,December,17.0,0.2566,0.1848,0.0341,4.5,1309580.0
36696.0,"United States of America, Russia",2010.0,ru,5.2,25000000.0,5.0,2.0,2.0,Family,March,18.0,0.2911,0.1236,0.0153,5.2,8553835.0
47557.0,Russia,2010.0,ru,5.8,11000000.0,5.0,1.0,1.0,Drama,September,23.0,0.2822,0.1428,0.0204,5.8,5380142.0
51875.0,United States of America,2010.0,en,5.2,0.0,5.0,2.0,1.0,Crime,June,10.0,0.2828,0.1414,0.02,5.2,90647.0
60556.0,Italy,2010.0,it,4.4,0.0,5.0,1.0,1.0,Comedy,December,20.0,0.2469,0.1976,0.039,4.4,19640073.0
62756.0,India,2010.0,ta,6.701,2200000.0,5.0,3.0,1.0,Action,May,28.0,0.2855,0.1359,0.0185,6.701,9700000.0
36298.0,Italy,2010.0,it,5.6,0.0,5.0,2.0,1.0,Comedy,January,5.0,0.2986,0.1042,0.0109,5.6,22039646.0
44566.0,India,2010.0,hi,6.0,6400000.0,5.0,3.0,1.0,Comedy,September,24.0,0.2658,0.1712,0.0293,6.0,5900000.0
37832.0,France,2010.0,fr,5.8,3000000.0,5.0,1.0,2.0,Comedy,April,21.0,0.3053,0.0823,0.0068,5.8,7100000.0
38325.0,Russia,2010.0,ru,6.491,2500000.0,5.0,2.0,1.0,Drama,February,17.0,0.2785,0.1497,0.0224,6.491,622644.0
52939.0,Russia,2010.0,ru,6.239,3000000.0,5.0,4.0,1.0,Animation,December,29.0,0.3031,0.0901,0.0081,6.239,20157447.0
69597.0,India,2010.0,ta,6.552,7500000.0,5.0,2.0,1.0,Action,January,14.0,0.266,0.1709,0.0292,6.552,20000000.0
89704.0,Germany,2010.0,en,7.3,0.0,5.0,1.0,2.0,Documentary,September,3.0,0.2448,0.2002,0.0401,7.3,338987.0
51764.0,United States of America,2010.0,en,5.7,0.0,5.0,2.0,1.0,Comedy,June,8.0,0.271,0.163,0.0266,5.7,5980.0
57521.0,Spain,2010.0,ca,6.7,6000000.0,5.0,2.0,1.0,Crime,October,10.0,0.2801,0.1468,0.0216,6.7,3770657.0
46953.0,Sweden,2010.0,sv,6.622,0.0,5.0,1.0,1.0,Drama,September,10.0,0.3087,0.0688,0.0047,6.622,2921178.0
67198.0,United States of America,2010.0,en,6.7,0.0,5.0,2.0,1.0,Drama,February,6.0,0.3052,0.0828,0.0069,6.7,12971.0
42882.0,Italy,2010.0,it,5.5,0.0,5.0,1.0,1.0,Comedy,April,2.0,0.2718,0.1616,0.0261,5.5,6161728.0
31035.0,Norway,2010.0,no,6.571,0.0,5.0,3.0,1.0,Comedy,March,19.0,0.2894,0.1274,0.0162,6.571,1853321.0
55151.0,Romania,2010.0,ro,6.5,0.0,5.0,2.0,1.0,Drama,September,17.0,0.2909,0.1239,0.0154,6.5,20666.0
54524.0,"Austria, Germany",2010.0,de,6.5,3900000.0,5.0,3.0,1.0,Drama,February,26.0,0.2853,0.1364,0.0186,6.5,208475.0
45022.0,United States of America,2010.0,en,5.8,0.0,5.0,1.0,1.0,Drama,May,21.0,0.2753,0.1556,0.0242,5.8,744000.0
49850.0,"Germany, Italy, France",2010.0,it,6.5,0.0,5.0,2.0,1.0,Drama,November,5.0,0.283,0.1412,0.0199,6.5,1700000.0
55246.0,United States of America,2010.0,en,5.1,0.0,5.0,2.0,1.0,Comedy,October,8.0,0.2882,0.13,0.0169,5.1,22270.0
48748.0,Denmark,2010.0,da,6.512,0.0,5.0,1.0,1.0,Comedy,December,16.0,0.2902,0.1257,0.0158,6.512,13273759.0
60604.0,Japan,2010.0,ja,7.5,5500000.0,5.0,2.0,1.0,Romance,August,21.0,0.1947,0.2492,0.0621,7.5,33020000.0
43942.0,United States of America,2010.0,en,6.1,3000000.0,5.0,1.0,6.0,Documentary,October,1.0,0.2402,0.2057,0.0423,6.1,103735.0
45595.0,"France, India, Israel, Italy, United States of America",2010.0,en,5.8,0.0,5.0,2.0,1.0,Drama,September,15.0,0.2592,0.1811,0.0328,5.8,1132843.0
44155.0,France,2010.0,fr,5.2,0.0,5.0,1.0,1.0,Comedy,July,7.0,0.3011,0.0967,0.0094,5.2,11081555.0
43609.0,"France, United States of America",2010.0,en,6.254,1600000.0,5.0,2.0,1.0,Comedy,April,7.0,0.2268,0.2204,0.0486,6.254,300849.0
46788.0,"France, United Kingdom",2010.0,en,5.3,0.0,5.0,2.0,1.0,Comedy,May,7.0,0.3002,0.0995,0.0099,5.3,24998.0
51273.0,Russia,2010.0,ru,4.4,3000000.0,5.0,3.0,1.0,Fantasy,October,7.0,0.3023,0.0928,0.0086,4.4,8628997.0
89495.0,Venezuela,2010.0,es,7.6,0.0,5.0,2.0,1.0,Thriller,October,8.0,0.3055,0.0815,0.0066,7.6,2.0
51423.0,"Denmark, Finland, Sweden",2010.0,sv,6.5,3000000.0,5.0,1.0,1.0,Drama,December,10.0,0.2963,0.1105,0.0122,6.5,4800080.0
62077.0,"Argentina, Spain, France, Sweden",2010.0,es,6.0,4364700.0,5.0,3.0,1.0,Thriller,October,9.0,0.261,0.1786,0.0319,6.0,486756.0
49679.0,India,2010.0,hi,5.2,10000000.0,5.0,3.0,1.0,Comedy,November,5.0,0.2835,0.1402,0.0196,5.2,5000000.0
47607.0,United States of America,2010.0,en,5.7,65000.0,5.0,3.0,1.0,Romance,November,12.0,0.2982,0.1054,0.0111,5.7,416498.0
45535.0,France,2010.0,fr,6.0,17289533.0,5.0,1.0,1.0,Comedy,June,16.0,0.2935,0.1176,0.0138,6.0,8929413.0
42918.0,United States of America,2010.0,en,6.612,0.0,5.0,2.0,1.0,Documentary,July,9.0,0.2896,0.1271,0.0161,6.612,178174.0
37941.0,India,2010.0,ta,7.6,3000000.0,5.0,2.0,1.0,Drama,February,26.0,0.2654,0.172,0.0296,7.6,12000000.0
42151.0,United Kingdom,2010.0,en,6.184,31192.0,5.0,2.0,1.0,Crime,July,30.0,0.2827,0.1418,0.0201,6.184,10000.0
63430.0,India,2010.0,te,6.8,1700000.0,5.0,2.0,1.0,Romance,February,26.0,0.248,0.1962,0.0385,6.8,2800000.0
57186.0,Serbia,2010.0,sr,6.104,500000.0,5.0,3.0,1.0,Action,October,6.0,0.282,0.143,0.0205,6.104,288512.0
65056.0,United States of America,2010.0,en,5.347,0.0,5.0,2.0,1.0,Drama,May,21.0,0.2948,0.1145,0.0131,5.347,96868.0
29888.0,India,2010.0,hi,5.5,5600000.0,5.0,3.0,1.0,Comedy,January,8.0,0.2746,0.1569,0.0246,5.5,2700000.0
53256.0,Germany,2010.0,de,6.1,0.0,5.0,3.0,1.0,Romance,December,23.0,0.2838,0.1395,0.0194,6.1,2611555.0
44565.0,India,2010.0,hi,5.6,7500000.0,5.0,2.0,1.0,Comedy,July,23.0,0.2496,0.1941,0.0377,5.6,10000000.0
58251.0,"France, United States of America",2010.0,en,6.6,0.0,5.0,2.0,2.0,Drama,April,28.0,0.2958,0.1118,0.0125,6.6,20728.0
57209.0,Russia,2010.0,ru,7.2,100000.0,5.0,3.0,1.0,Comedy,December,12.0,0.2828,0.1414,0.02,7.2,621262.0
31059.0,Russia,2010.0,ru,4.7,2000000.0,5.0,1.0,1.0,Comedy,January,20.0,0.2976,0.1068,0.0114,4.7,22212223.0
73479.0,United States of America,2010.0,en,4.4,0.0,5.0,3.0,1.0,Drama,September,9.0,0.2897,0.1269,0.0161,4.4,4100000.0
44978.0,India,2010.0,hi,5.4,4800000.0,5.0,2.0,1.0,Comedy,November,5.0,0.2885,0.1296,0.0168,5.4,20000000.0
38883.0,France,2010.0,fr,4.5,0.0,5.0,3.0,1.0,Comedy,January,3.0,0.2769,0.1528,0.0233,4.5,3807808.0
43212.0,South Korea,2010.0,ko,6.8,800000.0,5.0,3.0,1.0,Romance,May,20.0,0.2863,0.1343,0.018,6.8,4214668.0
39806.0,United States of America,2010.0,en,5.738,9000000.0,5.0,1.0,1.0,Drama,May,14.0,0.2724,0.1606,0.0258,5.738,771499.0
50716.0,Japan,2010.0,ja,7.4,0.0,5.0,4.0,2.0,Animation,January,23.0,0.2868,0.1333,0.0178,7.4,2473891.0
56853.0,"France, Italy",2010.0,it,6.5,7000000.0,5.0,3.0,1.0,History,November,12.0,0.2895,0.1273,0.0162,6.5,2124145.0
44246.0,"France, Germany, Turkey",2010.0,de,6.9,0.0,5.0,2.0,1.0,Drama,March,11.0,0.2984,0.1047,0.011,6.9,1338132.0
40777.0,India,2010.0,hi,5.9,4400000.0,5.0,3.0,1.0,Comedy,June,30.0,0.3026,0.092,0.0085,5.9,12000000.0
56928.0,United States of America,2010.0,en,5.4,5000000.0,5.0,3.0,1.0,Comedy,June,4.0,0.2879,0.1309,0.0171,5.4,33042.0
158921.0,Brazil,2010.0,pt,7.9,0.0,5.0,2.0,1.0,Comedy,August,19.0,0.3009,0.0973,0.0095,7.9,107742.0
44613.0,India,2010.0,hi,5.9,4500000.0,5.0,3.0,1.0,Action,August,20.0,0.2779,0.1509,0.0228,5.9,5000000.0
56540.0,China,2010.0,zh,5.808,0.0,5.0,3.0,1.0,Comedy,December,22.0,0.3002,0.0994,0.0099,5.808,76100000.0
43615.0,Brazil,2010.0,pt,5.5,9500000.0,5.0,2.0,2.0,Drama,January,1.0,0.2496,0.1941,0.0377,5.5,3785593.0
52013.0,United States of America,2010.0,en,7.2,0.0,5.0,1.0,1.0,Documentary,March,12.0,0.2942,0.1159,0.0134,7.2,58.0
119441.0,Japan,2010.0,ja,7.0,250000.0,5.0,3.0,1.0,Animation,June,5.0,0.3,0.1,0.01,7.0,1950000.0
59728.0,United States of America,2010.0,en,5.6,6000000.0,5.0,1.0,1.0,Drama,April,8.0,0.2725,0.1605,0.0258,5.6,399611.0
46504.0,United States of America,2010.0,en,5.4,60000.0,5.0,3.0,1.0,Drama,March,28.0,0.2534,0.1892,0.0358,5.4,35556.0
58884.0,United States of America,2010.0,en,5.838,0.0,5.0,1.0,1.0,Drama,April,9.0,0.2949,0.1141,0.013,5.838,13826.0
12445.0,"United Kingdom, United States of America",2011.0,en,8.089,125000000.0,5.0,2.0,1.0,Fantasy,July,12.0,0.248,0.1962,0.0385,8.089,1341511219.0
1865.0,"United Kingdom, United States of America",2011.0,en,6.556,379000000.0,5.0,3.0,1.0,Adventure,May,15.0,0.2335,0.2133,0.0455,6.556,1046721266.0
50619.0,United States of America,2011.0,en,6.196,110000000.0,5.0,3.0,1.0,Adventure,November,16.0,0.2937,0.1172,0.0137,6.196,712171856.0
49013.0,United States of America,2011.0,en,6.136,200000000.0,5.0,4.0,1.0,Animation,June,11.0,0.286,0.1348,0.0182,6.136,559852396.0
1771.0,United States of America,2011.0,en,7.0,140000000.0,5.0,3.0,1.0,Action,July,22.0,0.3031,0.0901,0.0081,7.0,370569774.0
10195.0,United States of America,2011.0,en,6.8,150000000.0,5.0,3.0,1.0,Adventure,April,21.0,0.2717,0.1617,0.0262,6.8,449326618.0
39254.0,"United States of America, India",2011.0,en,7.046,110000000.0,5.0,3.0,1.0,Action,September,28.0,0.2954,0.1128,0.0127,7.046,299300000.0
77338.0,France,2011.0,fr,8.273,13000000.0,5.0,2.0,2.0,Drama,November,2.0,0.2988,0.1035,0.0107,8.273,426590315.0
45243.0,United States of America,2011.0,en,6.5,80000000.0,5.0,1.0,1.0,Comedy,May,25.0,0.2887,0.1291,0.0167,6.5,586764305.0
44896.0,"United Kingdom, United States of America",2011.0,en,6.867,135000000.0,5.0,5.0,1.0,Animation,March,2.0,0.3061,0.0795,0.0063,6.867,245700000.0
417859.0,United States of America,2011.0,en,6.569,130000000.0,5.0,5.0,1.0,Animation,October,27.0,0.2886,0.1293,0.0167,6.569,554987477.0
50014.0,United States of America,2011.0,en,8.2,25000000.0,5.0,1.0,1.0,Drama,August,9.0,0.2772,0.1521,0.0231,8.2,216600000.0
56292.0,United States of America,2011.0,en,7.093,145000000.0,5.0,3.0,1.0,Action,December,7.0,0.2749,0.1564,0.0245,7.093,694713380.0
49444.0,United States of America,2011.0,en,7.0,150000000.0,5.0,3.0,1.0,Animation,May,25.0,0.2694,0.1656,0.0274,7.0,665692281.0
50546.0,United States of America,2011.0,en,6.7,80000000.0,5.0,2.0,1.0,Comedy,February,10.0,0.307,0.076,0.0058,6.7,214945591.0
46195.0,United States of America,2011.0,en,6.7,90000000.0,5.0,4.0,1.0,Animation,April,3.0,0.267,0.1695,0.0287,6.7,483866772.0
27582.0,United States of America,2011.0,en,6.518,40000000.0,5.0,3.0,1.0,Action,January,13.0,0.2882,0.1301,0.0169,6.518,51070807.0
41446.0,United States of America,2011.0,en,6.5,40000000.0,5.0,2.0,1.0,Horror,April,13.0,0.2772,0.1523,0.0232,6.5,97231420.0
49018.0,"Canada, United States of America",2011.0,en,6.939,1500000.0,5.0,2.0,1.0,Horror,March,31.0,0.292,0.1214,0.0147,6.939,100106454.0
63311.0,Spain,2011.0,es,7.5,13000000.0,5.0,4.0,1.0,Drama,August,17.0,0.277,0.1525,0.0233,7.5,33750478.0
62835.0,France,2011.0,en,6.634,40000000.0,5.0,4.0,1.0,Action,July,27.0,0.2964,0.1102,0.0121,6.634,71508440.0
55779.0,United States of America,2011.0,en,6.095,40000000.0,5.0,2.0,1.0,Horror,August,12.0,0.2848,0.1375,0.0189,6.095,157887643.0
38321.0,United States of America,2011.0,en,5.817,60000000.0,5.0,4.0,1.0,Action,May,5.0,0.276,0.1543,0.0238,5.817,78309131.0
50646.0,United States of America,2011.0,en,7.3,50000000.0,5.0,3.0,2.0,Comedy,July,29.0,0.2976,0.1069,0.0114,7.3,145079584.0
51876.0,United States of America,2011.0,en,7.191,27000000.0,5.0,3.0,1.0,Thriller,March,17.0,0.2882,0.1301,0.0169,7.191,161900000.0
49530.0,United States of America,2011.0,en,6.97,40000000.0,5.0,3.0,1.0,Action,October,27.0,0.2573,0.1838,0.0338,6.97,173900000.0
61791.0,"United Kingdom, United States of America",2011.0,en,7.3,93000000.0,5.0,4.0,1.0,Thriller,August,3.0,0.2871,0.1325,0.0176,7.3,481800873.0
64690.0,United States of America,2011.0,en,7.58,15000000.0,5.0,3.0,1.0,Drama,September,15.0,0.2887,0.1291,0.0167,7.58,78100000.0
74997.0,Netherlands,2011.0,en,4.8,0.0,5.0,3.0,1.0,Drama,October,6.0,0.2967,0.1094,0.012,4.8,170323.0
49730.0,"Canada, United States of America",2011.0,en,6.0,42000000.0,5.0,5.0,1.0,Thriller,March,10.0,0.2668,0.1697,0.0288,6.0,89162162.0
39513.0,"United Kingdom, United States of America",2011.0,en,6.7,40000000.0,5.0,3.0,1.0,Adventure,February,14.0,0.2574,0.1836,0.0337,6.7,98000000.0
51828.0,"United Kingdom, United States of America",2011.0,en,7.422,15000000.0,5.0,2.0,1.0,Drama,March,2.0,0.2537,0.1888,0.0357,7.422,59400000.0
71859.0,"United Kingdom, United States of America",2011.0,en,7.5,7000000.0,5.0,2.0,1.0,Drama,September,28.0,0.2796,0.1477,0.0218,7.5,10800000.0
41513.0,United States of America,2011.0,en,5.8,110000000.0,5.0,5.0,1.0,Animation,July,29.0,0.2636,0.1746,0.0305,5.8,563749323.0
71676.0,"United Arab Emirates, United States of America",2011.0,en,5.008,57000000.0,5.0,3.0,2.0,Action,December,10.0,0.2691,0.1661,0.0276,5.008,132563930.0
65754.0,"Sweden, United States of America",2011.0,en,7.4,90000000.0,5.0,3.0,1.0,Thriller,December,14.0,0.2565,0.185,0.0342,7.4,232617430.0
46529.0,"India, United States of America",2011.0,en,6.18,50000000.0,5.0,4.0,1.0,Action,February,18.0,0.2758,0.1547,0.0239,6.18,149900000.0
58574.0,United States of America,2011.0,en,7.139,125000000.0,5.0,4.0,1.0,Adventure,November,22.0,0.2892,0.1279,0.0164,7.139,334615000.0
37958.0,United States of America,2011.0,en,6.0,75000000.0,5.0,3.0,1.0,Fantasy,November,10.0,0.2874,0.132,0.0174,6.0,226904017.0
17578.0,"New Zealand, United States of America",2011.0,en,6.899,130000000.0,5.0,3.0,1.0,Adventure,October,24.0,0.2769,0.1528,0.0233,6.899,373993951.0
44943.0,United States of America,2011.0,en,5.799,70000000.0,5.0,2.0,1.0,Science Fiction,March,8.0,0.3039,0.0874,0.0076,5.799,211800000.0
59436.0,"France, Spain, United States of America",2011.0,en,7.5,17000000.0,5.0,3.0,1.0,Fantasy,May,11.0,0.3012,0.0962,0.0093,7.5,151119219.0
75624.0,Japan,2011.0,ja,7.2,0.0,5.0,6.0,1.0,Thriller,July,30.0,0.2981,0.1054,0.0111,7.2,9065101.0
41630.0,United States of America,2011.0,en,6.3,25000000.0,5.0,2.0,1.0,Comedy,January,21.0,0.299,0.103,0.0106,6.3,149200000.0
50544.0,United States of America,2011.0,en,6.7,35000000.0,5.0,2.0,1.0,Romance,July,21.0,0.2778,0.1511,0.0228,6.7,149500000.0
55721.0,United States of America,2011.0,en,6.523,32500000.0,5.0,2.0,1.0,Comedy,May,13.0,0.2918,0.1219,0.0149,6.523,288383523.0
45612.0,"Canada, France, United States of America",2011.0,en,7.302,32000000.0,5.0,3.0,1.0,Thriller,March,30.0,0.2309,0.216,0.0467,7.302,147332697.0
44912.0,United States of America,2011.0,en,5.2,200000000.0,5.0,4.0,1.0,Adventure,June,14.0,0.2612,0.1783,0.0318,5.2,219851172.0
59440.0,United States of America,2011.0,en,7.842,25000000.0,5.0,2.0,1.0,Drama,September,9.0,0.2769,0.1528,0.0233,7.842,23300000.0
55846.0,"France, United Kingdom, United States of America",2011.0,en,6.177,15774948.0,5.0,3.0,1.0,Crime,May,20.0,0.2917,0.122,0.0149,6.177,15800000.0
50839.0,United States of America,2011.0,en,6.9,3500000.0,5.0,2.0,1.0,Thriller,September,28.0,0.2946,0.115,0.0132,6.9,19504039.0
55301.0,United States of America,2011.0,en,5.7,75000000.0,5.0,5.0,1.0,Comedy,December,14.0,0.2946,0.1149,0.0132,5.7,342695435.0
116322.0,Mexico,2011.0,es,7.777,0.0,5.0,4.0,1.0,Family,October,21.0,0.2949,0.1141,0.013,7.777,3900000.0
60307.0,United States of America,2011.0,en,6.6,21000000.0,5.0,2.0,1.0,Family,March,25.0,0.3003,0.0992,0.0098,6.6,72526996.0
81481.0,South Korea,2011.0,ko,8.1,2200000.0,5.0,1.0,1.0,Drama,September,22.0,0.2706,0.1637,0.0268,8.1,31500000.0
37430.0,United States of America,2011.0,en,5.3,90000000.0,5.0,3.0,1.0,Adventure,August,17.0,0.2879,0.1307,0.0171,5.3,63523283.0
23047.0,United States of America,2011.0,en,5.5,40000000.0,5.0,3.0,1.0,Adventure,January,7.0,0.2789,0.149,0.0222,5.5,91627228.0
51540.0,United States of America,2011.0,en,6.6,35000000.0,5.0,2.0,1.0,Comedy,July,8.0,0.2735,0.1587,0.0252,6.6,209838559.0
37686.0,United States of America,2011.0,en,6.8,50000000.0,5.0,3.0,1.0,Thriller,June,8.0,0.2294,0.2177,0.0474,6.8,260100000.0
68817.0,United States of America,2011.0,en,6.6,24000000.0,5.0,3.0,1.0,Drama,October,6.0,0.2916,0.1224,0.015,6.6,63543328.0
49520.0,United States of America,2011.0,en,6.152,52000000.0,5.0,1.0,1.0,Comedy,August,5.0,0.3035,0.0889,0.0079,6.152,75500000.0
74465.0,United States of America,2011.0,en,6.8,50000000.0,5.0,3.0,1.0,Drama,December,8.0,0.2651,0.1723,0.0297,6.8,120081841.0
50348.0,United States of America,2011.0,en,7.2,40000000.0,5.0,3.0,1.0,Crime,March,17.0,0.287,0.1328,0.0176,7.2,85412898.0
60935.0,United States of America,2011.0,en,6.2,35000000.0,5.0,3.0,1.0,Horror,October,12.0,0.2916,0.1223,0.015,6.2,31505287.0
23629.0,"Canada, United States of America",2011.0,en,6.2,82000000.0,5.0,3.0,1.0,Action,March,24.0,0.2964,0.1103,0.0122,6.2,89792502.0
76025.0,"Canada, United Kingdom",2011.0,en,6.9,6500000.0,5.0,1.0,1.0,Drama,October,2.0,0.2995,0.1016,0.0103,6.9,3909002.0
49021.0,"Australia, United States of America",2011.0,en,6.3,66000000.0,5.0,3.0,1.0,Action,September,22.0,0.2602,0.1797,0.0323,6.3,57777106.0
72213.0,United States of America,2011.0,en,7.6,1000000.0,5.0,1.0,1.0,Drama,September,30.0,0.2852,0.1367,0.0187,7.6,35690739.0
74308.0,United States of America,2011.0,en,7.6,0.0,5.0,1.0,1.0,Drama,April,24.0,0.2887,0.1291,0.0167,7.6,1681521.0
74513.0,France,2011.0,fr,6.7,10000000.0,5.0,3.0,1.0,Action,November,2.0,0.2828,0.1414,0.02,6.7,3424648.0
58233.0,"United Kingdom, United States of America",2011.0,en,6.2,45000000.0,5.0,3.0,1.0,Crime,September,15.0,0.2793,0.1483,0.022,6.2,160078586.0
56288.0,United States of America,2011.0,en,4.7,27000000.0,5.0,7.0,1.0,Family,August,18.0,0.2976,0.1069,0.0114,4.7,85564310.0
38322.0,United States of America,2011.0,en,5.5,32000000.0,5.0,3.0,1.0,Crime,February,16.0,0.2887,0.1291,0.0167,5.5,82686066.0
49849.0,"India, United States of America",2011.0,en,5.621,163000000.0,5.0,4.0,1.0,Action,July,29.0,0.2741,0.1578,0.0249,5.621,174822325.0
38050.0,United States of America,2011.0,en,6.762,50200000.0,5.0,3.0,1.0,Science Fiction,March,3.0,0.2714,0.1624,0.0264,6.762,127900000.0
60308.0,United States of America,2011.0,en,7.3,50000000.0,5.0,1.0,1.0,Drama,September,23.0,0.2294,0.2177,0.0474,7.3,110206216.0
65759.0,"Australia, United States of America",2011.0,en,6.2,130000000.0,5.0,3.0,1.0,Animation,November,17.0,0.2741,0.1576,0.0248,6.2,150406466.0
58428.0,United States of America,2011.0,en,5.399,750000.0,5.0,2.0,1.0,Horror,August,18.0,0.2667,0.17,0.0289,5.399,78396.0
57212.0,"India, United States of America",2011.0,en,7.3,66000000.0,5.0,3.0,1.0,War,December,25.0,0.2343,0.2124,0.0451,7.3,177584879.0
39538.0,"United States of America, United Arab Emirates",2011.0,en,6.6,60000000.0,5.0,3.0,1.0,Drama,September,8.0,0.2785,0.1497,0.0224,6.6,137551594.0
52449.0,United States of America,2011.0,en,5.6,20000000.0,5.0,1.0,1.0,Comedy,May,16.0,0.2612,0.1782,0.0318,5.6,216197492.0
50321.0,United States of America,2011.0,en,5.949,150000000.0,5.0,3.0,1.0,Adventure,March,9.0,0.2935,0.1177,0.0138,5.949,39000000.0
48340.0,"United States of America, Australia",2011.0,en,6.0,30000000.0,5.0,2.0,1.0,Action,February,3.0,0.2751,0.156,0.0243,6.0,108609310.0
38543.0,"United Kingdom, United States of America",2011.0,en,6.1,25000000.0,5.0,4.0,1.0,Romance,March,3.0,0.2714,0.1623,0.0263,6.1,5151023.0
80662.0,Japan,2011.0,ja,6.9,0.0,5.0,3.0,1.0,Thriller,September,30.0,0.2994,0.1017,0.0103,6.9,246091.0
49517.0,"France, Germany, United Kingdom, Turkey",2011.0,en,6.621,30000000.0,5.0,3.0,1.0,Drama,September,16.0,0.2977,0.1067,0.0114,6.621,80600000.0
59860.0,United States of America,2011.0,en,6.6,20000000.0,5.0,3.0,1.0,Adventure,July,1.0,0.2919,0.1216,0.0148,6.6,39800000.0
44826.0,"United Kingdom, United States of America",2011.0,en,7.2,170000000.0,5.0,3.0,1.0,Adventure,November,22.0,0.2469,0.1976,0.039,7.2,185770160.0
45772.0,"United Kingdom, United States of America, Canada",2011.0,en,5.862,36000000.0,5.0,2.0,1.0,Animation,January,13.0,0.3035,0.0887,0.0079,5.862,189712432.0
72571.0,United States of America,2011.0,en,5.9,5000000.0,5.0,2.0,2.0,Horror,October,19.0,0.2828,0.1414,0.02,5.9,207039844.0
38317.0,United States of America,2011.0,en,5.42,80000000.0,5.0,3.0,1.0,Comedy,July,6.0,0.2888,0.1288,0.0166,5.42,169900000.0
71469.0,"United States of America, Russia",2011.0,en,5.3,30000000.0,5.0,4.0,1.0,Horror,December,22.0,0.2722,0.1609,0.0259,5.3,64626786.0
57089.0,United States of America,2011.0,en,5.1,30000000.0,5.0,3.0,1.0,Comedy,April,29.0,0.2701,0.1645,0.0271,5.1,13500000.0
52451.0,"United States of America, United Kingdom, Germany, France",2011.0,en,5.8,75000000.0,5.0,3.0,1.0,Adventure,August,31.0,0.2757,0.1548,0.024,5.8,132274484.0
10316.0,United States of America,2011.0,en,6.7,12500000.0,5.0,1.0,1.0,Drama,October,7.0,0.2728,0.1599,0.0256,6.7,76338111.0
71880.0,"Spain, United States of America",2011.0,en,4.4,79000000.0,5.0,2.0,1.0,Comedy,November,11.0,0.2829,0.1413,0.02,4.4,149700000.0
58224.0,United States of America,2011.0,en,6.0,55000000.0,5.0,2.0,1.0,Comedy,June,17.0,0.2683,0.1673,0.028,6.0,187361754.0
59108.0,United States of America,2011.0,en,6.106,75000000.0,5.0,2.0,1.0,Action,November,2.0,0.3011,0.0966,0.0093,6.106,152930623.0
58151.0,"India, United States of America",2011.0,en,6.2,30000000.0,5.0,2.0,1.0,Horror,August,18.0,0.2495,0.1943,0.0378,6.2,41002607.0
40805.0,United States of America,2011.0,en,5.584,120000000.0,5.0,3.0,1.0,Action,January,12.0,0.291,0.1238,0.0153,5.584,227817248.0
59861.0,"France, United States of America",2011.0,en,6.0,30000000.0,5.0,3.0,1.0,Comedy,June,30.0,0.2722,0.1609,0.0259,6.0,75055070.0
64586.0,Australia,2011.0,en,5.3,10000000.0,5.0,2.0,1.0,Drama,June,10.0,0.2598,0.1803,0.0325,5.3,408680.0
48138.0,United States of America,2011.0,en,6.678,30000000.0,5.0,3.0,1.0,Action,February,16.0,0.2943,0.1158,0.0134,6.678,130786397.0
62838.0,United States of America,2011.0,en,5.9,56000000.0,5.0,2.0,1.0,Comedy,December,8.0,0.2619,0.1772,0.0314,5.9,142000000.0
101173.0,"Italy, Montenegro, Serbia, United States of America",2011.0,en,5.853,7700000.0,5.0,2.0,1.0,Drama,February,14.0,0.2807,0.1456,0.0212,5.853,1072602.0
48171.0,"United States of America, Hungary",2011.0,en,6.105,37000000.0,5.0,3.0,1.0,Drama,January,28.0,0.2985,0.1044,0.0109,6.105,96047633.0
48988.0,United States of America,2011.0,en,5.7,36000000.0,5.0,2.0,2.0,Comedy,February,25.0,0.2811,0.1449,0.021,5.7,83200000.0
49022.0,United States of America,2011.0,en,6.3,35000000.0,5.0,3.0,1.0,Comedy,May,5.0,0.3052,0.0826,0.0068,6.3,65090821.0
59965.0,United States of America,2011.0,en,5.86,35000000.0,5.0,3.0,1.0,Thriller,September,22.0,0.272,0.1614,0.026,5.86,82087155.0
47327.0,United States of America,2011.0,en,5.533,50000000.0,5.0,4.0,1.0,Fantasy,February,24.0,0.2683,0.1673,0.028,5.533,40909909.0
51162.0,United States of America,2011.0,en,6.9,30000000.0,5.0,4.0,2.0,Animation,April,6.0,0.2667,0.17,0.0289,6.9,14460000.0
50359.0,"Japan, United States of America",2011.0,en,5.766,63000000.0,5.0,3.0,1.0,Animation,March,30.0,0.2866,0.1337,0.0179,5.766,183953723.0
45610.0,United States of America,2011.0,en,6.7,30000000.0,5.0,3.0,1.0,Action,September,23.0,0.2869,0.1331,0.0177,6.7,2527904.0
65055.0,United States of America,2011.0,en,4.992,28000000.0,5.0,2.0,1.0,Thriller,September,2.0,0.2915,0.1225,0.015,4.992,10126458.0
67913.0,"Ireland, United Kingdom, United States of America",2011.0,en,7.0,6000000.0,5.0,4.0,1.0,Action,July,7.0,0.3008,0.0976,0.0095,7.0,19560274.0
76758.0,"China, Hong Kong",2011.0,zh,7.5,94000000.0,5.0,3.0,1.0,Drama,December,15.0,0.2765,0.1534,0.0235,7.5,95311434.0
77617.0,Japan,2011.0,ja,7.1,0.0,5.0,4.0,2.0,Animation,April,16.0,0.2817,0.1437,0.0207,7.1,42808575.0
38684.0,United Kingdom,2011.0,en,7.212,13000000.0,5.0,2.0,1.0,Drama,March,11.0,0.3097,0.0641,0.0041,7.212,34710627.0
77459.0,France,2011.0,fr,6.881,25000000.0,5.0,5.0,1.0,Adventure,October,12.0,0.2711,0.1629,0.0265,6.881,26611650.0
55465.0,United States of America,2011.0,en,6.0,19000000.0,5.0,1.0,1.0,Comedy,November,4.0,0.3001,0.0997,0.0099,6.0,36192775.0
70435.0,United States of America,2011.0,en,5.701,23000000.0,5.0,3.0,1.0,Action,November,1.0,0.3093,0.066,0.0044,5.701,33372606.0
83389.0,Japan,2011.0,ja,7.537,22000000.0,5.0,2.0,1.0,Animation,July,16.0,0.2566,0.1848,0.0342,7.537,61037844.0
51052.0,"United Kingdom, United States of America",2011.0,en,6.8,10000000.0,5.0,4.0,1.0,Drama,November,10.0,0.3009,0.0974,0.0095,6.8,151300000.0
62215.0,"Denmark, France, Germany, Sweden",2011.0,en,7.171,7400000.0,5.0,2.0,1.0,Drama,May,26.0,0.2373,0.209,0.0437,7.171,15946321.0
49494.0,United States of America,2011.0,en,6.2,25000000.0,5.0,2.0,1.0,Adventure,February,8.0,0.295,0.1138,0.013,6.2,27122040.0
62206.0,United States of America,2011.0,en,5.782,28000000.0,5.0,3.0,1.0,Action,August,11.0,0.2879,0.1307,0.0171,5.782,40500000.0
63492.0,United States of America,2011.0,en,6.5,20000000.0,5.0,2.0,1.0,Comedy,September,30.0,0.2899,0.1264,0.016,6.5,30426096.0
38356.0,United States of America,2011.0,en,6.209,195000000.0,5.0,3.0,1.0,Action,June,28.0,0.285,0.1371,0.0188,6.209,1123794079.0
85621.0,Czech Republic,2011.0,cs,7.467,1130710.0,5.0,2.0,1.0,Comedy,August,25.0,0.3034,0.0893,0.008,7.467,6638849.0
70578.0,United States of America,2011.0,en,5.5,36000000.0,5.0,1.0,1.0,Thriller,October,13.0,0.301,0.0969,0.0094,5.5,9612469.0
55292.0,"China, Hong Kong",2011.0,zh,6.9,29000000.0,5.0,2.0,1.0,Action,January,20.0,0.2898,0.1266,0.016,6.9,33662874.0
88557.0,Japan,2011.0,ja,6.5,0.0,5.0,5.0,1.0,Animation,July,16.0,0.2764,0.1536,0.0236,6.5,28550000.0
8967.0,United States of America,2011.0,en,6.737,32000000.0,5.0,2.0,1.0,Drama,May,17.0,0.2742,0.1575,0.0248,6.737,54700000.0
115223.0,Japan,2011.0,ja,6.5,0.0,5.0,5.0,1.0,Animation,July,16.0,0.2942,0.1159,0.0134,6.5,28550000.0
50456.0,"Germany, United States of America",2011.0,en,6.6,30000000.0,5.0,3.0,1.0,Action,April,7.0,0.2971,0.1084,0.0118,6.6,63782078.0
64685.0,United States of America,2011.0,en,6.975,40000000.0,5.0,1.0,1.0,Drama,December,25.0,0.2995,0.1015,0.0103,6.975,55200000.0
69668.0,"Canada, United States of America",2011.0,en,6.182,50000000.0,5.0,3.0,1.0,Mystery,September,29.0,0.2848,0.1374,0.0189,6.182,39984400.0
61202.0,"India, Spain",2011.0,hi,7.6,7700000.0,5.0,3.0,1.0,Drama,July,15.0,0.2744,0.1572,0.0247,7.6,160000000.0
50837.0,United States of America,2011.0,en,6.616,1000000.0,5.0,2.0,1.0,Drama,October,21.0,0.3055,0.0817,0.0067,6.616,3500000.0
38117.0,United States of America,2011.0,en,6.3,17000000.0,5.0,3.0,1.0,Romance,January,21.0,0.25,0.1936,0.0375,6.3,43200000.0
65650.0,United States of America,2011.0,en,6.2,6000000.0,5.0,3.0,1.0,Drama,April,23.0,0.2741,0.1577,0.0249,6.2,5206.0
65057.0,United States of America,2011.0,en,6.8,20000000.0,5.0,2.0,1.0,Comedy,September,9.0,0.2753,0.1557,0.0242,6.8,177200000.0
57331.0,"Belgium, France, Hong Kong",2011.0,fr,5.873,21200000.0,5.0,3.0,1.0,Action,February,16.0,0.2588,0.1817,0.033,5.873,14400000.0
45156.0,United States of America,2011.0,en,6.4,0.0,5.0,3.0,1.0,Comedy,February,3.0,0.2886,0.1292,0.0167,6.4,1296937.0
40807.0,United States of America,2011.0,en,7.169,8000000.0,5.0,2.0,1.0,Comedy,September,30.0,0.2214,0.2258,0.051,7.169,39187783.0
77949.0,"United Kingdom, France",2011.0,en,6.372,4798235.0,5.0,3.0,1.0,Horror,August,17.0,0.2557,0.186,0.0346,6.372,6879667.0
64720.0,United States of America,2011.0,en,7.0,5000000.0,5.0,3.0,1.0,Thriller,September,30.0,0.2879,0.1309,0.0171,7.0,3741098.0
80518.0,Japan,2011.0,ja,6.8,0.0,5.0,5.0,1.0,Adventure,July,2.0,0.2925,0.1202,0.0145,6.8,7621364.0
81390.0,United Kingdom,2011.0,en,6.2,4000000.0,5.0,4.0,1.0,Adventure,April,9.0,0.2938,0.1169,0.0137,6.2,25345000.0
57431.0,United States of America,2011.0,en,5.6,25000000.0,5.0,1.0,1.0,Comedy,December,9.0,0.2927,0.1197,0.0143,5.6,34942188.0
64328.0,United States of America,2011.0,en,6.7,45000000.0,5.0,3.0,1.0,Comedy,November,22.0,0.2598,0.1803,0.0325,6.7,165184237.0
74998.0,United States of America,2011.0,en,5.912,17000000.0,5.0,3.0,1.0,Action,September,2.0,0.283,0.141,0.0199,5.912,14089528.0
75948.0,"China, Hong Kong",2011.0,zh,6.4,0.0,5.0,2.0,1.0,Action,September,27.0,0.2879,0.1309,0.0171,6.4,18445.0
120811.0,Japan,2011.0,ja,8.0,0.0,5.0,5.0,1.0,Animation,December,3.0,0.28,0.147,0.0216,8.0,21434003.0
64639.0,United States of America,2011.0,en,5.923,25000000.0,5.0,2.0,1.0,Drama,September,16.0,0.2969,0.1088,0.0118,5.923,10324441.0
48572.0,"Canada, United States of America",2011.0,en,6.1,4000000.0,5.0,3.0,1.0,Horror,August,19.0,0.2688,0.1666,0.0278,6.1,1104682.0
9364.0,United Kingdom,2011.0,en,5.9,5692172.0,5.0,2.0,1.0,Drama,September,9.0,0.2708,0.1633,0.0267,5.9,1742215.0
59678.0,"France, United Kingdom, United States of America",2011.0,en,6.5,14350531.0,5.0,3.0,1.0,Action,May,12.0,0.297,0.1085,0.0118,6.5,3964682.0
23514.0,"United Kingdom, United States of America",2011.0,en,5.9,45000000.0,5.0,2.0,1.0,Comedy,October,13.0,0.2939,0.1166,0.0136,5.9,24000000.0
62564.0,Norway,2011.0,no,6.336,3100000.0,5.0,2.0,1.0,Drama,August,19.0,0.2854,0.1361,0.0185,6.336,1743743.0
51209.0,United States of America,2011.0,en,6.8,0.0,5.0,4.0,1.0,Action,March,10.0,0.2798,0.1474,0.0217,6.8,1188194.0
43959.0,United States of America,2011.0,en,7.0,18000000.0,5.0,2.0,1.0,Family,April,8.0,0.3036,0.0886,0.0079,7.0,47088990.0
77495.0,Spain,2011.0,es,7.1,5000000.0,5.0,2.0,1.0,Thriller,October,14.0,0.3011,0.0965,0.0093,7.1,8791590.0
54897.0,United States of America,2011.0,en,7.2,200000.0,5.0,1.0,1.0,Drama,February,25.0,0.2556,0.1862,0.0347,7.2,2295733.0
48231.0,"Switzerland, United Kingdom, Germany, Canada",2011.0,en,6.4,15000000.0,5.0,2.0,1.0,Drama,September,30.0,0.2605,0.1793,0.0322,6.4,27462041.0
55787.0,United States of America,2011.0,en,6.9,38000000.0,5.0,2.0,1.0,Drama,April,15.0,0.2667,0.1699,0.0289,6.9,117094902.0
49950.0,United States of America,2011.0,en,5.4,16000000.0,5.0,3.0,1.0,Thriller,February,4.0,0.2682,0.1676,0.0281,5.4,52545707.0
60243.0,"France, Iran",2011.0,fa,7.9,5000000.0,5.0,1.0,1.0,Drama,February,15.0,0.3012,0.0964,0.0093,7.9,24426169.0
71688.0,"France, United Kingdom",2011.0,en,6.4,13000000.0,5.0,2.0,1.0,History,December,26.0,0.2619,0.1773,0.0314,6.4,115890792.0
74725.0,"United Kingdom, Australia, Sweden",2011.0,en,6.201,500000.0,5.0,3.0,1.0,Horror,September,2.0,0.2411,0.2046,0.0419,6.201,450275.0
85545.0,"France, Germany, Poland",2011.0,fr,5.4,4000000.0,5.0,1.0,1.0,Drama,September,9.0,0.2948,0.1145,0.0131,5.4,911466.0
74643.0,"Belgium, France",2011.0,fr,7.456,15000000.0,5.0,3.0,1.0,Drama,October,12.0,0.2899,0.1264,0.016,7.456,133432856.0
73936.0,United Kingdom,2011.0,en,5.604,0.0,5.0,3.0,1.0,Horror,October,14.0,0.2772,0.1523,0.0232,5.604,4498.0
86000.0,South Korea,2011.0,ko,7.8,0.0,5.0,2.0,1.0,Romance,October,20.0,0.25,0.1936,0.0375,7.8,6941450.0
55420.0,United States of America,2011.0,en,6.7,100000.0,5.0,2.0,1.0,Drama,July,22.0,0.275,0.1561,0.0244,6.7,1938783.0
62630.0,"Netherlands, Belgium",2011.0,en,6.7,19100000.0,5.0,5.0,1.0,Drama,February,11.0,0.2961,0.111,0.0123,6.7,5728213.0
38319.0,United States of America,2011.0,en,5.3,49900000.0,5.0,4.0,1.0,Comedy,April,8.0,0.2814,0.1443,0.0208,5.3,28013733.0
50725.0,"Germany, United States of America",2011.0,en,5.979,19000000.0,5.0,3.0,1.0,Comedy,March,4.0,0.2984,0.1048,0.011,5.979,6900000.0
67911.0,United States of America,2011.0,en,4.3,10000000.0,5.0,1.0,1.0,Comedy,September,9.0,0.3015,0.0952,0.0091,4.3,2500000.0
50357.0,"Canada, Russia, United States of America",2011.0,en,5.3,5000000.0,5.0,3.0,1.0,Horror,July,20.0,0.2776,0.1514,0.0229,5.3,25562924.0
89708.0,"Brazil, China, Denmark, Egypt, Ethiopia, Ghana, Indonesia, Italy, Japan, Jordan, Namibia, Saudi Arabia, South Korea, Thailand, United Arab Emirates, United States of America",2011.0,en,8.1,4000000.0,5.0,1.0,1.0,Documentary,September,16.0,0.2972,0.108,0.0117,8.1,2639616.0
59117.0,Spain,2011.0,es,5.5,7500000.0,5.0,3.0,1.0,Comedy,March,11.0,0.2921,0.1212,0.0147,5.5,29737384.0
75198.0,France,2011.0,fr,5.491,12000000.0,5.0,1.0,1.0,Comedy,October,5.0,0.25,0.1936,0.0375,5.491,9927260.0
94047.0,South Korea,2011.0,ko,7.852,25500000.0,5.0,4.0,1.0,Drama,December,21.0,0.2852,0.1366,0.0187,7.852,16653488.0
57157.0,United States of America,2011.0,en,5.8,12000000.0,5.0,2.0,1.0,Comedy,November,11.0,0.2803,0.1463,0.0214,5.8,22939027.0
74536.0,United States of America,2011.0,en,5.1,15000000.0,5.0,3.0,1.0,Drama,November,4.0,0.2443,0.2008,0.0403,5.1,618425.0
74879.0,"Bosnia and Herzegovina, Turkey",2011.0,tr,7.5,0.0,5.0,2.0,1.0,Drama,September,23.0,0.238,0.2082,0.0433,7.5,138730.0
45658.0,United States of America,2011.0,en,6.155,5000000.0,5.0,3.0,1.0,Comedy,May,13.0,0.2744,0.1572,0.0247,6.155,2614773.0
57120.0,United States of America,2011.0,en,6.5,0.0,5.0,2.0,1.0,Western,April,8.0,0.2825,0.142,0.0202,6.5,876302.0
62837.0,United States of America,2011.0,en,6.9,37000000.0,5.0,2.0,1.0,Drama,September,22.0,0.2622,0.1767,0.0312,6.9,95404397.0
89623.0,South Korea,2011.0,ko,7.8,0.0,5.0,4.0,1.0,Animation,July,28.0,0.2829,0.1413,0.02,7.8,13131714.0
79464.0,India,2011.0,hi,7.3,10920000.0,5.0,3.0,1.0,Drama,November,11.0,0.238,0.2082,0.0433,7.3,19660000.0
58232.0,"Austria, Germany, United Kingdom",2011.0,en,6.4,8000000.0,5.0,2.0,1.0,Comedy,February,2.0,0.2667,0.17,0.0289,6.4,5468650.0
49012.0,United States of America,2011.0,en,5.5,40000000.0,5.0,2.0,1.0,Comedy,April,8.0,0.2902,0.1257,0.0158,5.5,48147945.0
79553.0,South Korea,2011.0,ko,7.2,10000000.0,5.0,3.0,1.0,Drama,July,20.0,0.2546,0.1876,0.0352,7.2,15786086.0
63493.0,"United States of America, Germany",2011.0,en,6.133,10000000.0,5.0,2.0,1.0,Drama,May,6.0,0.2703,0.1641,0.0269,6.133,610986.0
84226.0,United States of America,2011.0,en,5.1,0.0,5.0,4.0,1.0,Action,September,15.0,0.2673,0.169,0.0286,5.1,20502.0
52067.0,United States of America,2011.0,en,5.9,0.0,6.0,1.0,1.0,Comedy,February,11.0,0.2879,0.1307,0.0171,5.9,6861102.0
61891.0,"Germany, United Kingdom, United States of America",2011.0,en,6.4,30000000.0,5.0,3.0,1.0,Drama,October,21.0,0.3048,0.0841,0.0071,6.4,15395087.0
55347.0,"Canada, United States of America",2011.0,en,6.848,3200000.0,5.0,3.0,1.0,Drama,June,3.0,0.291,0.1238,0.0153,6.848,14311701.0
73262.0,"Germany, Switzerland",2011.0,de,5.6,0.0,5.0,4.0,1.0,Horror,September,20.0,0.3001,0.0997,0.0099,5.6,1359257.0
73499.0,United States of America,2011.0,en,5.797,17000000.0,5.0,3.0,1.0,Action,October,27.0,0.2828,0.1414,0.02,5.797,4729855.0
50217.0,United States of America,2011.0,en,5.5,0.0,5.0,3.0,1.0,Comedy,January,28.0,0.3004,0.0987,0.0097,5.5,4072098.0
70954.0,Australia,2011.0,en,6.6,0.0,5.0,3.0,1.0,Drama,October,6.0,0.2858,0.1354,0.0183,6.6,176669.0
72113.0,"France, Germany, Poland, Spain, United States of America",2011.0,en,7.2,25000000.0,5.0,2.0,1.0,Comedy,September,16.0,0.2683,0.1673,0.028,7.2,30722632.0
41517.0,India,2011.0,hi,5.7,24000000.0,5.0,3.0,1.0,Adventure,October,24.0,0.2656,0.1717,0.0295,5.7,35911689.0
57119.0,United States of America,2011.0,en,5.9,6600000.0,5.0,1.0,1.0,Comedy,May,6.0,0.2924,0.1205,0.0145,5.9,37700000.0
81401.0,"France, Germany, Hungary, Switzerland",2011.0,hu,7.7,1000000.0,5.0,1.0,1.0,Drama,March,31.0,0.2714,0.1624,0.0264,7.7,162088.0
79120.0,United Kingdom,2011.0,en,7.275,120000.0,5.0,2.0,1.0,Drama,October,23.0,0.2838,0.1395,0.0195,7.275,484592.0
66125.0,"Australia, United States of America",2011.0,en,7.3,5.0,5.0,3.0,1.0,Drama,August,4.0,0.2769,0.1528,0.0233,7.3,13.0
63207.0,"United States of America, Spain, United Kingdom",2011.0,en,5.5,13000000.0,5.0,3.0,1.0,Thriller,September,12.0,0.2708,0.1633,0.0267,5.5,3012210.0
60420.0,United States of America,2011.0,en,6.4,250000.0,5.0,2.0,1.0,Drama,October,28.0,0.2854,0.1363,0.0186,6.4,3542353.0
89008.0,United States of America,2011.0,en,5.51,7000000.0,5.0,3.0,1.0,Comedy,September,9.0,0.2622,0.1767,0.0312,5.51,1941667.0
53487.0,"Italy, France, Ireland",2011.0,en,7.0,25000000.0,5.0,1.0,1.0,Drama,August,24.0,0.2433,0.202,0.0408,7.0,11790979.0
41109.0,India,2011.0,hi,7.0,11000000.0,5.0,2.0,1.0,Action,December,23.0,0.3018,0.0943,0.0089,7.0,2900000.0
70670.0,"Germany, Denmark, Norway, Sweden",2011.0,no,7.2,0.0,5.0,3.0,1.0,Thriller,August,26.0,0.2675,0.1687,0.0285,7.2,18962444.0
88794.0,United States of America,2011.0,en,6.231,35000000.0,5.0,3.0,1.0,Drama,November,9.0,0.2753,0.1557,0.0242,6.231,84606030.0
75622.0,"United States of America, Ireland",2011.0,en,5.5,12000000.0,5.0,2.0,1.0,Crime,November,23.0,0.2955,0.1126,0.0127,5.5,972512.0
78206.0,"Belgium, France, Germany",2011.0,fr,7.1,12000000.0,5.0,2.0,2.0,Comedy,October,26.0,0.276,0.1543,0.0238,7.1,3265941.0
72478.0,Poland,2011.0,pl,7.3,1400000.0,5.0,2.0,1.0,Drama,March,4.0,0.3004,0.0988,0.0098,7.3,4878284.0
50780.0,"United Arab Emirates, United States of America",2011.0,en,6.4,21000000.0,5.0,1.0,1.0,Drama,May,5.0,0.2616,0.1777,0.0316,6.4,970816.0
79433.0,Denmark,2011.0,da,6.2,0.0,5.0,3.0,3.0,Animation,September,27.0,0.2717,0.1617,0.0262,6.2,2400000.0
77117.0,South Korea,2011.0,ko,7.8,3550000.0,5.0,2.0,1.0,Drama,May,4.0,0.2996,0.1013,0.0103,7.8,48000000.0
73937.0,"United States of America, United Kingdom",2011.0,en,6.0,41000000.0,5.0,1.0,1.0,Comedy,October,13.0,0.2961,0.111,0.0123,6.0,8200000.0
44564.0,United States of America,2011.0,en,5.3,70000000.0,5.0,2.0,1.0,Comedy,January,13.0,0.2982,0.1052,0.0111,5.3,67112664.0
78182.0,"Russia, Brazil",2011.0,ru,7.3,0.0,5.0,2.0,1.0,Drama,June,6.0,0.2636,0.1746,0.0305,7.3,228239.0
76349.0,"China, Hong Kong, Taiwan",2011.0,zh,5.7,30000000.0,5.0,5.0,2.0,Adventure,September,23.0,0.2937,0.1172,0.0137,5.7,3807134.0
79224.0,"South Korea, United States of America",2011.0,ko,7.2,8000000.0,5.0,3.0,1.0,Drama,August,10.0,0.2722,0.161,0.0259,7.2,49000000.0
77878.0,"France, United Kingdom",2011.0,en,6.8,0.0,5.0,1.0,1.0,Drama,November,30.0,0.2592,0.1811,0.0328,6.8,3759582.0
80591.0,"United Kingdom, United States of America",2011.0,en,6.4,15000000.0,5.0,2.0,1.0,Drama,September,1.0,0.2929,0.1192,0.0142,6.4,868439.0
54518.0,United States of America,2011.0,en,5.196,13000000.0,5.0,3.0,1.0,Music,February,11.0,0.3015,0.0953,0.0091,5.196,99036827.0
59968.0,United States of America,2011.0,en,6.1,5000000.0,5.0,2.0,1.0,Comedy,August,26.0,0.2893,0.1278,0.0163,6.1,24816118.0
73873.0,"United States of America, France, Ireland, United Kingdom",2011.0,en,6.3,8000000.0,5.0,1.0,1.0,Drama,December,21.0,0.2694,0.1656,0.0274,6.3,5634828.0
70586.0,United States of America,2011.0,en,4.9,20000000.0,5.0,4.0,1.0,Action,October,17.0,0.2982,0.1051,0.0111,4.9,2128186.0
75900.0,"United Kingdom, United States of America",2011.0,en,6.7,6400000.0,5.0,2.0,1.0,Drama,November,23.0,0.2621,0.1769,0.0313,6.7,35100000.0
62046.0,"Germany, United States of America",2011.0,en,6.4,5000000.0,5.0,3.0,1.0,Mystery,August,19.0,0.291,0.1238,0.0153,6.4,3142154.0
78480.0,Canada,2011.0,fr,7.1,0.0,5.0,2.0,1.0,Drama,September,10.0,0.2978,0.1063,0.0113,7.1,6581915.0
38753.0,United States of America,2011.0,en,4.8,8000000.0,5.0,4.0,1.0,Drama,January,10.0,0.2753,0.1556,0.0242,4.8,25603.0
80767.0,"United States of America, Japan",2011.0,ja,7.8,0.0,5.0,1.0,1.0,Documentary,June,11.0,0.2636,0.1746,0.0305,7.8,2550508.0
51999.0,"Germany, United Kingdom, Sweden, Denmark",2011.0,en,6.9,0.0,5.0,3.0,1.0,Drama,September,29.0,0.2829,0.1412,0.0199,6.9,138868.0
64678.0,United States of America,2011.0,en,6.6,0.0,5.0,2.0,1.0,Drama,June,17.0,0.2798,0.1473,0.0217,6.6,1406224.0
60309.0,United States of America,2011.0,en,6.5,25000000.0,5.0,3.0,1.0,Crime,April,15.0,0.2878,0.1311,0.0172,6.5,15478800.0
71157.0,France,2011.0,fr,7.787,0.0,5.0,2.0,1.0,Drama,October,6.0,0.2534,0.1892,0.0358,7.787,20374201.0
81870.0,"China, Hong Kong",2011.0,zh,6.3,35000000.0,5.0,3.0,1.0,Action,December,15.0,0.2903,0.1254,0.0157,6.3,127709.0
50601.0,United States of America,2011.0,en,5.621,20000000.0,5.0,2.0,1.0,War,June,6.0,0.2701,0.1645,0.0271,5.621,87793.0
51497.0,United States of America,2011.0,en,7.242,125000000.0,5.0,3.0,1.0,Action,April,20.0,0.2191,0.228,0.052,7.242,626100000.0
72477.0,United States of America,2011.0,en,5.8,0.0,5.0,4.0,1.0,Drama,October,14.0,0.2935,0.1176,0.0138,5.8,957240.0
51017.0,United States of America,2011.0,en,6.7,25000000.0,5.0,2.0,1.0,Comedy,April,22.0,0.3008,0.0975,0.0095,6.7,54161287.0
62580.0,France,2011.0,fr,6.858,0.0,5.0,2.0,1.0,Romance,April,20.0,0.2874,0.132,0.0174,6.858,13194167.0
68818.0,"Bolivia, France, Spain, United Kingdom",2011.0,en,6.6,0.0,5.0,3.0,1.0,Adventure,July,1.0,0.2874,0.132,0.0174,6.6,987883.0
60422.0,"Australia, United States of America",2011.0,en,5.6,4000000.0,5.0,2.0,1.0,Comedy,November,18.0,0.2843,0.1384,0.0192,5.6,355688.0
313230.0,"Hong Kong, Netherlands, Taiwan, United States of America",2011.0,zh,8.1,25000000.0,5.0,3.0,1.0,Action,September,30.0,0.2807,0.1457,0.0212,8.1,29000000.0
78570.0,"Argentina, Mexico, United Kingdom",2011.0,es,5.9,6000000.0,5.0,3.0,1.0,Animation,September,16.0,0.3032,0.0897,0.008,5.9,16611575.0
58882.0,China,2011.0,en,6.1,134005.0,5.0,2.0,1.0,Drama,July,15.0,0.2734,0.1589,0.0253,6.1,1332231.0
55725.0,United States of America,2011.0,en,6.828,10831173.0,5.0,2.0,1.0,Drama,March,18.0,0.2905,0.1249,0.0156,6.828,10654385.0
62977.0,"China, Hong Kong",2011.0,zh,6.29,0.0,5.0,4.0,2.0,History,April,28.0,0.2894,0.1274,0.0162,6.29,23774400.0
75233.0,Norway,2011.0,no,7.466,0.0,5.0,1.0,1.0,Drama,August,31.0,0.2891,0.1282,0.0164,7.466,1481665.0
66923.0,United Kingdom,2011.0,en,5.3,0.0,5.0,3.0,1.0,Family,July,29.0,0.2786,0.1497,0.0224,5.3,11045966.0
63448.0,India,2011.0,ta,5.8,0.0,5.0,4.0,1.0,Action,January,14.0,0.296,0.1113,0.0124,5.8,6660000.0
69798.0,"Spain, United Kingdom, United States of America",2011.0,en,6.2,4500000.0,5.0,1.0,1.0,Comedy,August,19.0,0.2969,0.1088,0.0118,6.2,88823111.0
59296.0,United States of America,2011.0,en,5.2,13000000.0,5.0,2.0,1.0,Comedy,June,3.0,0.254,0.1884,0.0355,5.2,51917.0
73963.0,United States of America,2011.0,en,5.316,3000000.0,5.0,1.0,1.0,Horror,September,9.0,0.2929,0.1193,0.0142,5.316,533235.0
86555.0,"Canada, Japan, Spain",2011.0,en,6.3,0.0,5.0,3.0,1.0,Drama,November,25.0,0.2691,0.166,0.0276,6.3,4965950.0
70590.0,India,2011.0,hi,6.507,4800000.0,5.0,3.0,1.0,Drama,July,22.0,0.265,0.1726,0.0298,6.507,30000000.0
56780.0,United States of America,2011.0,en,5.4,20000000.0,5.0,4.0,1.0,Drama,April,14.0,0.2835,0.14,0.0196,5.4,4627375.0
98344.0,"Hong Kong, Netherlands, Taiwan, United States of America",2011.0,zh,7.3,25000000.0,5.0,3.0,1.0,Drama,September,9.0,0.2535,0.189,0.0357,7.3,29000000.0
60062.0,United States of America,2011.0,en,6.1,20000000.0,5.0,2.0,1.0,Comedy,June,10.0,0.2741,0.1576,0.0248,6.1,14166853.0
74510.0,United States of America,2011.0,en,7.1,0.0,2.0,1.0,2.0,Comedy,September,9.0,0.2959,0.1115,0.0124,7.1,7706436.0
79374.0,South Korea,2011.0,ko,7.3,0.0,5.0,1.0,1.0,Thriller,August,10.0,0.3059,0.08,0.0064,7.3,15724275.0
49010.0,Canada,2011.0,en,5.9,3000000.0,5.0,3.0,1.0,Crime,May,6.0,0.2871,0.1325,0.0176,5.9,748453.0
44754.0,United States of America,2011.0,en,6.4,14000000.0,5.0,1.0,1.0,Drama,September,30.0,0.2757,0.1549,0.024,6.4,46495.0
53136.0,Germany,2011.0,de,6.8,0.0,5.0,5.0,1.0,Action,January,20.0,0.2694,0.1656,0.0274,6.8,6226507.0
51994.0,United Kingdom,2011.0,en,5.889,0.0,5.0,2.0,1.0,Drama,September,11.0,0.2817,0.1437,0.0207,5.889,1126525.0
76696.0,"Argentina, Germany, Spain",2011.0,es,7.5,11000000.0,5.0,2.0,1.0,Drama,June,1.0,0.2986,0.104,0.0108,7.5,2140.0
57586.0,United States of America,2011.0,en,7.351,5000000.0,2.0,2.0,2.0,Documentary,April,21.0,0.2904,0.1251,0.0156,7.351,30857747.0
70868.0,United States of America,2011.0,en,5.2,24000000.0,5.0,2.0,1.0,Romance,September,16.0,0.2785,0.1497,0.0224,5.2,31410151.0
56401.0,United States of America,2011.0,en,7.2,4000000.0,5.0,1.0,1.0,Drama,March,18.0,0.3025,0.0921,0.0085,7.2,253899.0
72432.0,United States of America,2011.0,en,6.7,0.0,5.0,2.0,2.0,Drama,September,23.0,0.2797,0.1476,0.0218,6.7,68945.0
106417.0,Japan,2011.0,ja,6.7,0.0,5.0,3.0,1.0,Thriller,November,5.0,0.2556,0.1863,0.0347,6.7,15.0
62796.0,other,2011.0,en,5.53,20.0,5.0,3.0,1.0,Drama,April,18.0,0.2716,0.162,0.0262,5.53,15.0
75802.0,"United Kingdom, Luxembourg, France, Germany, Switzerland",2011.0,en,6.7,0.0,5.0,2.0,1.0,Comedy,June,6.0,0.2982,0.1052,0.0111,6.7,9504139.0
95853.0,Japan,2011.0,ja,7.055,0.0,5.0,2.0,1.0,Drama,August,20.0,0.2842,0.1387,0.0192,7.055,6632403.0
67308.0,Hong Kong,2011.0,cn,5.5,3500000.0,5.0,3.0,1.0,History,April,14.0,0.2747,0.1566,0.0245,5.5,10306807.0
73624.0,Brazil,2011.0,pt,7.2,0.0,5.0,4.0,1.0,Comedy,September,2.0,0.3038,0.0877,0.0077,7.2,5799606.0
78381.0,United States of America,2011.0,en,5.1,7000000.0,5.0,3.0,1.0,Mystery,September,10.0,0.2324,0.2145,0.046,5.1,647839.0
92398.0,United States of America,2011.0,en,5.099,0.0,5.0,2.0,1.0,Horror,October,22.0,0.2778,0.1511,0.0228,5.099,1678.0
49020.0,"United Kingdom, United States of America",2011.0,en,7.4,0.0,5.0,3.0,1.0,Drama,March,18.0,0.2964,0.1103,0.0122,7.4,864659.0
43935.0,United States of America,2011.0,en,4.7,20000000.0,5.0,7.0,1.0,Action,March,16.0,0.2774,0.1519,0.0231,4.7,4634062.0
77462.0,"Belgium, France",2011.0,fr,6.0,0.0,5.0,2.0,1.0,Drama,September,27.0,0.2287,0.2183,0.0477,6.0,3929796.0
79382.0,Japan,2011.0,ja,7.3,0.0,5.0,1.0,1.0,Drama,June,11.0,0.2776,0.1515,0.023,7.3,1543385.0
57276.0,"France, Germany, United Kingdom, United States of America",2011.0,de,7.425,4317946.0,5.0,1.0,1.0,Documentary,February,24.0,0.2987,0.1037,0.0108,7.425,14624826.0
91549.0,"Canada, Ireland, United States of America",2011.0,en,5.34,0.0,5.0,2.0,1.0,Horror,September,6.0,0.2867,0.1334,0.0178,5.34,3838.0
67748.0,Australia,2011.0,en,6.3,2000000.0,5.0,2.0,1.0,Crime,May,19.0,0.2887,0.1291,0.0167,6.3,1349387.0
91690.0,France,2011.0,fr,6.7,0.0,5.0,1.0,1.0,Drama,November,16.0,0.2736,0.1586,0.0251,6.7,4909485.0
67675.0,United States of America,2011.0,en,7.3,9000000.0,5.0,3.0,1.0,Music,August,11.0,0.2605,0.1793,0.0322,7.3,18700000.0
98545.0,United States of America,2011.0,en,5.9,0.0,5.0,3.0,1.0,Comedy,September,13.0,0.2758,0.1547,0.0239,5.9,539896.0
85495.0,Russia,2011.0,ru,6.3,20000.0,5.0,1.0,1.0,Drama,November,10.0,0.2741,0.1576,0.0248,6.3,154098.0
84355.0,United States of America,2011.0,en,6.5,125000.0,5.0,1.0,1.0,Comedy,September,11.0,0.2963,0.1104,0.0122,6.5,3242802.0
73686.0,"Canada, Germany, Poland",2011.0,de,6.9,0.0,5.0,2.0,1.0,Drama,September,15.0,0.2982,0.1052,0.0111,6.9,5576725.0
85836.0,"Japan, United Kingdom",2011.0,ja,7.2,0.0,5.0,2.0,1.0,Drama,October,15.0,0.2616,0.1777,0.0316,7.2,5435358.0
79777.0,"United Kingdom, United States of America",2011.0,en,5.8,10000000.0,5.0,3.0,1.0,Drama,December,22.0,0.2946,0.1149,0.0132,5.8,303877.0
74639.0,"China, Hong Kong",2011.0,cn,6.5,8000000.0,5.0,3.0,2.0,Action,August,18.0,0.2898,0.1265,0.016,6.5,4040142.0
51588.0,United States of America,2011.0,en,6.112,8000000.0,5.0,2.0,1.0,Comedy,April,29.0,0.2828,0.1414,0.02,6.112,10130000.0
75595.0,United States of America,2011.0,en,5.7,0.0,5.0,1.0,1.0,Drama,January,23.0,0.3061,0.0795,0.0063,5.7,16590.0
56272.0,United States of America,2011.0,en,4.8,0.0,5.0,2.0,1.0,Comedy,March,11.0,0.2791,0.1487,0.0221,4.8,10.0
77221.0,"France, Italy, Qatar, Tunisia",2011.0,en,6.5,40000000.0,5.0,2.0,1.0,Adventure,December,21.0,0.3039,0.0874,0.0076,6.5,5446000.0
75301.0,United States of America,2011.0,en,7.2,0.0,5.0,1.0,1.0,Documentary,October,21.0,0.2929,0.1193,0.0142,7.2,286201.0
51248.0,United States of America,2011.0,en,4.6,0.0,5.0,2.0,1.0,Horror,November,11.0,0.2673,0.169,0.0286,4.6,6963872.0
55720.0,United States of America,2011.0,en,7.2,10000000.0,5.0,1.0,1.0,Drama,June,24.0,0.2437,0.2015,0.0406,7.2,1800000.0
76994.0,"Bulgaria, Italy",2011.0,it,2.804,5000000.0,5.0,1.0,1.0,Comedy,September,9.0,0.2595,0.1807,0.0327,2.804,2777000.0
92182.0,"France, United States of America",2011.0,en,5.4,2000000.0,5.0,3.0,2.0,Horror,January,21.0,0.2986,0.104,0.0108,5.4,13101672.0
53174.0,Germany,2011.0,de,6.3,5650000.0,5.0,1.0,1.0,Comedy,February,3.0,0.2593,0.181,0.0328,6.3,43000000.0
87368.0,France,2011.0,fr,5.5,4141459.0,5.0,1.0,2.0,Drama,June,13.0,0.2694,0.1656,0.0274,5.5,201607.0
98162.0,"Belgium, France",2011.0,fr,7.1,0.0,5.0,2.0,1.0,Fantasy,October,12.0,0.2781,0.1506,0.0227,7.1,11229.0
74945.0,France,2011.0,fr,6.0,0.0,5.0,2.0,1.0,Adventure,September,21.0,0.2711,0.1629,0.0265,6.0,15000000.0
77560.0,Russia,2011.0,de,6.6,0.0,5.0,2.0,1.0,Fantasy,September,8.0,0.2873,0.1321,0.0175,6.6,58132.0
64288.0,United States of America,2011.0,en,7.1,0.0,5.0,1.0,1.0,Documentary,May,6.0,0.2883,0.1299,0.0169,7.1,664747.0
97795.0,Spain,2011.0,en,5.2,0.0,5.0,2.0,1.0,Horror,October,11.0,0.2401,0.2058,0.0424,5.2,4132000.0
81857.0,"Canada, France, Greece, United States of America",2011.0,el,6.3,97000.0,5.0,1.0,1.0,Drama,September,1.0,0.2749,0.1564,0.0245,6.3,15292.0
73532.0,"Finland, France, Germany",2011.0,fr,7.0,3850000.0,5.0,2.0,1.0,Drama,September,8.0,0.2976,0.1069,0.0114,7.0,4230854.0
95448.0,"France, Belgium",2011.0,fr,6.4,0.0,5.0,1.0,1.0,Drama,October,26.0,0.2626,0.1761,0.031,6.4,65301.0
63849.0,Germany,2011.0,de,6.642,0.0,5.0,2.0,1.0,Drama,May,13.0,0.292,0.1214,0.0147,6.642,14885722.0
72744.0,"United States of America, United Kingdom",2011.0,en,7.784,0.0,5.0,2.0,1.0,Documentary,September,20.0,0.2984,0.1045,0.0109,7.784,471334.0
57353.0,United States of America,2011.0,en,5.331,25000000.0,5.0,3.0,1.0,Action,April,1.0,0.2449,0.2,0.04,5.331,65708.0
86812.0,United States of America,2011.0,en,6.282,0.0,5.0,5.0,1.0,Science Fiction,January,22.0,0.2357,0.2109,0.0445,6.282,405614.0
74505.0,"United States of America, Germany",2011.0,en,5.1,1000000.0,5.0,2.0,1.0,Horror,September,14.0,0.265,0.1725,0.0298,5.1,18463.0
47760.0,United States of America,2011.0,en,6.515,8000000.0,5.0,2.0,1.0,Drama,September,16.0,0.2255,0.2217,0.0492,6.515,2500000.0
58492.0,United States of America,2011.0,en,6.4,0.0,5.0,2.0,1.0,Comedy,April,22.0,0.2981,0.1054,0.0111,6.4,621951.0
73562.0,France,2011.0,fr,7.0,0.0,5.0,1.0,1.0,Drama,August,31.0,0.2593,0.181,0.0328,7.0,46207.0
91550.0,United States of America,2011.0,en,6.1,8000000.0,5.0,5.0,1.0,Thriller,September,15.0,0.2437,0.2015,0.0406,6.1,108139.0
75229.0,"Norway, Germany, Sweden",2011.0,no,5.8,0.0,5.0,2.0,1.0,Drama,October,7.0,0.2655,0.1718,0.0295,5.8,1417397.0
78604.0,"Austria, France",2011.0,de,6.8,0.0,5.0,1.0,1.0,Drama,September,14.0,0.2846,0.1378,0.019,6.8,15714.0
63578.0,United Kingdom,2011.0,en,6.7,0.0,5.0,2.0,1.0,Comedy,April,24.0,0.3096,0.0643,0.0041,6.7,951179.0
51993.0,United States of America,2011.0,en,6.3,0.0,5.0,2.0,1.0,Comedy,July,1.0,0.283,0.1412,0.0199,6.3,655802.0
79000.0,France,2011.0,fr,7.4,0.0,4.0,2.0,1.0,Fantasy,July,20.0,0.2795,0.1479,0.0219,7.4,10975.0
77461.0,"Egypt, France, Italy, Lebanon, Qatar",2011.0,ar,7.5,6700000.0,5.0,2.0,1.0,Drama,September,14.0,0.2966,0.1096,0.012,7.5,21000000.0
84170.0,"France, Netherlands, Palestinian Territory",2011.0,en,7.4,0.0,3.0,4.0,2.0,War,November,23.0,0.2509,0.1925,0.037,7.4,108541.0
76543.0,United Kingdom,2011.0,en,7.257,0.0,5.0,2.0,1.0,Drama,October,7.0,0.3036,0.0884,0.0078,7.257,676111.0
85033.0,"Canada, France",2011.0,fr,6.9,0.0,5.0,2.0,1.0,Drama,November,17.0,0.2819,0.1434,0.0206,6.9,1674801.0
104711.0,"France, Germany, Romania",2011.0,de,5.9,8500000.0,5.0,2.0,1.0,Adventure,November,17.0,0.2867,0.1334,0.0178,5.9,2963639.0
85435.0,"Australia, United Kingdom",2011.0,en,5.7,14400000.0,5.0,1.0,1.0,Comedy,October,14.0,0.2876,0.1314,0.0173,5.7,15500000.0
66120.0,"Spain, France",2011.0,fr,5.4,11000000.0,5.0,1.0,1.0,Thriller,July,12.0,0.2654,0.1719,0.0296,5.4,1809527.0
74944.0,France,2011.0,fr,6.022,0.0,5.0,2.0,1.0,Family,September,14.0,0.2874,0.132,0.0174,6.022,12000000.0
82501.0,"France, Poland, United Kingdom",2011.0,fr,5.1,0.0,5.0,3.0,1.0,Drama,September,11.0,0.2828,0.1414,0.02,5.1,112498.0
58522.0,Italy,2011.0,it,6.928,3347850.0,5.0,1.0,3.0,Comedy,April,1.0,0.2898,0.1266,0.016,6.928,1248748.0
78478.0,France,2011.0,fr,5.7,0.0,5.0,2.0,1.0,Comedy,November,9.0,0.2981,0.1054,0.0111,5.7,2419473.0
82520.0,United States of America,2011.0,en,6.4,0.0,5.0,1.0,1.0,Drama,February,10.0,0.2818,0.1435,0.0206,6.4,8801.0
91070.0,"Canada, United States of America",2011.0,en,5.5,930000.0,5.0,3.0,1.0,Comedy,June,18.0,0.2854,0.1361,0.0185,5.5,30905.0
91979.0,United Kingdom,2011.0,en,6.7,0.0,5.0,2.0,1.0,Drama,November,4.0,0.2985,0.1044,0.0109,6.7,124104.0
76451.0,Belgium,2011.0,nl,6.9,0.0,5.0,2.0,1.0,Drama,September,2.0,0.2862,0.1345,0.0181,6.9,268401.0
92424.0,France,2011.0,fr,5.9,0.0,5.0,2.0,1.0,Romance,November,23.0,0.297,0.1086,0.0118,5.9,1435252.0
90122.0,United States of America,2011.0,en,5.1,0.0,5.0,3.0,1.0,Comedy,October,1.0,0.2578,0.1832,0.0336,5.1,11933.0
59437.0,"Canada, United States of America",2011.0,en,6.021,0.0,5.0,1.0,1.0,Drama,June,3.0,0.2961,0.111,0.0123,6.021,63931.0
57829.0,"Poland, Sweden",2011.0,pl,6.5,0.0,5.0,2.0,1.0,Drama,March,18.0,0.2655,0.1718,0.0295,6.5,1116180.0
81273.0,India,2011.0,hi,6.3,2600000.0,5.0,2.0,1.0,Comedy,December,2.0,0.3014,0.0957,0.0092,6.3,17000000.0
67109.0,India,2011.0,hi,7.1,4090000.0,5.0,2.0,1.0,Action,July,1.0,0.2914,0.1229,0.0151,7.1,18035000.0
51995.0,United States of America,2011.0,en,5.3,5500000.0,5.0,4.0,1.0,Comedy,July,15.0,0.2903,0.1253,0.0157,5.3,89182.0
92493.0,"Canada, Mexico",2011.0,en,5.5,5000000.0,5.0,3.0,1.0,Crime,September,10.0,0.3062,0.079,0.0062,5.5,625.0
75074.0,United States of America,2011.0,en,6.3,0.0,5.0,3.0,1.0,Drama,April,13.0,0.3042,0.0865,0.0075,6.3,204232.0
85525.0,South Korea,2011.0,ko,6.9,0.0,5.0,1.0,1.0,Drama,September,8.0,0.2654,0.1719,0.0296,6.9,11819.0
79221.0,Poland,2011.0,pl,6.8,0.0,5.0,2.0,1.0,Comedy,November,11.0,0.3029,0.0909,0.0083,6.8,26923513.0
65058.0,United States of America,2011.0,en,6.5,0.0,5.0,1.0,1.0,Documentary,June,24.0,0.2969,0.109,0.0119,6.5,223959.0
79172.0,Canada,2011.0,en,7.4,0.0,3.0,1.0,2.0,Documentary,November,4.0,0.2596,0.1806,0.0326,7.4,108640.0
73846.0,United States of America,2011.0,en,5.2,0.0,5.0,2.0,1.0,Drama,September,26.0,0.2864,0.134,0.018,5.2,6035.0
93188.0,"Czech Republic, France, United Kingdom",2011.0,fr,6.2,8978040.0,5.0,3.0,1.0,Drama,August,17.0,0.2593,0.181,0.0328,6.2,77348.0
74458.0,India,2011.0,hi,5.9,5510000.0,5.0,3.0,1.0,Drama,September,9.0,0.2944,0.1155,0.0133,5.9,18050000.0
67793.0,Hong Kong,2011.0,cn,6.3,0.0,5.0,2.0,1.0,Romance,March,31.0,0.3032,0.0897,0.008,6.3,2206089.0
85439.0,Spain,2011.0,ca,5.3,0.0,5.0,4.0,1.0,Animation,December,23.0,0.2562,0.1854,0.0344,5.3,6776616.0
58699.0,United States of America,2011.0,en,5.93,17000.0,5.0,3.0,1.0,Action,April,16.0,0.253,0.1897,0.036,5.93,101236.0
58166.0,Germany,2011.0,de,7.0,6700000.0,5.0,1.0,1.0,Drama,February,24.0,0.2887,0.1291,0.0167,7.0,1373312.0
76788.0,India,2011.0,ta,6.7,6100000.0,5.0,2.0,1.0,Action,August,31.0,0.2947,0.1146,0.0131,6.7,28000000.0
81342.0,France,2011.0,fr,6.4,0.0,5.0,3.0,2.0,Drama,December,20.0,0.2902,0.1257,0.0158,6.4,9696204.0
85542.0,United Kingdom,2011.0,en,5.8,0.0,5.0,2.0,1.0,Drama,September,8.0,0.2771,0.1523,0.0232,5.8,240381.0
61672.0,"France, Switzerland",2011.0,fr,5.8,15000000.0,5.0,4.0,1.0,Animation,April,6.0,0.2898,0.1265,0.016,5.8,13970489.0
59415.0,Italy,2011.0,it,4.1,15000000.0,5.0,1.0,1.0,Comedy,March,16.0,0.3105,0.0601,0.0036,4.1,3333050.0
47218.0,United States of America,2011.0,en,6.516,0.0,5.0,3.0,1.0,Comedy,March,4.0,0.2958,0.1118,0.0125,6.516,853862.0
66150.0,"South Korea, United Kingdom",2011.0,en,7.2,45202.0,4.0,2.0,2.0,Documentary,January,27.0,0.2841,0.1389,0.0193,7.2,225861.0
160939.0,Japan,2011.0,ja,7.4,0.0,5.0,3.0,1.0,Action,June,11.0,0.2502,0.1934,0.0374,7.4,11156312.0
84404.0,United States of America,2011.0,en,7.2,1100000.0,1.0,2.0,1.0,Documentary,April,23.0,0.2762,0.154,0.0237,7.2,3483795.0
69938.0,Brazil,2011.0,pt,5.0,1483515.0,5.0,2.0,1.0,Comedy,July,8.0,0.2794,0.1481,0.0219,5.0,7586448.0
56647.0,Spain,2011.0,es,6.7,0.0,5.0,1.0,1.0,Comedy,February,4.0,0.2722,0.161,0.0259,6.7,3879603.0
65521.0,India,2011.0,hi,6.8,1400000.0,5.0,3.0,1.0,Drama,May,20.0,0.2928,0.1196,0.0143,6.8,7200000.0
53569.0,India,2011.0,hi,6.8,0.0,5.0,2.0,1.0,Crime,January,7.0,0.2851,0.1368,0.0187,6.8,634297.0
94478.0,United Kingdom,2011.0,en,6.5,0.0,5.0,3.0,1.0,Music,September,16.0,0.2862,0.1345,0.0181,6.5,6255.0
66607.0,Mexico,2011.0,es,6.6,0.0,5.0,2.0,1.0,Action,March,18.0,0.2883,0.13,0.0169,6.6,9330465.0
60228.0,Turkey,2011.0,tr,6.573,0.0,5.0,2.0,1.0,Comedy,March,25.0,0.3049,0.0838,0.007,6.573,2692857.0
124887.0,United States of America,2011.0,en,6.795,0.0,5.0,1.0,1.0,Documentary,May,5.0,0.2839,0.1392,0.0194,6.795,50000.0
80379.0,United States of America,2011.0,en,7.829,250000.0,1.0,2.0,1.0,Comedy,December,10.0,0.2449,0.2,0.04,7.829,1000000.0
82269.0,"United States of America, France",2011.0,fr,6.667,0.0,4.0,1.0,1.0,Documentary,October,5.0,0.3045,0.0854,0.0073,6.667,152616.0
77944.0,Italy,2011.0,it,6.1,11000000.0,5.0,1.0,1.0,Comedy,October,27.0,0.2578,0.1832,0.0336,6.1,12935800.0
56919.0,Turkey,2011.0,tr,6.8,0.0,5.0,2.0,1.0,Drama,February,4.0,0.302,0.0937,0.0088,6.8,13585314.0
78172.0,Hong Kong,2011.0,cn,4.2,577450.0,5.0,1.0,1.0,Drama,September,15.0,0.3025,0.0921,0.0085,4.2,1154901.0
82469.0,"Hong Kong, South Korea, Thailand",2011.0,ko,5.2,3500000.0,5.0,2.0,1.0,Comedy,November,3.0,0.2919,0.1216,0.0148,5.2,517069.0
180272.0,Japan,2011.0,ja,7.1,1490000.0,5.0,3.0,2.0,Animation,December,17.0,0.2866,0.1337,0.0179,7.1,378187.0
76999.0,Italy,2011.0,it,4.6,0.0,5.0,1.0,1.0,Comedy,October,21.0,0.281,0.1451,0.021,4.6,5661517.0
64931.0,South Korea,2011.0,ko,6.6,0.0,5.0,5.0,1.0,Mystery,January,27.0,0.299,0.1029,0.0106,6.6,32358664.0
83860.0,United States of America,2011.0,en,6.3,1000000.0,5.0,1.0,2.0,Drama,October,30.0,0.2871,0.1325,0.0176,6.3,5396618.0
91088.0,South Korea,2011.0,ko,6.2,130000.0,5.0,4.0,1.0,Animation,November,3.0,0.2563,0.1852,0.0343,6.2,13.0
91073.0,"China, United States of America, South Korea, Hong Kong",2011.0,ko,6.9,6200000.0,5.0,2.0,1.0,Drama,February,17.0,0.2974,0.1075,0.0116,6.9,4820000.0
84797.0,"Spain, France, United States of America",2011.0,es,6.0,0.0,5.0,2.0,1.0,Drama,November,30.0,0.2787,0.1494,0.0223,6.0,757111.0
65946.0,India,2011.0,hi,5.0,5800000.0,5.0,2.0,1.0,Action,June,3.0,0.2929,0.1193,0.0142,5.0,27000000.0
80276.0,India,2011.0,te,6.6,0.0,5.0,3.0,1.0,Action,September,23.0,0.2875,0.1316,0.0173,6.6,12154107.0
85533.0,"Austria, France, Germany, Thailand",2011.0,de,6.8,0.0,5.0,1.0,1.0,Documentary,September,9.0,0.2769,0.1528,0.0233,6.8,31313.0
75969.0,Germany,2011.0,de,6.3,0.0,5.0,1.0,1.0,Comedy,September,6.0,0.2682,0.1675,0.0281,6.3,14663510.0
82620.0,United States of America,2011.0,en,7.4,0.0,4.0,1.0,2.0,Documentary,December,12.0,0.2833,0.1404,0.0197,7.4,583844.0
73939.0,United States of America,2011.0,en,6.9,500000.0,5.0,1.0,1.0,Drama,December,27.0,0.3024,0.0926,0.0086,6.9,769552.0
70666.0,Brazil,2011.0,pt,6.4,0.0,5.0,1.0,1.0,Drama,March,25.0,0.2759,0.1544,0.0239,6.4,3554533.0
53319.0,Italy,2011.0,it,6.532,6000000.0,5.0,1.0,1.0,Comedy,January,5.0,0.2714,0.1624,0.0264,6.532,43500000.0
73869.0,Italy,2011.0,it,5.6,2300000.0,5.0,2.0,1.0,Drama,September,9.0,0.2566,0.1848,0.0341,5.6,159846.0
56909.0,Italy,2011.0,it,6.199,0.0,5.0,1.0,1.0,Comedy,January,21.0,0.2892,0.128,0.0164,6.199,22043584.0
70530.0,"Hong Kong, China",2011.0,cn,5.5,0.0,5.0,2.0,1.0,Fantasy,April,21.0,0.2714,0.1623,0.0263,5.5,24708786.0
83456.0,Russia,2011.0,ru,6.5,0.0,5.0,2.0,1.0,Romance,December,29.0,0.3079,0.072,0.0052,6.5,17808683.0
85878.0,"Taiwan, China, Hong Kong",2011.0,zh,6.3,0.0,5.0,2.0,1.0,Drama,November,3.0,0.3084,0.0698,0.0049,6.3,4687.0
58333.0,India,2011.0,hi,6.816,400000.0,5.0,3.0,1.0,Comedy,February,25.0,0.3018,0.0946,0.0089,6.816,252000.0
60592.0,Sweden,2011.0,sv,6.4,950000.0,5.0,2.0,1.0,Drama,March,18.0,0.2906,0.1246,0.0155,6.4,5012245.0
66896.0,Germany,2011.0,de,5.656,0.0,5.0,3.0,1.0,Comedy,June,23.0,0.2801,0.1469,0.0216,5.656,4365667.0
50081.0,United States of America,2011.0,en,7.0,0.0,3.0,2.0,1.0,Documentary,April,8.0,0.235,0.2116,0.0448,7.0,7732325.0
107227.0,"Malaysia, Singapore",2011.0,zh,4.8,600000.0,5.0,1.0,1.0,Horror,November,3.0,0.2945,0.1152,0.0133,4.8,1208479.0
81344.0,"China, Hong Kong, United States of America",2011.0,zh,6.8,0.0,5.0,2.0,1.0,Drama,November,29.0,0.2791,0.1487,0.0221,6.8,992195.0
24428.0,United States of America,2012.0,en,7.73,220000000.0,5.0,3.0,1.0,Science Fiction,April,25.0,0.2818,0.1435,0.0206,7.73,1518815515.0
50620.0,United States of America,2012.0,en,6.461,120000000.0,5.0,4.0,1.0,Adventure,November,13.0,0.3054,0.082,0.0067,6.461,829747654.0
49051.0,"New Zealand, United States of America",2012.0,en,7.357,250000000.0,5.0,3.0,1.0,Adventure,December,12.0,0.2792,0.1484,0.022,7.357,1021103568.0
57800.0,United States of America,2012.0,en,6.38,95000000.0,5.0,4.0,2.0,Animation,June,27.0,0.2806,0.1459,0.0213,6.38,877244782.0
73723.0,"United States of America, Japan",2012.0,en,6.5,70000000.0,5.0,2.0,1.0,Animation,March,1.0,0.2985,0.1044,0.0109,6.5,349305397.0
1930.0,United States of America,2012.0,en,6.7,215000000.0,5.0,3.0,1.0,Action,June,23.0,0.2916,0.1224,0.015,6.7,757930663.0
49026.0,"United Kingdom, United States of America",2012.0,en,7.8,250000000.0,5.0,4.0,1.0,Action,July,17.0,0.3046,0.0848,0.0072,7.8,1081041287.0
75780.0,United States of America,2012.0,en,6.64,60000000.0,5.0,4.0,1.0,Crime,December,20.0,0.2997,0.1009,0.0102,6.64,218300000.0
62177.0,United States of America,2012.0,en,7.02,185000000.0,5.0,6.0,2.0,Animation,June,21.0,0.2673,0.169,0.0286,7.02,539000000.0
80321.0,United States of America,2012.0,en,6.6,145000000.0,5.0,4.0,3.0,Animation,June,6.0,0.3094,0.0656,0.0043,6.6,746921274.0
70160.0,United States of America,2012.0,en,7.214,75000000.0,5.0,3.0,1.0,Science Fiction,March,12.0,0.2893,0.1278,0.0163,7.214,694394724.0
68718.0,United States of America,2012.0,en,8.183,100000000.0,5.0,2.0,1.0,Drama,December,25.0,0.2692,0.1659,0.0275,8.183,425368238.0
82690.0,United States of America,2012.0,en,7.342,165000000.0,5.0,4.0,1.0,Family,November,1.0,0.2728,0.1599,0.0256,7.342,471222889.0
76492.0,United States of America,2012.0,en,7.0,85000000.0,5.0,4.0,1.0,Animation,September,20.0,0.2948,0.1144,0.0131,7.0,358375603.0
109689.0,Spain,2012.0,es,7.4,0.0,5.0,2.0,1.0,Drama,June,22.0,0.255,0.1871,0.035,7.4,24016152.0
22970.0,United States of America,2012.0,en,6.6,30000000.0,5.0,2.0,1.0,Horror,April,12.0,0.2967,0.1093,0.012,6.6,71038838.0
72105.0,United States of America,2012.0,en,6.4,50000000.0,5.0,2.0,1.0,Comedy,June,29.0,0.2647,0.1729,0.0299,6.4,549368315.0
118406.0,Japan,2012.0,ja,7.3,0.0,5.0,3.0,1.0,Animation,July,28.0,0.2881,0.1304,0.017,7.3,17876559.0
57214.0,United States of America,2012.0,en,6.881,12000000.0,5.0,1.0,1.0,Comedy,March,1.0,0.2864,0.134,0.0179,6.881,102731865.0
44833.0,"Japan, United States of America",2012.0,en,5.861,209000000.0,5.0,4.0,1.0,Thriller,April,11.0,0.2569,0.1844,0.034,5.861,303025485.0
81188.0,United States of America,2012.0,en,7.4,145000000.0,5.0,3.0,1.0,Animation,November,21.0,0.2879,0.1309,0.0171,7.4,306941670.0
64688.0,United States of America,2012.0,en,6.9,42000000.0,5.0,3.0,2.0,Action,March,14.0,0.2647,0.173,0.0299,6.9,201585328.0
122126.0,"South Korea, Hong Kong",2012.0,ko,5.9,0.0,5.0,1.0,1.0,Drama,June,6.0,0.2584,0.1823,0.0332,5.9,16465764.0
71552.0,United States of America,2012.0,en,6.297,50000000.0,5.0,1.0,2.0,Comedy,April,4.0,0.2619,0.1773,0.0314,6.297,234989584.0
76726.0,United States of America,2012.0,en,6.8,15000000.0,5.0,3.0,1.0,Science Fiction,February,1.0,0.2837,0.1397,0.0195,6.8,145000000.0
57165.0,"Spain, United States of America",2012.0,en,5.7,150000000.0,5.0,3.0,1.0,Fantasy,March,28.0,0.2681,0.1677,0.0281,5.7,301970083.0
70981.0,United States of America,2012.0,en,6.6,130000000.0,5.0,3.0,1.0,Science Fiction,May,30.0,0.2668,0.1698,0.0288,6.6,403354469.0
82675.0,"France, Turkey, United States of America",2012.0,en,6.4,45000000.0,5.0,3.0,1.0,Action,September,27.0,0.2982,0.1053,0.0111,6.4,376100000.0
87428.0,United States of America,2012.0,en,5.821,70000000.0,5.0,2.0,1.0,Comedy,June,14.0,0.2728,0.16,0.0256,5.821,58100000.0
72545.0,United States of America,2012.0,en,6.152,79000000.0,5.0,3.0,1.0,Adventure,January,19.0,0.3032,0.0897,0.0081,6.152,355692760.0
49529.0,United States of America,2012.0,en,6.327,250000000.0,5.0,3.0,1.0,Action,March,7.0,0.296,0.1112,0.0124,6.327,284100000.0
114150.0,United States of America,2012.0,en,7.3,17000000.0,5.0,3.0,1.0,Comedy,September,28.0,0.2948,0.1144,0.0131,7.3,115647426.0
37724.0,"United Kingdom, United States of America",2012.0,en,7.247,200000000.0,5.0,3.0,1.0,Action,October,24.0,0.3025,0.092,0.0085,7.247,1108594176.0
103663.0,"Denmark, Sweden",2012.0,da,8.1,3800000.0,5.0,1.0,1.0,Drama,June,13.0,0.2897,0.1268,0.0161,8.1,18300000.0
76163.0,"Bulgaria, United States of America",2012.0,en,6.347,100000000.0,5.0,3.0,1.0,Action,August,8.0,0.3065,0.078,0.0061,6.347,314975955.0
82507.0,"Canada, United States of America",2012.0,en,6.9,3000000.0,5.0,3.0,1.0,Horror,March,29.0,0.2574,0.1836,0.0337,6.9,82515113.0
94329.0,"France, Indonesia, United States of America",2012.0,id,7.405,1100000.0,5.0,3.0,1.0,Action,March,22.0,0.2469,0.1976,0.0391,7.405,9148519.0
87827.0,"India, Taiwan, United Kingdom, United States of America",2012.0,en,7.4,120000000.0,5.0,2.0,1.0,Adventure,November,20.0,0.2853,0.1364,0.0186,7.4,609016565.0
41154.0,"United Arab Emirates, United States of America",2012.0,en,6.5,225000000.0,5.0,3.0,1.0,Action,May,23.0,0.296,0.1114,0.0124,6.5,624000000.0
77877.0,United States of America,2012.0,en,7.2,25000000.0,5.0,2.0,1.0,Drama,April,19.0,0.2766,0.1534,0.0235,7.2,99400000.0
58595.0,United States of America,2012.0,en,6.0,170000000.0,5.0,3.0,1.0,Adventure,May,30.0,0.2834,0.1404,0.0197,6.0,396600000.0
52520.0,United States of America,2012.0,en,6.322,70000000.0,5.0,3.0,2.0,Fantasy,January,19.0,0.2947,0.1147,0.0132,6.322,160112671.0
84892.0,United States of America,2012.0,en,7.8,13000000.0,5.0,1.0,1.0,Drama,September,20.0,0.2965,0.11,0.0121,7.8,33384127.0
76493.0,United States of America,2012.0,en,6.2,65000000.0,5.0,1.0,1.0,Comedy,May,15.0,0.2916,0.1224,0.015,6.2,179379533.0
87502.0,United States of America,2012.0,en,6.842,31000000.0,5.0,1.0,1.0,Drama,November,2.0,0.2533,0.1893,0.0358,6.842,161772575.0
113082.0,Japan,2012.0,ja,7.2,0.0,5.0,4.0,1.0,Animation,February,3.0,0.2886,0.1294,0.0167,7.2,2152610.0
133121.0,Japan,2012.0,ja,6.879,0.0,5.0,3.0,1.0,Animation,September,25.0,0.2741,0.1576,0.0248,6.879,2325035.0
62213.0,"United Kingdom, United States of America",2012.0,en,6.1,150000000.0,5.0,2.0,1.0,Comedy,May,9.0,0.2605,0.1793,0.0322,6.1,245527149.0
59967.0,United States of America,2012.0,en,6.889,30000000.0,5.0,3.0,1.0,Action,September,26.0,0.2971,0.1083,0.0117,6.889,47042000.0
49040.0,United States of America,2012.0,en,6.228,130000000.0,5.0,2.0,1.0,Action,August,8.0,0.2654,0.1719,0.0296,6.228,276600000.0
97630.0,United States of America,2012.0,en,7.0,40000000.0,5.0,2.0,1.0,Thriller,December,19.0,0.275,0.1561,0.0244,7.0,132800000.0
118957.0,"Singapore, Australia",2012.0,en,5.7,30000000.0,5.0,1.0,1.0,Horror,September,5.0,0.3036,0.0885,0.0078,5.7,32500000.0
61012.0,"Canada, France, Japan, United States of America",2012.0,en,5.5,20000000.0,5.0,3.0,1.0,Thriller,October,10.0,0.2828,0.1414,0.02,5.5,55362705.0
64635.0,"Canada, India, United States of America",2012.0,en,6.02,125000000.0,5.0,3.0,1.0,Action,August,2.0,0.2911,0.1236,0.0153,6.02,198800000.0
121734.0,"France, Spain",2012.0,es,6.3,10500000.0,5.0,4.0,1.0,Animation,August,10.0,0.2615,0.1778,0.0316,6.3,23000000.0
72331.0,"Russia, United States of America",2012.0,en,5.7,69000000.0,5.0,3.0,1.0,Action,June,20.0,0.2975,0.1071,0.0115,5.7,116500000.0
80278.0,"Spain, United States of America",2012.0,en,7.362,45000000.0,5.0,3.0,1.0,Drama,September,9.0,0.2733,0.1591,0.0253,7.362,198100000.0
82695.0,"United Kingdom, United States of America",2012.0,en,7.3,61000000.0,5.0,2.0,1.0,History,December,18.0,0.291,0.1237,0.0153,7.3,442636309.0
114478.0,"Japan, United States of America",2012.0,en,5.856,0.0,5.0,3.0,1.0,Animation,August,28.0,0.2636,0.1747,0.0305,5.856,193425.0
62214.0,United States of America,2012.0,en,6.992,39000000.0,5.0,3.0,1.0,Animation,October,4.0,0.2939,0.1166,0.0136,6.992,81493846.0
68734.0,"United Kingdom, United States of America",2012.0,en,7.278,44500000.0,5.0,2.0,1.0,Drama,October,11.0,0.3039,0.0876,0.0077,7.278,232300000.0
127533.0,Japan,2012.0,ja,7.522,0.0,5.0,5.0,1.0,Adventure,August,25.0,0.2794,0.1481,0.0219,7.522,61700000.0
110420.0,Japan,2012.0,ja,8.2,0.0,5.0,4.0,1.0,Animation,July,21.0,0.2809,0.1452,0.0211,8.2,55060661.0
83542.0,"Germany, United States of America, China, Hong Kong, Singapore",2012.0,en,6.886,102000000.0,5.0,2.0,3.0,Drama,October,26.0,0.2851,0.1369,0.0187,6.886,130482868.0
62764.0,United States of America,2012.0,en,5.9,85000000.0,5.0,4.0,1.0,Adventure,March,15.0,0.236,0.2105,0.0443,5.9,183018522.0
60747.0,United States of America,2012.0,en,5.706,65000000.0,5.0,2.0,1.0,Action,March,15.0,0.2883,0.1299,0.0169,5.706,44806783.0
75174.0,"United Kingdom, United States of America",2012.0,en,6.6,25000000.0,5.0,4.0,1.0,Action,January,26.0,0.2786,0.1495,0.0224,6.6,79781695.0
82693.0,United States of America,2012.0,en,7.1,21000000.0,5.0,3.0,1.0,Drama,November,16.0,0.2914,0.1228,0.0151,7.1,236412453.0
77174.0,United States of America,2012.0,en,6.989,60000000.0,5.0,4.0,2.0,Family,August,3.0,0.2532,0.1895,0.0359,6.989,107139399.0
49049.0,"South Africa, United Kingdom, United States of America, India",2012.0,en,6.84,50000000.0,5.0,2.0,1.0,Action,September,7.0,0.2968,0.1091,0.0119,6.84,41037742.0
72387.0,"India, United States of America",2012.0,en,6.485,30000000.0,5.0,3.0,1.0,Action,April,16.0,0.2997,0.1009,0.0102,6.485,40300000.0
87825.0,United States of America,2012.0,en,6.993,60000000.0,5.0,2.0,1.0,Drama,September,21.0,0.268,0.1678,0.0282,6.993,49000000.0
98567.0,"China, Hong Kong",2012.0,cn,6.2,26000000.0,5.0,2.0,1.0,Action,December,20.0,0.2921,0.1211,0.0147,6.2,171300000.0
103332.0,United States of America,2012.0,en,7.1,8000000.0,5.0,4.0,2.0,Comedy,July,25.0,0.2789,0.149,0.0222,7.1,9368803.0
89492.0,United States of America,2012.0,en,5.9,35000000.0,5.0,1.0,1.0,Comedy,December,20.0,0.2557,0.186,0.0346,5.9,88200000.0
113947.0,United States of America,2012.0,en,6.902,1000000.0,5.0,3.0,1.0,Drama,May,2.0,0.2998,0.1005,0.0101,6.902,9138338.0
72570.0,United States of America,2012.0,en,7.2,30000000.0,5.0,2.0,1.0,Drama,February,5.0,0.2835,0.14,0.0196,7.2,196114570.0
121875.0,France,2012.0,fr,7.237,0.0,5.0,4.0,1.0,Comedy,September,26.0,0.2744,0.1572,0.0247,7.237,11879046.0
127493.0,United States of America,2012.0,en,5.465,35000000.0,5.0,3.0,1.0,Action,September,6.0,0.2888,0.1288,0.0166,5.465,2106557.0
127372.0,"Japan, United States of America",2012.0,en,6.1,0.0,5.0,3.0,1.0,Drama,September,14.0,0.2907,0.1246,0.0155,6.1,14858240.0
71668.0,United States of America,2012.0,en,4.314,5000000.0,5.0,3.0,1.0,Horror,May,11.0,0.2892,0.128,0.0164,4.314,8493728.0
176983.0,Japan,2012.0,ja,7.488,0.0,5.0,4.0,1.0,Animation,December,15.0,0.2724,0.1607,0.0258,7.488,74223861.0
85446.0,United States of America,2012.0,en,6.9,33000000.0,5.0,3.0,1.0,Music,July,26.0,0.3028,0.0913,0.0083,6.9,140470746.0
82650.0,"United States of America, Canada",2012.0,en,6.3,22000000.0,5.0,2.0,1.0,Comedy,August,2.0,0.2685,0.167,0.0279,6.3,76196538.0
76494.0,United States of America,2012.0,en,5.997,40000000.0,5.0,3.0,1.0,Romance,May,17.0,0.2811,0.1448,0.021,5.997,79700000.0
72976.0,"India, United States of America",2012.0,en,6.9,65000000.0,5.0,2.0,1.0,History,November,9.0,0.2897,0.1268,0.0161,6.9,275300000.0
75674.0,United States of America,2012.0,en,6.5,12000000.0,5.0,3.0,2.0,Action,February,24.0,0.25,0.1936,0.0375,6.5,82499399.0
77883.0,"United States of America, Canada",2012.0,en,6.037,14000000.0,5.0,2.0,1.0,Horror,August,30.0,0.301,0.0969,0.0094,6.037,85400000.0
65086.0,"Canada, United Kingdom",2012.0,en,6.1,32000000.0,5.0,3.0,1.0,Drama,February,3.0,0.2562,0.1854,0.0344,6.1,129000000.0
59962.0,United States of America,2012.0,en,6.2,65000000.0,5.0,3.0,1.0,Action,February,14.0,0.2976,0.1071,0.0115,6.2,156974557.0
134597.0,United States of America,2012.0,en,6.4,0.0,5.0,2.0,1.0,Horror,November,30.0,0.2951,0.1137,0.0129,6.4,6842058.0
10679.0,"Finland, Germany, Australia",2012.0,en,5.7,7500000.0,5.0,3.0,1.0,Action,April,4.0,0.2978,0.1065,0.0113,5.7,10109659.0
116979.0,Canada,2012.0,en,6.9,0.0,5.0,3.0,1.0,Horror,October,2.0,0.2853,0.1364,0.0186,6.9,77839.0
75638.0,"Spain, United States of America",2012.0,en,6.2,14000000.0,5.0,1.0,1.0,Thriller,March,2.0,0.2425,0.2029,0.0412,6.2,13551174.0
83666.0,United States of America,2012.0,en,7.685,16000000.0,5.0,3.0,1.0,Comedy,May,16.0,0.2722,0.161,0.0259,7.685,68263166.0
103686.0,"Austria, France, Germany",2012.0,de,6.8,3600000.0,5.0,1.0,1.0,Drama,April,27.0,0.251,0.1924,0.037,6.8,24267.0
93856.0,United States of America,2012.0,en,5.3,1000000.0,5.0,2.0,1.0,Horror,May,24.0,0.2654,0.1719,0.0296,5.3,38390020.0
126319.0,"Belgium, France, Luxembourg",2012.0,fr,7.8,12516654.0,5.0,5.0,3.0,Animation,December,12.0,0.2524,0.1906,0.0363,7.8,8109160.0
77866.0,"Iceland, United Kingdom, United States of America",2012.0,en,6.331,25000000.0,5.0,4.0,1.0,Thriller,January,12.0,0.2538,0.1886,0.0356,6.331,96262212.0
119698.0,United Kingdom,2012.0,en,5.8,0.0,5.0,3.0,1.0,Adventure,August,9.0,0.2687,0.1667,0.0278,5.8,2412576.0
75629.0,Japan,2012.0,ja,7.2,13000000.0,5.0,4.0,4.0,Animation,November,17.0,0.2853,0.1364,0.0186,7.2,67282623.0
87826.0,United States of America,2012.0,en,6.188,42000000.0,5.0,3.0,1.0,Comedy,October,10.0,0.286,0.135,0.0182,6.188,73100000.0
77016.0,United States of America,2012.0,en,7.3,7000000.0,5.0,3.0,1.0,Crime,September,20.0,0.296,0.1114,0.0124,7.3,55078146.0
96724.0,United Kingdom,2012.0,en,6.7,40600000.0,5.0,3.0,1.0,Drama,September,6.0,0.277,0.1525,0.0233,6.7,68929150.0
76489.0,United States of America,2012.0,en,5.8,30000000.0,5.0,1.0,2.0,Comedy,April,13.0,0.2955,0.1127,0.0127,5.8,54819301.0
84188.0,United States of America,2012.0,en,6.367,270000.0,5.0,2.0,1.0,Drama,August,23.0,0.2959,0.1116,0.0125,6.367,592116.0
72358.0,United States of America,2012.0,en,6.1,40000000.0,5.0,2.0,1.0,Drama,March,7.0,0.2988,0.1037,0.0107,6.1,22044277.0
64689.0,United States of America,2012.0,en,6.024,15000000.0,5.0,2.0,1.0,Crime,July,30.0,0.3011,0.0965,0.0093,6.024,37930465.0
245178.0,"India, Italy",2012.0,bn,4.7,0.0,5.0,4.0,1.0,Action,August,30.0,0.2462,0.1985,0.0394,4.7,970000.0
80389.0,United States of America,2012.0,en,6.581,35000000.0,5.0,4.0,1.0,Action,March,15.0,0.2897,0.1268,0.0161,6.581,8826837.0
80035.0,United States of America,2012.0,en,5.584,68000000.0,5.0,3.0,1.0,Comedy,July,26.0,0.2975,0.1071,0.0115,5.584,68267862.0
79548.0,"United States of America, Australia",2012.0,en,6.2,0.0,5.0,2.0,1.0,Thriller,February,23.0,0.2886,0.1294,0.0167,6.2,18100189.0
72431.0,United States of America,2012.0,en,6.6,58000000.0,5.0,5.0,1.0,Drama,January,19.0,0.3013,0.0962,0.0092,6.6,50365377.0
59961.0,United States of America,2012.0,en,6.5,85000000.0,5.0,2.0,1.0,Action,February,8.0,0.2458,0.199,0.0396,6.5,208076205.0
80280.0,Spain,2012.0,es,5.291,6400000.0,5.0,1.0,1.0,Horror,March,30.0,0.2949,0.1141,0.013,5.291,11019975.0
185526.0,Japan,2012.0,ja,6.1,0.0,5.0,3.0,1.0,Action,August,4.0,0.2524,0.1906,0.0363,6.1,447630.0
103620.0,France,2012.0,en,6.0,6000000.0,5.0,2.0,1.0,Horror,December,26.0,0.2644,0.1735,0.0301,6.0,2631275.0
80271.0,United States of America,2012.0,en,6.1,11000000.0,5.0,3.0,1.0,Drama,February,10.0,0.1947,0.2492,0.0621,6.1,10500000.0
77930.0,United States of America,2012.0,en,6.2,7000000.0,5.0,2.0,1.0,Drama,June,28.0,0.2871,0.1325,0.0176,6.2,167200000.0
82505.0,"United States of America, Canada",2012.0,en,5.8,6900000.0,5.0,2.0,1.0,Horror,September,21.0,0.2711,0.1629,0.0265,5.8,44287131.0
68722.0,United States of America,2012.0,en,7.117,32000000.0,5.0,1.0,1.0,Drama,September,14.0,0.2944,0.1156,0.0134,7.117,28258060.0
38541.0,"Canada, Germany, United States of America",2012.0,en,5.927,3000000.0,5.0,3.0,1.0,Horror,January,13.0,0.2894,0.1275,0.0163,5.927,156362.0
71864.0,United States of America,2012.0,en,7.0,25000000.0,5.0,4.0,1.0,Fantasy,August,15.0,0.2985,0.1044,0.0109,7.0,56012642.0
83686.0,United States of America,2012.0,en,6.644,6000000.0,5.0,2.0,2.0,Drama,September,7.0,0.2674,0.1689,0.0285,6.644,13231461.0
152044.0,Japan,2012.0,ja,7.6,0.0,5.0,3.0,1.0,Thriller,October,13.0,0.277,0.1525,0.0233,7.6,5300000.0
82990.0,"United States of America, Australia",2012.0,en,5.407,5000000.0,5.0,1.0,2.0,Horror,October,17.0,0.2534,0.1892,0.0358,5.407,142802657.0
81796.0,France,2012.0,en,5.937,20000000.0,5.0,3.0,2.0,Action,April,12.0,0.2697,0.1651,0.0272,5.937,32948113.0
58244.0,"Canada, France",2012.0,en,6.272,60000000.0,5.0,4.0,1.0,Romance,September,27.0,0.2712,0.1627,0.0265,6.272,22187813.0
78698.0,"Canada, United Kingdom, United States of America",2012.0,en,6.7,40000000.0,5.0,4.0,1.0,Adventure,February,2.0,0.3001,0.0997,0.0099,6.7,24719215.0
82633.0,United States of America,2012.0,en,7.1,26000000.0,5.0,3.0,1.0,Crime,August,29.0,0.2828,0.1414,0.02,7.1,55404207.0
118451.0,South Korea,2012.0,ko,7.0,0.0,5.0,2.0,1.0,Drama,April,25.0,0.2704,0.1639,0.0269,7.0,9048531.0
101731.0,United States of America,2012.0,en,6.987,0.0,5.0,2.0,1.0,Drama,July,6.0,0.284,0.139,0.0193,6.987,123821.0
77953.0,United States of America,2012.0,en,5.824,95000000.0,5.0,1.0,1.0,Comedy,August,9.0,0.2556,0.1862,0.0347,5.824,104907746.0
97434.0,United States of America,2012.0,en,5.477,0.0,5.0,2.0,1.0,Comedy,April,25.0,0.288,0.1305,0.017,5.477,1203942.0
123229.0,France,2012.0,fr,5.027,0.0,5.0,1.0,1.0,Comedy,July,11.0,0.2634,0.175,0.0306,5.027,103504.0
74534.0,"United Arab Emirates, United Kingdom, United States of America",2012.0,en,6.944,10000000.0,5.0,2.0,1.0,Drama,February,23.0,0.2414,0.2043,0.0417,6.944,136800000.0
201223.0,Japan,2012.0,ja,7.3,0.0,5.0,5.0,1.0,Animation,December,28.0,0.264,0.1741,0.0303,7.3,5994921.0
133694.0,"United Arab Emirates, United States of America",2012.0,en,6.287,15000000.0,5.0,1.0,1.0,Drama,September,23.0,0.2904,0.1253,0.0157,6.287,8100000.0
122857.0,United States of America,2012.0,en,5.5,11500000.0,5.0,3.0,1.0,Action,October,4.0,0.2722,0.1609,0.0259,5.5,1402307.0
68812.0,United States of America,2012.0,en,6.5,20000000.0,5.0,3.0,1.0,Thriller,September,1.0,0.2929,0.1191,0.0142,6.5,1969193.0
103328.0,"Germany, France",2012.0,fr,6.991,4000000.0,5.0,2.0,1.0,Drama,July,2.0,0.2359,0.2106,0.0443,6.991,641100.0
93837.0,United States of America,2012.0,en,6.129,15000000.0,5.0,2.0,1.0,Action,December,6.0,0.292,0.1214,0.0147,6.129,2500000.0
82525.0,"France, United States of America",2012.0,en,6.349,45000000.0,5.0,3.0,1.0,Crime,July,6.0,0.2773,0.1519,0.0231,6.349,82966152.0
115210.0,"Ireland, United States of America",2012.0,en,6.3,100000.0,5.0,1.0,1.0,Horror,October,5.0,0.311,0.0573,0.0033,6.3,95000.0
99770.0,"France, Hungary, Italy, Spain",2012.0,fr,5.095,61000000.0,5.0,3.0,1.0,Family,October,17.0,0.2357,0.2108,0.0444,5.095,61319383.0
160642.0,Japan,2012.0,ja,7.0,0.0,5.0,3.0,1.0,Family,March,3.0,0.3006,0.0981,0.0096,7.0,46180706.0
152042.0,Japan,2012.0,ja,7.5,0.0,5.0,3.0,1.0,Thriller,October,5.0,0.2761,0.1542,0.0238,7.5,5816330.0
120852.0,Japan,2012.0,ja,6.7,0.0,5.0,2.0,1.0,Thriller,November,10.0,0.301,0.0971,0.0094,6.7,26167224.0
70074.0,"India, Switzerland, United States of America",2012.0,en,5.6,55000000.0,5.0,3.0,1.0,Action,November,14.0,0.2905,0.1248,0.0156,5.6,9489829.0
84348.0,United States of America,2012.0,en,6.096,0.0,5.0,2.0,9.0,Thriller,July,28.0,0.2758,0.1547,0.0239,6.096,100345.0
72197.0,United Kingdom,2012.0,en,6.5,60000000.0,5.0,4.0,1.0,Animation,March,12.0,0.28,0.147,0.0216,6.5,123054041.0
150213.0,Japan,2012.0,ja,6.4,0.0,5.0,6.0,1.0,Family,July,13.0,0.2219,0.2253,0.0508,6.4,44057737.0
129112.0,"Germany, Saudi Arabia",2012.0,ar,7.2,0.0,5.0,1.0,1.0,Drama,August,31.0,0.2946,0.1149,0.0132,7.2,6499169.0
97430.0,"China, Hong Kong, United States of America",2012.0,en,5.5,15000000.0,5.0,1.0,1.0,Action,November,2.0,0.2656,0.1717,0.0295,5.5,20546518.0
83770.0,"Brazil, France, United Kingdom, United States of America",2012.0,en,5.6,25000000.0,5.0,2.0,1.0,Adventure,May,22.0,0.2739,0.1581,0.025,5.6,8784318.0
80585.0,United States of America,2012.0,en,6.2,75000000.0,5.0,4.0,1.0,Comedy,June,13.0,0.2818,0.1435,0.0206,6.2,59400000.0
82390.0,United States of America,2012.0,en,5.5,12500000.0,5.0,3.0,1.0,Thriller,September,14.0,0.2771,0.1523,0.0232,5.5,1353868.0
123678.0,"Denmark, Norway, United Kingdom",2012.0,id,7.7,1000000.0,5.0,1.0,1.0,Documentary,November,1.0,0.2974,0.1074,0.0115,7.7,722714.0
68179.0,"Canada, United States of America",2012.0,en,5.7,40000000.0,5.0,5.0,1.0,Animation,October,9.0,0.2573,0.1838,0.0338,5.7,74597643.0
86541.0,"Spain, Germany",2012.0,es,6.6,0.0,5.0,2.0,1.0,Comedy,February,3.0,0.2569,0.1844,0.034,6.6,1438697.0
67660.0,United States of America,2012.0,en,6.8,12000000.0,5.0,2.0,1.0,Comedy,April,20.0,0.292,0.1213,0.0147,6.8,96070507.0
121674.0,"United Kingdom, United States of America",2012.0,en,6.383,0.0,5.0,2.0,1.0,Drama,November,30.0,0.2988,0.1037,0.0107,6.383,6202879.0
118628.0,India,2012.0,hi,7.2,2840000.0,5.0,3.0,1.0,Comedy,September,21.0,0.2912,0.1233,0.0152,7.2,11620000.0
72207.0,United States of America,2012.0,en,5.848,30000000.0,5.0,2.0,1.0,Comedy,April,27.0,0.3024,0.0926,0.0086,5.848,54169363.0
137548.0,Italy,2012.0,it,5.7,40000000.0,5.0,2.0,1.0,Animation,October,18.0,0.2846,0.1378,0.019,5.7,10079201.0
81025.0,"France, United Kingdom",2012.0,en,6.436,14400000.0,5.0,3.0,1.0,Drama,March,9.0,0.2887,0.1291,0.0167,6.436,34564651.0
137182.0,"Belgium, Netherlands",2012.0,nl,7.698,0.0,5.0,1.0,1.0,Drama,October,9.0,0.3084,0.07,0.0049,7.698,5500000.0
79694.0,"Germany, United States of America",2012.0,en,4.5,17000000.0,5.0,2.0,1.0,Horror,August,23.0,0.2959,0.1115,0.0124,4.5,9627492.0
117691.0,India,2012.0,hi,7.1,1400000.0,5.0,3.0,1.0,Action,June,22.0,0.2183,0.2288,0.0523,7.1,4100000.0
86838.0,United Kingdom,2012.0,en,6.8,15000000.0,5.0,2.0,1.0,Comedy,October,12.0,0.2619,0.1773,0.0314,6.8,33035736.0
76487.0,United States of America,2012.0,en,4.7,1000000.0,5.0,2.0,1.0,Horror,January,6.0,0.2819,0.1432,0.0205,4.7,101800000.0
103370.0,United States of America,2012.0,en,6.1,20000000.0,5.0,3.0,1.0,Drama,June,29.0,0.2832,0.1406,0.0198,6.1,66899242.0
50647.0,United States of America,2012.0,en,5.502,35000000.0,5.0,2.0,1.0,Comedy,February,23.0,0.2475,0.1969,0.0387,5.502,24200000.0
74387.0,"Canada, United States of America",2012.0,en,6.4,0.0,5.0,2.0,1.0,Comedy,January,6.0,0.2854,0.1362,0.0186,6.4,6483963.0
94348.0,"United States of America, France",2012.0,en,5.186,45000000.0,5.0,4.0,1.0,Action,October,18.0,0.2927,0.1197,0.0143,5.186,30353232.0
86837.0,"Austria, France, Germany",2012.0,fr,7.762,8900000.0,5.0,2.0,1.0,Drama,September,20.0,0.3029,0.0908,0.0082,7.762,29800000.0
82684.0,United States of America,2012.0,en,7.014,0.0,5.0,1.0,2.0,Drama,October,25.0,0.287,0.1328,0.0176,7.014,7900000.0
112336.0,United States of America,2012.0,en,6.6,15700000.0,5.0,1.0,1.0,Drama,November,22.0,0.2722,0.161,0.0259,6.6,23570541.0
88273.0,"Czech Republic, Denmark, Germany, Sweden",2012.0,da,7.4,8000000.0,5.0,3.0,1.0,Drama,March,29.0,0.2491,0.1948,0.0379,7.4,14800000.0
49526.0,United States of America,2012.0,en,6.3,35000000.0,5.0,3.0,1.0,Crime,August,24.0,0.274,0.1579,0.0249,6.3,31100000.0
70436.0,"Hungary, Serbia, Spain, United States of America",2012.0,en,6.288,26000000.0,5.0,3.0,1.0,Crime,March,9.0,0.2813,0.1445,0.0209,6.288,29657751.0
97614.0,"France, United States of America",2012.0,en,6.0,12000000.0,5.0,3.0,1.0,Crime,November,8.0,0.2775,0.1517,0.023,6.0,1900000.0
96399.0,"Mexico, United States of America",2012.0,en,6.753,12000000.0,5.0,4.0,1.0,History,June,1.0,0.3012,0.0963,0.0093,6.753,10173682.0
54054.0,United States of America,2012.0,en,5.6,40000000.0,5.0,3.0,1.0,Action,January,26.0,0.2708,0.1632,0.0266,5.6,36893721.0
88042.0,United States of America,2012.0,en,6.0,25000000.0,5.0,1.0,1.0,Comedy,December,25.0,0.265,0.1725,0.0298,6.0,119772232.0
49527.0,United States of America,2012.0,en,6.427,42000000.0,5.0,3.0,1.0,Action,January,13.0,0.2479,0.1963,0.0385,6.427,46221189.0
128136.0,Canada,2012.0,en,6.8,0.0,5.0,3.0,1.0,Comedy,September,11.0,0.2651,0.1725,0.0297,6.8,45250.0
94901.0,United States of America,2012.0,en,4.6,2500000.0,5.0,1.0,1.0,Drama,February,14.0,0.3045,0.0854,0.0073,4.6,8315.0
139567.0,"United Kingdom, United States of America",2012.0,en,5.674,20000000.0,5.0,4.0,1.0,Action,August,31.0,0.2979,0.106,0.0112,5.674,2500277.0
87496.0,"Canada, United States of America",2012.0,en,6.174,2000000.0,5.0,2.0,1.0,Drama,December,20.0,0.2867,0.1334,0.0178,6.174,20014680.0
85872.0,"Belgium, France, Spain",2012.0,fr,6.2,0.0,5.0,1.0,1.0,Comedy,March,7.0,0.2919,0.1216,0.0148,6.2,306724.0
78215.0,"Germany, France, Norway, Sweden",2012.0,no,6.9,0.0,5.0,3.0,1.0,War,March,9.0,0.2364,0.2101,0.0441,6.9,712216.0
149427.0,Norway,2012.0,no,6.0,5000000.0,5.0,3.0,1.0,Fantasy,November,9.0,0.2778,0.1511,0.0228,6.0,7419431.0
154030.0,South Korea,2012.0,ko,7.0,0.0,5.0,2.0,1.0,Action,December,25.0,0.3086,0.0692,0.0048,7.0,36531605.0
124157.0,"Hong Kong, South Korea",2012.0,ko,6.7,0.0,5.0,2.0,1.0,Action,July,25.0,0.2758,0.1547,0.0239,6.7,83519699.0
122583.0,Japan,2012.0,ja,6.945,0.0,5.0,3.0,2.0,Animation,April,14.0,0.2764,0.1536,0.0236,6.945,44369456.0
121642.0,"Italy, Spain",2012.0,it,7.3,13000000.0,5.0,3.0,1.0,Drama,September,13.0,0.2787,0.1494,0.0223,7.3,18295.0
110146.0,Australia,2012.0,en,6.8,9000000.0,5.0,2.0,1.0,Comedy,August,8.0,0.2849,0.1372,0.0188,6.8,20400000.0
82687.0,United States of America,2012.0,en,5.597,40000000.0,5.0,1.0,1.0,Comedy,December,19.0,0.2263,0.2209,0.0488,5.597,41863726.0
134126.0,South Korea,2012.0,ko,6.8,3500000.0,5.0,4.0,1.0,Drama,October,11.0,0.284,0.139,0.0193,6.8,7339398.0
84174.0,United States of America,2012.0,en,5.407,3000000.0,5.0,2.0,1.0,Comedy,January,23.0,0.2463,0.1983,0.0393,5.407,11947954.0
84199.0,United States of America,2012.0,en,7.0,2000000.0,5.0,3.0,1.0,Drama,October,19.0,0.2692,0.1659,0.0275,7.0,92654.0
146724.0,South Korea,2012.0,ko,7.155,0.0,5.0,3.0,1.0,Drama,December,19.0,0.2911,0.1236,0.0153,7.155,16786016.0
49014.0,"Canada, France",2012.0,en,5.7,20500000.0,5.0,1.0,1.0,Drama,May,25.0,0.2828,0.1414,0.02,5.7,6063556.0
73567.0,United States of America,2012.0,en,6.5,10000000.0,5.0,2.0,1.0,Crime,June,7.0,0.3005,0.0986,0.0097,6.5,4633668.0
102207.0,"Belgium, France, Mexico",2012.0,fr,5.3,50000000.0,5.0,3.0,1.0,Family,April,3.0,0.3002,0.0995,0.0099,5.3,50100000.0
117974.0,United Kingdom,2012.0,en,6.274,0.0,5.0,3.0,1.0,Comedy,November,30.0,0.2937,0.1172,0.0137,6.274,61782.0
123105.0,United States of America,2012.0,en,5.8,2000000.0,5.0,3.0,1.0,Horror,September,13.0,0.2685,0.1671,0.0279,5.8,1581252.0
88005.0,"United States of America, Malaysia, Singapore",2012.0,en,6.572,10000000.0,5.0,4.0,1.0,Comedy,June,22.0,0.27,0.1647,0.0271,6.572,9636289.0
146578.0,"Canada, United States of America",2012.0,en,5.2,0.0,5.0,1.0,1.0,Action,November,1.0,0.2582,0.1826,0.0333,5.2,1469.0
164372.0,Russia,2012.0,ru,5.8,7000000.0,5.0,3.0,2.0,Animation,October,11.0,0.303,0.0906,0.0082,5.8,12400000.0
110398.0,"Chile, United States of America",2012.0,es,7.184,0.0,5.0,2.0,1.0,Drama,August,9.0,0.2475,0.1969,0.0387,7.184,2341226.0
135531.0,Japan,2012.0,ja,7.25,0.0,5.0,5.0,1.0,Animation,August,18.0,0.2952,0.1133,0.0128,7.25,911467.0
126250.0,"Denmark, France, Italy, Japan, Sweden, Germany",2012.0,da,6.0,5500000.0,5.0,3.0,1.0,Comedy,September,6.0,0.2324,0.2145,0.046,6.0,16722143.0
84332.0,United States of America,2012.0,en,6.785,750000.0,5.0,3.0,1.0,Comedy,June,8.0,0.283,0.1411,0.0199,6.785,4424699.0
121873.0,"France, Germany, Luxembourg",2012.0,de,6.9,0.0,5.0,1.0,1.0,Drama,September,11.0,0.2819,0.1432,0.0205,6.9,717205.0
123103.0,"Chile, United States of America",2012.0,es,5.1,2000000.0,5.0,2.0,1.0,Horror,September,12.0,0.2817,0.1436,0.0206,5.1,58510.0
103747.0,"Belgium, France, Italy, United Kingdom",2012.0,en,6.952,0.0,5.0,2.0,1.0,Drama,June,1.0,0.2736,0.1586,0.0251,6.952,7034007.0
109513.0,United States of America,2012.0,en,5.699,2000000.0,5.0,3.0,2.0,Action,August,22.0,0.2518,0.1913,0.0366,5.699,14400000.0
123377.0,South Korea,2012.0,ko,7.1,103000.0,5.0,1.0,1.0,Drama,September,5.0,0.2658,0.1713,0.0293,7.1,6616296.0
100271.0,Japan,2012.0,ja,7.4,0.0,5.0,5.0,1.0,Comedy,April,21.0,0.281,0.1451,0.021,7.4,6748888.0
60599.0,United States of America,2012.0,en,6.315,12000000.0,5.0,2.0,1.0,Drama,September,14.0,0.2979,0.106,0.0112,6.315,35500000.0
139651.0,France,2012.0,fr,6.2,0.0,5.0,2.0,1.0,Comedy,September,17.0,0.2926,0.1199,0.0144,6.2,11384015.0
72890.0,United States of America,2012.0,en,5.6,0.0,5.0,1.0,2.0,Comedy,September,7.0,0.2864,0.134,0.018,5.6,1378426.0
85373.0,"Germany, Italy, United Kingdom, United States of America",2012.0,en,6.2,0.0,5.0,3.0,2.0,Music,March,30.0,0.2546,0.1876,0.0352,6.2,2653454.0
91186.0,"China, Hong Kong",2012.0,cn,7.479,0.0,5.0,1.0,1.0,Drama,March,9.0,0.2585,0.1822,0.0332,7.479,2802459.0
84200.0,United States of America,2012.0,en,5.9,850000.0,5.0,2.0,1.0,Comedy,August,31.0,0.2992,0.1023,0.0105,5.9,1243961.0
84329.0,United States of America,2012.0,en,6.9,2500000.0,5.0,4.0,1.0,Science Fiction,August,16.0,0.2815,0.1441,0.0208,6.9,3325038.0
224746.0,"Sweden, Finland, Iraq",2012.0,ku,7.505,2176270.0,5.0,1.0,1.0,Drama,November,30.0,0.2704,0.1639,0.0269,7.505,479226.0
103740.0,"Belgium, France, Romania",2012.0,ro,7.1,0.0,5.0,2.0,1.0,Drama,September,12.0,0.2626,0.1762,0.031,7.1,124919.0
86467.0,"Italy, United Kingdom",2012.0,en,5.3,9000000.0,5.0,2.0,2.0,Romance,March,9.0,0.2519,0.1912,0.0365,5.3,8303261.0
81836.0,"Italy, United States of America",2012.0,en,5.8,17000000.0,5.0,2.0,1.0,Comedy,April,20.0,0.2117,0.2349,0.0552,5.8,73200000.0
121828.0,Japan,2012.0,ja,7.034,0.0,5.0,2.0,1.0,Action,September,3.0,0.2546,0.1876,0.0352,7.034,16215856.0
116977.0,United States of America,2012.0,en,1.899,65000000.0,5.0,6.0,1.0,Adventure,June,15.0,0.2852,0.1367,0.0187,1.899,73706.0
138122.0,India,2012.0,hi,5.7,8391922.0,5.0,3.0,1.0,Comedy,October,19.0,0.3038,0.0879,0.0077,5.7,13749809.0
139933.0,United States of America,2012.0,en,5.1,0.0,5.0,3.0,1.0,Thriller,November,7.0,0.2926,0.1199,0.0144,5.1,14752.0
91679.0,United States of America,2012.0,en,6.8,0.0,5.0,1.0,1.0,Drama,November,9.0,0.2268,0.2204,0.0486,6.8,87910.0
84184.0,United States of America,2012.0,en,6.4,0.0,5.0,3.0,1.0,Comedy,August,3.0,0.2917,0.122,0.0149,6.4,3094813.0
111237.0,Russia,2012.0,ru,5.7,11000000.0,5.0,4.0,1.0,Action,May,3.0,0.254,0.1884,0.0355,5.7,7200000.0
82696.0,United States of America,2012.0,en,6.257,30000000.0,5.0,3.0,1.0,Drama,August,7.0,0.2904,0.1253,0.0157,6.257,114281051.0
99579.0,"France, Spain",2012.0,fr,5.9,0.0,5.0,2.0,1.0,Drama,March,21.0,0.266,0.1709,0.0292,5.9,5297232.0
90369.0,United Kingdom,2012.0,en,7.3,4500000.0,5.0,2.0,1.0,Drama,September,19.0,0.2654,0.1719,0.0296,7.3,2700000.0
85739.0,"France, Italy",2012.0,it,7.0,5000000.0,5.0,3.0,1.0,Action,January,27.0,0.3057,0.0811,0.0066,7.0,3300000.0
130739.0,Germany,2012.0,de,7.2,300000.0,5.0,2.0,1.0,Drama,November,1.0,0.291,0.1237,0.0153,7.2,2750275.0
138376.0,Canada,2012.0,en,5.586,0.0,5.0,2.0,1.0,Action,November,29.0,0.2462,0.1985,0.0394,5.586,5750.0
77875.0,United States of America,2012.0,en,5.7,35000000.0,5.0,2.0,1.0,Comedy,November,29.0,0.2722,0.1609,0.0259,5.7,30962335.0
84334.0,"Finland, South Africa, Sweden, United Kingdom, United States of America",2012.0,en,7.879,1000000.0,5.0,2.0,1.0,Music,June,30.0,0.263,0.1757,0.0309,7.879,3696196.0
127501.0,India,2012.0,hi,7.5,4437508.0,5.0,3.0,1.0,Drama,September,13.0,0.24,0.2059,0.0424,7.5,2804874.0
89584.0,Turkey,2012.0,tr,6.057,2581561.0,5.0,4.0,1.0,Adventure,February,16.0,0.2976,0.107,0.0115,6.057,9001826.0
58547.0,United States of America,2012.0,en,5.8,0.0,5.0,2.0,1.0,Comedy,September,14.0,0.265,0.1725,0.0298,5.8,203373.0
118293.0,"Belgium, France, Canada",2012.0,fr,6.352,0.0,5.0,3.0,1.0,Comedy,September,26.0,0.3089,0.0677,0.0046,6.352,2514478.0
84165.0,"Belgium, France, Germany, United States of America",2012.0,en,5.6,8000000.0,5.0,3.0,1.0,Comedy,March,28.0,0.2854,0.1362,0.0186,5.6,1653792.0
136793.0,"United States of America, South Korea",2012.0,en,5.8,0.0,5.0,4.0,2.0,Animation,December,7.0,0.2673,0.169,0.0286,5.8,6423279.0
59963.0,"South Africa, United States of America",2012.0,en,4.8,25000000.0,5.0,3.0,1.0,Thriller,March,28.0,0.2812,0.1446,0.0209,4.8,432274.0
84281.0,United States of America,2012.0,en,6.0,0.0,5.0,3.0,1.0,Drama,September,7.0,0.281,0.1451,0.021,6.0,354939.0
121826.0,United Kingdom,2012.0,en,6.5,11000000.0,5.0,3.0,1.0,Drama,December,26.0,0.2976,0.1071,0.0115,6.5,59520298.0
141614.0,"Denmark, Finland, Germany, Ireland",2012.0,fi,6.1,0.0,5.0,4.0,1.0,Animation,October,12.0,0.2681,0.1677,0.0281,6.1,23785681.0
97365.0,"Belgium, France, Italy, United Kingdom",2012.0,fr,7.2,15400000.0,5.0,2.0,1.0,Drama,May,17.0,0.2969,0.1088,0.0118,7.2,25762027.0
134673.0,France,2012.0,fr,6.4,0.0,5.0,2.0,1.0,Drama,July,2.0,0.2978,0.1063,0.0113,6.4,2293798.0
143010.0,India,2012.0,ta,7.2,11000000.0,5.0,2.0,1.0,Action,November,13.0,0.2534,0.1892,0.0358,7.2,23000000.0
84175.0,"Canada, United States of America",2012.0,en,6.8,1800000.0,5.0,2.0,1.0,Drama,June,29.0,0.28,0.147,0.0216,6.8,21107746.0
148265.0,India,2012.0,te,7.1,5990000.0,5.0,2.0,1.0,Fantasy,July,5.0,0.2776,0.1514,0.0229,7.1,19450000.0
121872.0,"Canada, Denmark, Germany, United Kingdom",2012.0,en,6.1,0.0,5.0,1.0,1.0,Drama,October,18.0,0.3049,0.084,0.007,6.1,1005700.0
92591.0,United States of America,2012.0,en,6.6,5000000.0,5.0,3.0,1.0,Comedy,April,27.0,0.3001,0.0998,0.01,6.6,9206470.0
135647.0,United States of America,2012.0,en,6.005,0.0,5.0,2.0,1.0,Comedy,November,2.0,0.2689,0.1664,0.0277,6.005,63595.0
82450.0,Sweden,2012.0,sv,6.1,6629445.0,5.0,3.0,1.0,Thriller,March,2.0,0.299,0.1029,0.0106,6.1,8249053.0
121835.0,"Australia, Germany, United Kingdom",2012.0,de,6.8,4000000.0,5.0,3.0,1.0,Drama,August,2.0,0.2887,0.129,0.0166,6.8,970000.0
159121.0,France,2012.0,fr,6.5,0.0,5.0,2.0,1.0,Crime,October,4.0,0.2916,0.1223,0.015,6.5,29494.0
101267.0,United States of America,2012.0,en,7.2,12000000.0,5.0,2.0,2.0,Documentary,June,28.0,0.2805,0.1459,0.0213,7.2,32726956.0
80038.0,United States of America,2012.0,en,6.0,0.0,5.0,3.0,1.0,Comedy,March,9.0,0.2863,0.1342,0.018,6.0,12186625.0
77948.0,"Spain, United States of America",2012.0,en,5.4,20000000.0,5.0,3.0,1.0,Action,April,4.0,0.2741,0.1576,0.0248,5.4,16863583.0
98548.0,United States of America,2012.0,en,6.8,16000000.0,5.0,1.0,1.0,Drama,June,29.0,0.2747,0.1566,0.0245,6.8,12434778.0
81446.0,United States of America,2012.0,en,5.963,4000000.0,5.0,3.0,1.0,Action,August,27.0,0.2494,0.1944,0.0378,5.963,37470.0
84341.0,United States of America,2012.0,en,6.5,500000.0,5.0,3.0,1.0,Comedy,January,22.0,0.2841,0.1389,0.0193,6.5,377000.0
88036.0,United States of America,2012.0,en,6.2,14000000.0,5.0,3.0,1.0,Music,August,17.0,0.2988,0.1036,0.0107,6.2,24637469.0
94196.0,"Belgium, France",2012.0,fr,6.8,10750000.0,5.0,2.0,2.0,Family,January,25.0,0.2991,0.1027,0.0106,6.8,12197574.0
121879.0,United States of America,2012.0,en,6.7,0.0,5.0,2.0,1.0,Music,November,2.0,0.2705,0.1638,0.0268,6.7,6303709.0
84306.0,United States of America,2012.0,en,6.5,0.0,5.0,3.0,1.0,Romance,September,14.0,0.2741,0.1578,0.0249,6.5,327345.0
121823.0,China,2012.0,zh,6.0,0.0,5.0,2.0,1.0,Action,September,27.0,0.2626,0.1761,0.031,6.0,1317376.0
97632.0,United States of America,2012.0,en,3.6,0.0,5.0,4.0,1.0,Action,May,15.0,0.2931,0.1186,0.0141,3.6,1000000.0
140441.0,Japan,2012.0,ja,5.3,0.0,5.0,1.0,1.0,Horror,May,12.0,0.301,0.0971,0.0094,5.3,20335408.0
139455.0,"Canada, United States of America",2012.0,en,5.2,5000000.0,5.0,4.0,1.0,Comedy,November,30.0,0.2219,0.2253,0.0508,5.2,130781.0
102632.0,India,2012.0,hi,5.9,6700000.0,5.0,3.0,1.0,Action,June,1.0,0.2881,0.1305,0.017,5.9,31000000.0
127864.0,"Spain, France, Belgium",2012.0,es,7.3,0.0,5.0,2.0,1.0,Drama,September,28.0,0.2728,0.1599,0.0256,7.3,279735.0
116613.0,United Kingdom,2012.0,en,5.7,3730500.0,5.0,2.0,1.0,Action,September,11.0,0.276,0.1544,0.0238,5.7,6294161.0
132316.0,India,2012.0,hi,7.1,6087315.0,5.0,2.0,1.0,Drama,November,13.0,0.2724,0.1606,0.0258,7.1,27942181.0
80304.0,United States of America,2012.0,en,5.368,0.0,5.0,2.0,1.0,Comedy,March,15.0,0.2895,0.1274,0.0162,5.368,5909483.0
127918.0,"Belgium, Canada, France, Germany, Israel",2012.0,he,6.9,0.0,5.0,3.0,1.0,Documentary,July,9.0,0.2921,0.1213,0.0147,6.9,2573616.0
101176.0,"Italy, United States of America",2012.0,en,5.8,0.0,5.0,2.0,1.0,Horror,August,4.0,0.2688,0.1666,0.0277,5.8,1081.0
79697.0,United States of America,2012.0,en,5.871,0.0,5.0,1.0,1.0,Comedy,October,5.0,0.2661,0.1709,0.0292,5.871,175706.0
94904.0,"Cuba, Spain, France",2012.0,es,5.7,3800000.0,5.0,1.0,7.0,Drama,April,5.0,0.298,0.1057,0.0112,5.7,197911.0
89325.0,United States of America,2012.0,en,5.0,0.0,5.0,3.0,1.0,Drama,April,20.0,0.2762,0.154,0.0237,5.0,1157257.0
85870.0,"France, Belgium",2012.0,fr,6.5,27563396.0,5.0,2.0,1.0,Drama,March,14.0,0.2971,0.1083,0.0117,6.5,29193330.0
122089.0,France,2012.0,fr,6.0,0.0,5.0,2.0,1.0,Romance,November,14.0,0.2842,0.1386,0.0192,6.0,1305473.0
89899.0,France,2012.0,fr,4.723,0.0,5.0,1.0,7.0,Comedy,February,29.0,0.2709,0.1631,0.0266,4.723,441420.0
119738.0,United States of America,2012.0,en,6.1,587211.0,5.0,2.0,1.0,Comedy,August,24.0,0.2846,0.1378,0.019,6.1,587211.0
135718.0,India,2012.0,hi,7.2,2500000.0,5.0,3.0,1.0,Comedy,September,28.0,0.2958,0.1118,0.0125,7.2,19000000.0
82533.0,United States of America,2012.0,en,5.5,0.0,5.0,3.0,1.0,Comedy,April,6.0,0.2804,0.1463,0.0214,5.5,1314358.0
84336.0,"France, Ireland, United Kingdom",2012.0,en,5.9,6300000.0,5.0,1.0,1.0,Thriller,February,12.0,0.2668,0.1698,0.0288,5.9,1777709.0
83706.0,"Hong Kong, China",2012.0,zh,5.8,0.0,5.0,5.0,1.0,Action,January,19.0,0.2909,0.124,0.0154,5.8,220145.0
84204.0,"Ireland, United Kingdom",2012.0,en,6.1,0.0,5.0,5.0,1.0,Science Fiction,August,10.0,0.2969,0.109,0.0119,6.1,427335.0
92647.0,"Germany, Sweden",2012.0,sv,6.3,0.0,5.0,3.0,1.0,Crime,August,16.0,0.2528,0.19,0.0361,6.3,45190.0
112090.0,Russia,2012.0,en,4.8,0.0,5.0,2.0,2.0,Science Fiction,September,6.0,0.2833,0.1406,0.0198,4.8,3754070.0
108972.0,South Korea,2012.0,ko,7.108,0.0,5.0,2.0,1.0,Mystery,March,8.0,0.2873,0.1322,0.0175,7.108,16.0
124471.0,China,2012.0,zh,5.8,0.0,5.0,2.0,1.0,Drama,June,28.0,0.2951,0.1135,0.0129,5.8,103131994.0
84185.0,United States of America,2012.0,en,7.5,0.0,5.0,1.0,1.0,Documentary,October,1.0,0.284,0.139,0.0193,7.5,1328467.0
83384.0,United States of America,2012.0,en,5.678,0.0,5.0,2.0,1.0,Comedy,June,8.0,0.2744,0.1572,0.0247,5.678,166228.0
110323.0,France,2012.0,fr,5.8,12700000.0,5.0,1.0,1.0,Drama,May,27.0,0.2363,0.2102,0.0442,5.8,4408087.0
62008.0,United States of America,2012.0,en,6.2,14000000.0,5.0,2.0,1.0,Drama,February,23.0,0.2395,0.2065,0.0427,6.2,35579177.0
84287.0,"United Kingdom, United States of America",2012.0,en,7.3,0.0,5.0,3.0,1.0,Documentary,July,13.0,0.3062,0.0791,0.0062,7.3,898317.0
82631.0,United States of America,2012.0,en,6.1,0.0,5.0,1.0,1.0,Drama,September,28.0,0.2971,0.1084,0.0118,6.1,5310554.0
122088.0,Israel,2012.0,he,6.5,0.0,5.0,1.0,1.0,Drama,July,1.0,0.2831,0.1409,0.0199,6.5,1775316.0
89691.0,United States of America,2012.0,en,5.0,3000000.0,5.0,2.0,1.0,Horror,February,17.0,0.2779,0.1509,0.0228,5.0,921752.0
89455.0,"Austria, Brazil, France, United Kingdom, Canada, United States of America",2012.0,en,5.7,0.0,5.0,2.0,1.0,Drama,July,25.0,0.2714,0.1624,0.0264,5.7,1663931.0
162282.0,Italy,2012.0,it,6.5,0.0,5.0,1.0,1.0,Comedy,November,29.0,0.3005,0.0985,0.0097,6.5,4621441.0
88284.0,Germany,2012.0,de,7.2,0.0,5.0,1.0,1.0,Drama,March,8.0,0.297,0.1086,0.0118,7.2,6889185.0
82679.0,United States of America,2012.0,en,5.6,14000000.0,5.0,1.0,1.0,Comedy,October,24.0,0.2968,0.1092,0.0119,5.6,11417362.0
151743.0,"China, Thailand",2012.0,zh,6.407,2200000.0,5.0,3.0,1.0,Comedy,December,12.0,0.2714,0.1623,0.0263,6.407,208000000.0
84166.0,"United States of America, Brazil",2012.0,en,5.5,0.0,5.0,2.0,1.0,Drama,January,21.0,0.2425,0.203,0.0412,5.5,16017.0
97512.0,United States of America,2012.0,en,5.0,15500000.0,5.0,2.0,1.0,Action,March,29.0,0.2872,0.1324,0.0175,5.0,58387.0
72334.0,France,2012.0,en,7.0,5000000.0,1.0,1.0,2.0,Documentary,April,20.0,0.2594,0.1809,0.0327,7.0,34823764.0
82532.0,United States of America,2012.0,en,6.212,10000000.0,5.0,2.0,2.0,Drama,March,16.0,0.2668,0.1698,0.0288,6.212,4400000.0
146375.0,France,2012.0,fr,5.589,0.0,5.0,3.0,1.0,Comedy,December,15.0,0.2598,0.1803,0.0325,5.589,25109572.0
139329.0,"China, Hong Kong",2012.0,zh,6.471,0.0,5.0,2.0,1.0,War,November,1.0,0.3005,0.0984,0.0097,6.471,311.0
84330.0,United States of America,2012.0,en,6.1,0.0,5.0,1.0,1.0,Documentary,October,26.0,0.2989,0.1032,0.0107,6.1,259765.0
142487.0,Mexico,2012.0,es,7.0,4620000.0,5.0,1.0,1.0,Drama,November,9.0,0.2861,0.1346,0.0181,7.0,2395000.0
160833.0,Russia,2012.0,ru,6.142,0.0,5.0,3.0,1.0,Comedy,November,15.0,0.291,0.1237,0.0153,6.142,809738.0
63574.0,United States of America,2012.0,en,6.5,25000000.0,5.0,2.0,1.0,Comedy,January,13.0,0.2268,0.2204,0.0486,6.5,31158113.0
138222.0,United States of America,2012.0,en,6.646,1500000.0,5.0,2.0,1.0,Comedy,October,20.0,0.2604,0.1794,0.0322,6.646,1938.0
103758.0,"France, Italy",2012.0,it,7.1,0.0,5.0,2.0,1.0,Drama,May,4.0,0.2791,0.1486,0.0221,7.1,3350996.0
160070.0,"United States of America, Canada",2012.0,en,3.6,5000000.0,5.0,1.0,1.0,Horror,December,6.0,0.2776,0.1515,0.023,3.6,3377891.0
110112.0,United States of America,2012.0,en,6.372,0.0,5.0,3.0,2.0,Action,August,8.0,0.2777,0.1512,0.0229,6.372,3903479.0
127370.0,"Canada, Germany, United Kingdom",2012.0,en,6.851,0.0,5.0,4.0,1.0,Music,September,15.0,0.2906,0.1248,0.0156,6.851,1697294.0
78571.0,United States of America,2012.0,en,6.1,0.0,5.0,1.0,1.0,Drama,March,2.0,0.2969,0.1088,0.0118,6.1,540152.0
96973.0,United States of America,2012.0,en,6.2,0.0,5.0,3.0,1.0,Comedy,May,4.0,0.2832,0.1406,0.0198,6.2,20184.0
134371.0,United States of America,2012.0,en,5.2,10000000.0,5.0,3.0,1.0,Drama,October,12.0,0.2725,0.1605,0.0258,5.2,3336053.0
102001.0,"France, Japan",2012.0,ja,6.9,4800000.0,5.0,1.0,1.0,Drama,September,15.0,0.225,0.2222,0.0494,6.9,562878.0
84305.0,"United Kingdom, United States of America",2012.0,en,5.254,26350000.0,5.0,2.0,1.0,Drama,June,22.0,0.2683,0.1673,0.028,5.254,1576687.0
98339.0,Canada,2012.0,en,5.5,12000000.0,5.0,1.0,1.0,Thriller,March,2.0,0.2479,0.1963,0.0385,5.5,2521.0
87504.0,United Kingdom,2012.0,en,5.3,0.0,5.0,3.0,1.0,Comedy,December,7.0,0.2913,0.1232,0.0152,5.3,8887603.0
78461.0,"United States of America, Germany",2012.0,en,4.764,7300000.0,5.0,3.0,1.0,Thriller,January,6.0,0.2977,0.1067,0.0114,4.764,23998.0
84351.0,"United States of America, New Zealand",2012.0,en,7.4,0.0,5.0,1.0,1.0,Documentary,November,22.0,0.2402,0.2057,0.0423,7.4,318317.0
79465.0,United States of America,2012.0,en,5.748,0.0,5.0,3.0,1.0,Crime,February,1.0,0.283,0.1412,0.0199,5.748,3519.0
85414.0,United States of America,2012.0,en,5.7,0.0,5.0,4.0,1.0,Crime,March,22.0,0.3032,0.09,0.0081,5.7,4876.0
84309.0,United States of America,2012.0,en,7.4,0.0,5.0,1.0,1.0,Documentary,June,13.0,0.2466,0.198,0.0392,7.4,86217.0
85985.0,"India, Ireland",2012.0,hi,6.1,9400000.0,5.0,4.0,1.0,Action,August,15.0,0.2963,0.1104,0.0122,6.1,62580000.0
129734.0,"Austria, Germany, France",2012.0,de,6.6,0.0,5.0,1.0,1.0,Drama,August,29.0,0.2964,0.1101,0.0121,6.6,6508.0
141679.0,United Kingdom,2012.0,en,6.466,0.0,5.0,3.0,1.0,Comedy,October,11.0,0.2861,0.1346,0.0181,6.466,157036.0
96714.0,"France, Italy, Romania",2012.0,it,7.2,6453637.0,5.0,2.0,1.0,Drama,April,13.0,0.284,0.139,0.0193,7.2,1800000.0
85038.0,Italy,2012.0,it,5.8,6000000.0,5.0,1.0,1.0,Comedy,January,18.0,0.2924,0.1204,0.0145,5.8,35000000.0
82618.0,United States of America,2012.0,en,5.6,5000000.0,5.0,2.0,1.0,Comedy,May,11.0,0.2863,0.1344,0.0181,5.6,4709246.0
85052.0,India,2012.0,hi,5.5,6071922.0,5.0,2.0,1.0,Comedy,April,5.0,0.2777,0.1512,0.0229,5.5,25097277.0
94352.0,United States of America,2012.0,en,7.0,0.0,5.0,5.0,1.0,Fantasy,November,9.0,0.24,0.2059,0.0424,7.0,34153101.0
50497.0,United Kingdom,2012.0,en,5.754,0.0,5.0,3.0,1.0,Thriller,January,31.0,0.2811,0.1448,0.021,5.754,1181929.0
105528.0,United States of America,2012.0,en,6.1,0.0,5.0,2.0,1.0,Drama,May,25.0,0.2892,0.1278,0.0163,6.1,120680.0
123359.0,Mexico,2012.0,es,5.5,0.0,5.0,2.0,1.0,Horror,September,11.0,0.2902,0.1257,0.0158,5.5,4534.0
84858.0,India,2012.0,hi,6.363,8700000.0,5.0,3.0,1.0,Action,January,25.0,0.2926,0.12,0.0144,6.363,28000000.0
84342.0,"United States of America, United Kingdom",2012.0,en,6.6,0.0,5.0,2.0,2.0,Documentary,June,15.0,0.2894,0.1274,0.0162,6.6,288312.0
84333.0,United States of America,2012.0,en,5.733,0.0,5.0,2.0,1.0,Comedy,December,14.0,0.2842,0.1387,0.0192,5.733,5719.0
128154.0,Israel,2012.0,he,6.9,0.0,5.0,3.0,1.0,Drama,September,9.0,0.2655,0.1718,0.0295,6.9,26966.0
90125.0,"United Kingdom, United States of America",2012.0,en,7.565,0.0,5.0,2.0,1.0,Music,April,20.0,0.2911,0.1236,0.0153,7.565,3512106.0
82825.0,India,2012.0,hi,7.2,1200000.0,5.0,2.0,1.0,Mystery,March,8.0,0.2945,0.1152,0.0133,7.2,16000000.0
139900.0,Spain,2012.0,gl,7.5,7648160.0,5.0,3.0,1.0,Animation,October,31.0,0.2933,0.1182,0.014,7.5,59810.0
86868.0,France,2012.0,fr,5.481,25496629.0,5.0,1.0,1.0,Comedy,January,31.0,0.2572,0.184,0.0339,5.481,40924982.0
100529.0,United States of America,2012.0,en,5.0,0.0,5.0,1.0,1.0,Comedy,April,24.0,0.3054,0.082,0.0067,5.0,252603.0
51996.0,United States of America,2012.0,en,6.57,0.0,5.0,3.0,1.0,Comedy,February,17.0,0.293,0.119,0.0142,6.57,790421.0
93855.0,Italy,2012.0,it,5.987,10495000.0,5.0,2.0,1.0,Comedy,March,2.0,0.2692,0.1659,0.0275,5.987,9303603.0
86820.0,"Chile, France, United States of America, Switzerland",2012.0,en,4.7,0.0,5.0,2.0,1.0,Drama,March,23.0,0.3025,0.0921,0.0085,4.7,17801.0
84317.0,United States of America,2012.0,en,4.7,0.0,5.0,1.0,1.0,Drama,October,19.0,0.2722,0.1609,0.0259,4.7,24995.0
138665.0,South Korea,2012.0,ko,6.596,0.0,5.0,2.0,1.0,Thriller,October,18.0,0.2314,0.2155,0.0464,6.596,10187540.0
94204.0,United States of America,2012.0,en,5.3,0.0,5.0,4.0,1.0,Crime,January,31.0,0.2777,0.1512,0.0229,5.3,525.0
86391.0,"Germany, France",2012.0,fr,6.421,0.0,5.0,2.0,1.0,Comedy,January,18.0,0.2703,0.1641,0.0269,6.421,7211180.0
96821.0,Italy,2012.0,it,7.2,0.0,5.0,2.0,2.0,Drama,February,11.0,0.2821,0.1429,0.0204,7.2,52632.0
126757.0,Australia,2012.0,en,5.8,0.0,5.0,2.0,2.0,Comedy,August,4.0,0.2916,0.1224,0.015,5.8,6388.0
94562.0,Germany,2012.0,de,6.185,0.0,5.0,1.0,1.0,Comedy,March,14.0,0.2982,0.1054,0.0111,6.185,23.0
246871.0,Turkey,2012.0,tr,6.9,95000.0,5.0,3.0,1.0,War,November,16.0,0.2848,0.1374,0.0189,6.9,1671445.0
79940.0,United States of America,2012.0,en,5.5,0.0,5.0,1.0,2.0,Comedy,March,2.0,0.2888,0.1288,0.0166,5.5,201436.0
147868.0,Italy,2012.0,it,5.891,6843500.0,5.0,1.0,1.0,Comedy,December,22.0,0.2754,0.1554,0.0241,5.891,10703234.0
129850.0,"China, Hong Kong",2012.0,zh,6.3,12000000.0,5.0,2.0,1.0,Action,August,14.0,0.2539,0.1885,0.0355,6.3,1528580.0
118051.0,India,2012.0,hi,6.1,5100000.0,5.0,3.0,1.0,Romance,July,13.0,0.2891,0.1282,0.0164,6.1,18000000.0
97989.0,Brazil,2012.0,pt,7.1,0.0,5.0,3.0,1.0,Thriller,November,19.0,0.2692,0.166,0.0275,7.1,47974.0
147655.0,Sweden,2012.0,sv,6.0,0.0,5.0,3.0,1.0,Action,September,7.0,0.2605,0.1793,0.0322,6.0,2778028.0
129743.0,Japan,2012.0,ja,6.0,0.0,5.0,3.0,1.0,Horror,August,4.0,0.24,0.2059,0.0424,6.0,5588517.0
84290.0,United States of America,2012.0,en,5.7,0.0,5.0,2.0,1.0,Drama,July,27.0,0.238,0.2082,0.0433,5.7,243959.0
149893.0,"Germany, Norway",2012.0,de,6.6,0.0,5.0,2.0,1.0,Drama,October,19.0,0.2711,0.1629,0.0265,6.6,1649260.0
84340.0,United States of America,2012.0,en,6.5,0.0,5.0,1.0,1.0,Comedy,August,24.0,0.2722,0.1609,0.0259,6.5,2263436.0
124067.0,United States of America,2012.0,en,6.973,0.0,5.0,1.0,3.0,Documentary,May,24.0,0.266,0.1709,0.0292,6.973,273747.0
106942.0,Italy,2012.0,it,5.102,0.0,5.0,1.0,1.0,Comedy,March,16.0,0.2945,0.1153,0.0133,5.102,1130520.0
204634.0,Japan,2012.0,ja,5.3,0.0,5.0,5.0,1.0,Action,December,8.0,0.3026,0.0918,0.0084,5.3,10365853.0
154441.0,Brazil,2012.0,pt,6.4,0.0,5.0,1.0,1.0,Comedy,October,5.0,0.2121,0.2345,0.055,6.4,1672940.0
133459.0,"Greece, Sweden",2012.0,sv,5.0,0.0,5.0,2.0,1.0,Comedy,December,25.0,0.271,0.163,0.0266,5.0,7315184.0
93676.0,"Italy, United States of America",2012.0,en,5.6,8000000.0,5.0,2.0,1.0,Drama,February,24.0,0.3008,0.0975,0.0095,5.6,532777.0
137193.0,"Belgium, Canada, France, Luxembourg",2012.0,fr,6.7,0.0,5.0,3.0,1.0,Animation,October,23.0,0.3004,0.0988,0.0098,6.7,473104.0
84288.0,United States of America,2012.0,en,7.2,0.0,5.0,3.0,1.0,Documentary,January,20.0,0.2761,0.1542,0.0238,7.2,66167.0
91694.0,Japan,2012.0,ja,6.1,0.0,5.0,3.0,1.0,Crime,February,11.0,0.2524,0.1906,0.0363,6.1,6145395.0
105210.0,Japan,2012.0,ja,6.4,0.0,5.0,3.0,1.0,Drama,April,28.0,0.2985,0.1043,0.0109,6.4,75387554.0
94887.0,United States of America,2012.0,en,4.7,0.0,5.0,3.0,1.0,Drama,May,17.0,0.2654,0.1719,0.0296,4.7,6111.0
84169.0,United States of America,2012.0,en,7.013,0.0,5.0,1.0,1.0,Documentary,June,14.0,0.246,0.1987,0.0395,7.013,181107.0
126400.0,India,2012.0,hi,7.8,1670000.0,5.0,3.0,1.0,Crime,August,8.0,0.2785,0.1497,0.0224,7.8,4900000.0
84327.0,"United States of America, Denmark, United Kingdom, Netherlands",2012.0,en,6.9,0.0,5.0,1.0,1.0,Documentary,July,6.0,0.2911,0.1234,0.0152,6.9,714544.0
107178.0,Netherlands,2012.0,nl,6.6,0.0,5.0,1.0,1.0,Drama,May,10.0,0.2856,0.1357,0.0184,6.6,278000.0
100275.0,"Canada, Denmark",2012.0,en,5.957,0.0,5.0,2.0,1.0,Horror,April,22.0,0.2164,0.2306,0.0532,5.957,1632.0
152989.0,France,2012.0,fr,5.5,0.0,5.0,1.0,1.0,Comedy,November,10.0,0.2429,0.2025,0.041,5.5,3462.0
116231.0,France,2012.0,fr,6.2,6500000.0,5.0,3.0,1.0,Comedy,February,14.0,0.297,0.1086,0.0118,6.2,3216359.0
123235.0,France,2012.0,fr,5.503,0.0,5.0,2.0,1.0,Comedy,July,18.0,0.284,0.139,0.0193,5.503,3031682.0
83589.0,"United Kingdom, United States of America",2012.0,en,6.9,0.0,5.0,2.0,2.0,Music,January,22.0,0.2638,0.1744,0.0304,6.9,505154.0
118677.0,United States of America,2012.0,en,5.3,0.0,6.0,2.0,2.0,Comedy,August,17.0,0.2854,0.1362,0.0185,5.3,2400.0
167449.0,"China, Hong Kong, Taiwan",2012.0,zh,5.5,15000000.0,5.0,4.0,1.0,Action,December,20.0,0.2796,0.1477,0.0218,5.5,5290.0
211505.0,Turkey,2012.0,tr,5.0,0.0,5.0,2.0,1.0,Horror,August,2.0,0.2866,0.1337,0.0179,5.0,1867540.0
121286.0,Italy,2012.0,it,4.915,3500000.0,5.0,1.0,1.0,Comedy,March,30.0,0.2604,0.1794,0.0322,4.915,2900000.0
114574.0,United States of America,2012.0,en,3.681,500000.0,5.0,1.0,1.0,Comedy,June,26.0,0.301,0.0969,0.0094,3.681,500000.0
97340.0,Iceland,2012.0,is,6.0,0.0,5.0,3.0,1.0,Drama,March,11.0,0.2704,0.1639,0.0269,6.0,67009.0
82639.0,United States of America,2012.0,en,7.2,0.0,5.0,1.0,1.0,Documentary,September,21.0,0.2683,0.1673,0.028,7.2,1004821.0
80714.0,Germany,2012.0,de,6.5,0.0,5.0,2.0,1.0,Family,January,25.0,0.2353,0.2112,0.0446,6.5,7863913.0
106135.0,United States of America,2012.0,en,6.2,13000000.0,5.0,1.0,1.0,Drama,May,18.0,0.28,0.147,0.0216,6.2,1832541.0
128270.0,United States of America,2012.0,en,5.4,20000000.0,5.0,1.0,1.0,Drama,December,21.0,0.2794,0.1481,0.0219,5.4,610792.0
121598.0,"Canada, United Kingdom",2012.0,en,5.5,0.0,5.0,1.0,1.0,Drama,August,31.0,0.3061,0.0795,0.0063,5.5,1244000.0
102784.0,Brazil,2012.0,pt,6.9,2000000.0,5.0,3.0,1.0,Action,January,20.0,0.2676,0.1685,0.0284,6.9,1620436.0
117629.0,Israel,2012.0,he,6.9,500000.0,5.0,2.0,1.0,Drama,May,16.0,0.3081,0.0714,0.0051,6.9,116207.0
121239.0,Japan,2012.0,ja,6.7,0.0,5.0,2.0,1.0,Comedy,January,21.0,0.2988,0.1035,0.0107,6.7,35297840.0
137366.0,United Kingdom,2012.0,en,8.1,1000000.0,4.0,1.0,1.0,Music,October,17.0,0.2889,0.1287,0.0166,8.1,10000000.0
112936.0,India,2012.0,hi,5.6,6300000.0,5.0,2.0,1.0,Comedy,July,6.0,0.2887,0.1291,0.0167,5.6,21000000.0
161545.0,Italy,2012.0,it,5.2,5579750.0,5.0,1.0,1.0,Comedy,November,30.0,0.2758,0.1546,0.0239,5.2,8927600.0
84344.0,Denmark,2012.0,da,6.9,0.0,5.0,3.0,1.0,Romance,January,22.0,0.2615,0.1778,0.0316,6.9,16138.0
85050.0,India,2012.0,hi,5.5,0.0,5.0,4.0,1.0,Action,March,23.0,0.3032,0.0899,0.0081,5.5,698210.0
124093.0,India,2012.0,hi,4.3,2006871.0,5.0,1.0,1.0,Thriller,August,3.0,0.2911,0.1235,0.0153,4.3,7040609.0
84338.0,United States of America,2012.0,en,5.8,0.0,5.0,2.0,1.0,Drama,April,12.0,0.2492,0.1946,0.0379,5.8,27740.0
190829.0,United Kingdom,2012.0,en,2.959,0.0,5.0,1.0,1.0,Horror,November,28.0,0.2649,0.1728,0.0299,2.959,8393.0
183026.0,Philippines,2012.0,tl,6.0,22361.0,5.0,3.0,1.0,Thriller,November,21.0,0.2746,0.1569,0.0246,6.0,31307.0
132759.0,Russia,2012.0,ru,5.8,2800000.0,5.0,2.0,1.0,Comedy,October,4.0,0.2691,0.166,0.0276,5.8,13218980.0
130264.0,Russia,2012.0,ru,6.0,12000000.0,5.0,2.0,1.0,History,January,13.0,0.2854,0.1362,0.0186,6.0,2943372.0
84286.0,United States of America,2012.0,en,6.8,0.0,2.0,2.0,1.0,Documentary,September,20.0,0.2785,0.1497,0.0224,6.8,122665.0
138843.0,United States of America,2013.0,en,7.5,13000000.0,5.0,2.0,1.0,Horror,July,18.0,0.2731,0.1595,0.0254,7.5,320415166.0
106646.0,United States of America,2013.0,en,8.031,100000000.0,5.0,3.0,1.0,Crime,December,25.0,0.2412,0.2045,0.0418,8.031,392000000.0
109445.0,United States of America,2013.0,en,7.2,150000000.0,5.0,4.0,2.0,Animation,November,20.0,0.3018,0.0943,0.0089,7.2,1274219009.0
146233.0,United States of America,2013.0,en,8.1,46000000.0,5.0,3.0,1.0,Drama,September,19.0,0.2734,0.1589,0.0253,8.1,122126687.0
109418.0,United States of America,2013.0,en,6.138,80000000.0,5.0,1.0,1.0,Comedy,July,11.0,0.2853,0.1364,0.0186,6.138,247022278.0
72190.0,"United Kingdom, United States of America",2013.0,en,6.8,200000000.0,5.0,4.0,1.0,Action,June,19.0,0.2889,0.1287,0.0166,6.8,531865000.0
110415.0,South Korea,2013.0,ko,6.903,39200000.0,5.0,3.0,1.0,Action,August,1.0,0.2927,0.1196,0.0143,6.903,86758912.0
68726.0,United States of America,2013.0,en,6.908,180000000.0,5.0,3.0,1.0,Action,July,11.0,0.2924,0.1204,0.0145,6.908,411000000.0
57158.0,"New Zealand, United States of America",2013.0,en,7.571,250000000.0,5.0,3.0,1.0,Fantasy,December,11.0,0.2424,0.203,0.0412,7.571,958400000.0
93456.0,United States of America,2013.0,en,6.9,76000000.0,5.0,3.0,2.0,Animation,June,26.0,0.3007,0.0978,0.0096,6.9,970766005.0
101299.0,United States of America,2013.0,en,7.426,130000000.0,5.0,3.0,1.0,Adventure,November,15.0,0.2976,0.1068,0.0114,7.426,865011746.0
68721.0,United States of America,2013.0,en,6.9,200000000.0,5.0,3.0,1.0,Action,April,18.0,0.2942,0.1159,0.0134,6.9,1215577205.0
76338.0,United States of America,2013.0,en,6.5,170000000.0,5.0,3.0,1.0,Action,October,30.0,0.2931,0.1186,0.0141,6.5,644783140.0
62211.0,United States of America,2013.0,en,7.039,200000000.0,5.0,2.0,1.0,Animation,June,19.0,0.2809,0.1452,0.0211,7.039,743600000.0
49519.0,United States of America,2013.0,en,6.9,135000000.0,5.0,6.0,2.0,Animation,March,15.0,0.2871,0.1326,0.0176,6.9,587204668.0
204082.0,United States of America,2013.0,en,6.9,22000000.0,5.0,2.0,1.0,Action,November,12.0,0.2287,0.2184,0.0477,6.9,51695362.0
109439.0,United States of America,2013.0,en,6.211,103000000.0,5.0,1.0,1.0,Comedy,May,23.0,0.2698,0.1649,0.0272,6.211,362000072.0
49521.0,"United Kingdom, United States of America",2013.0,en,6.6,225000000.0,5.0,3.0,1.0,Action,June,12.0,0.2565,0.185,0.0342,6.6,668045518.0
122906.0,"United Kingdom, United States of America",2013.0,en,7.9,12000000.0,5.0,3.0,1.0,Drama,September,4.0,0.2795,0.1479,0.0219,7.9,87100449.0
126963.0,Japan,2013.0,ja,6.8,0.0,5.0,3.0,1.0,Animation,March,30.0,0.265,0.1725,0.0298,6.8,50461371.0
152601.0,United States of America,2013.0,en,7.851,23000000.0,5.0,3.0,1.0,Romance,December,18.0,0.2711,0.1629,0.0265,7.851,47351251.0
72559.0,"Canada, United States of America",2013.0,en,5.63,130000000.0,5.0,3.0,1.0,Action,March,27.0,0.2993,0.1022,0.0104,5.63,371900000.0
116745.0,"United Kingdom, United States of America",2013.0,en,7.2,90000000.0,5.0,4.0,1.0,Adventure,December,18.0,0.2824,0.1423,0.0203,7.2,188133322.0
158015.0,"France, United States of America",2013.0,en,6.252,3000000.0,5.0,3.0,1.0,Science Fiction,May,31.0,0.2761,0.1542,0.0238,6.252,91266581.0
249397.0,"Germany, Belgium, Denmark, France",2013.0,en,6.7,2350000.0,5.0,2.0,1.0,Drama,December,25.0,0.2903,0.1254,0.0157,6.7,4934725.0
117263.0,United States of America,2013.0,en,6.404,70000000.0,5.0,2.0,1.0,Action,March,20.0,0.2782,0.1504,0.0226,6.404,170270201.0
184314.0,France,2013.0,fr,6.481,4645437.0,5.0,1.0,1.0,Drama,August,21.0,0.2492,0.1946,0.0379,6.481,9757417.0
4258.0,United States of America,2013.0,en,4.8,20000000.0,5.0,1.0,1.0,Comedy,April,11.0,0.2943,0.1156,0.0134,4.8,78378744.0
60304.0,"United States of America, Germany",2013.0,en,6.1,50000000.0,5.0,3.0,1.0,Fantasy,January,17.0,0.2562,0.1854,0.0344,6.1,226349749.0
107846.0,"United Kingdom, United States of America",2013.0,en,6.7,50000000.0,5.0,2.0,1.0,Action,October,9.0,0.2879,0.1309,0.0171,6.7,137328301.0
109428.0,United States of America,2013.0,en,6.6,17000000.0,5.0,1.0,1.0,Horror,April,5.0,0.2825,0.142,0.0202,6.6,99010045.0
193756.0,United States of America,2013.0,en,7.441,40000000.0,5.0,3.0,1.0,War,December,24.0,0.2929,0.1191,0.0142,7.441,149295601.0
139038.0,United States of America,2013.0,en,5.9,2500000.0,5.0,2.0,1.0,Comedy,January,11.0,0.2864,0.134,0.018,5.9,60141683.0
166666.0,Germany,2013.0,de,7.4,0.0,5.0,1.0,1.0,Drama,February,21.0,0.2706,0.1636,0.0268,7.4,6677474.0
138832.0,"United Kingdom, United States of America",2013.0,en,6.8,37000000.0,5.0,2.0,1.0,Comedy,August,7.0,0.2934,0.1179,0.0139,6.8,270000000.0
76617.0,United States of America,2013.0,en,5.472,20000000.0,5.0,2.0,1.0,Horror,January,3.0,0.2802,0.1466,0.0215,5.472,47300000.0
220289.0,"United Kingdom, United States of America",2013.0,en,7.2,50000.0,5.0,2.0,1.0,Thriller,September,19.0,0.2626,0.1762,0.031,7.2,139745.0
134374.0,United States of America,2013.0,en,6.274,25000000.0,5.0,5.0,1.0,Action,April,18.0,0.2927,0.1197,0.0143,6.274,87305549.0
117251.0,United States of America,2013.0,en,6.468,150000000.0,5.0,3.0,1.0,Action,June,27.0,0.2967,0.1093,0.012,6.468,205366737.0
109451.0,United States of America,2013.0,en,6.43,78000000.0,5.0,3.0,2.0,Animation,September,26.0,0.2999,0.1004,0.0101,6.43,248384621.0
207768.0,United States of America,2013.0,en,6.3,0.0,5.0,3.0,1.0,Thriller,August,25.0,0.255,0.1871,0.035,6.3,678604.0
123553.0,"Canada, Germany, United Kingdom, United States of America",2013.0,en,6.441,60000000.0,5.0,3.0,1.0,Fantasy,August,21.0,0.2919,0.1216,0.0148,6.441,95396573.0
75612.0,United States of America,2013.0,en,6.651,120000000.0,5.0,4.0,1.0,Action,April,10.0,0.2393,0.2067,0.0427,6.651,286168572.0
54138.0,United States of America,2013.0,en,7.3,190000000.0,5.0,3.0,1.0,Action,May,5.0,0.2897,0.1268,0.0161,7.3,467381584.0
109414.0,United States of America,2013.0,en,6.2,32000000.0,5.0,2.0,2.0,Action,June,12.0,0.253,0.1897,0.036,6.2,126041322.0
64682.0,"United States of America, Australia",2013.0,en,7.4,105000000.0,5.0,2.0,1.0,Drama,May,9.0,0.2916,0.1223,0.015,7.4,351040419.0
81005.0,"United States of America, United Kingdom",2013.0,en,5.846,195000000.0,5.0,4.0,1.0,Fantasy,February,27.0,0.2694,0.1656,0.0274,5.846,197700000.0
75656.0,"United States of America, France",2013.0,en,7.3,75000000.0,5.0,2.0,1.0,Thriller,May,29.0,0.291,0.1239,0.0153,7.3,351723989.0
72710.0,"Switzerland, United States of America",2013.0,en,6.3,44000000.0,5.0,3.0,1.0,Action,March,22.0,0.2756,0.155,0.024,6.3,63300000.0
192558.0,India,2013.0,hi,6.7,1300000.0,5.0,2.0,1.0,Drama,April,26.0,0.2935,0.1178,0.0139,6.7,16000000.0
167032.0,United States of America,2013.0,en,5.9,5000000.0,5.0,2.0,1.0,Horror,October,8.0,0.2937,0.1172,0.0137,5.9,3876587.0
149870.0,Japan,2013.0,ja,7.8,30000000.0,5.0,5.0,1.0,Drama,July,20.0,0.2852,0.1366,0.0187,7.8,117932401.0
68728.0,United States of America,2013.0,en,5.924,200000000.0,5.0,3.0,1.0,Fantasy,March,7.0,0.3015,0.0954,0.0091,5.924,491868548.0
171424.0,"Canada, Chile, United States of America",2013.0,en,5.7,5000000.0,5.0,2.0,1.0,Adventure,September,8.0,0.2585,0.1822,0.0332,5.7,12666449.0
132232.0,"Canada, Spain",2013.0,en,6.3,15000000.0,5.0,1.0,1.0,Horror,January,17.0,0.2758,0.1547,0.0239,6.3,146428180.0
136795.0,"United Kingdom, United States of America",2013.0,en,6.6,43000000.0,5.0,3.0,1.0,Action,June,27.0,0.2646,0.1732,0.03,6.6,158674180.0
76203.0,"United States of America, United Kingdom",2013.0,en,7.936,20000000.0,5.0,2.0,1.0,Drama,October,18.0,0.263,0.1757,0.0309,7.936,187000000.0
136418.0,"United States of America, United Kingdom",2013.0,en,6.2,20000000.0,5.0,2.0,1.0,Action,May,7.0,0.3025,0.0922,0.0085,6.2,8352885.0
116711.0,United States of America,2013.0,en,6.5,100000000.0,5.0,4.0,1.0,Animation,May,15.0,0.2772,0.1521,0.0231,6.5,268426634.0
133805.0,"United States of America, Canada",2013.0,en,6.0,30000000.0,5.0,2.0,1.0,Drama,October,16.0,0.2897,0.1267,0.016,6.0,84790678.0
109424.0,United States of America,2013.0,en,7.542,55000000.0,5.0,3.0,1.0,Action,October,10.0,0.2941,0.1163,0.0135,7.542,218791811.0
152584.0,"Belgium, France, Spain",2013.0,fr,7.1,4300000.0,5.0,2.0,1.0,Romance,October,9.0,0.3017,0.0947,0.009,7.1,19465835.0
91586.0,United States of America,2013.0,en,6.668,5000000.0,5.0,2.0,1.0,Horror,September,12.0,0.2906,0.1246,0.0155,6.668,161921515.0
47964.0,United States of America,2013.0,en,5.328,92000000.0,5.0,2.0,1.0,Action,February,6.0,0.2962,0.1108,0.0123,5.328,304654182.0
87818.0,United States of America,2013.0,en,4.606,6000000.0,5.0,1.0,13.0,Comedy,January,24.0,0.2757,0.1548,0.024,4.606,32443111.0
49047.0,"United Kingdom, United States of America",2013.0,en,7.164,105000000.0,5.0,3.0,1.0,Science Fiction,October,3.0,0.2832,0.1408,0.0198,7.164,723192705.0
136400.0,United States of America,2013.0,en,6.539,61000000.0,5.0,3.0,1.0,Action,August,2.0,0.2739,0.1581,0.025,6.539,131940411.0
87421.0,"Canada, United States of America",2013.0,en,6.3,38000000.0,5.0,3.0,1.0,Science Fiction,September,2.0,0.2919,0.1216,0.0148,6.3,98337295.0
68724.0,United States of America,2013.0,en,6.5,115000000.0,5.0,4.0,1.0,Science Fiction,August,7.0,0.285,0.1371,0.0188,6.5,286140700.0
119283.0,United States of America,2013.0,en,6.1,35000000.0,5.0,2.0,1.0,Action,January,23.0,0.2746,0.1569,0.0246,6.1,46216641.0
153158.0,"Argentina, Spain",2013.0,es,6.9,21000000.0,5.0,3.0,1.0,Animation,July,18.0,0.2722,0.161,0.0259,6.9,32768940.0
146216.0,United States of America,2013.0,en,6.524,84000000.0,5.0,4.0,1.0,Action,July,18.0,0.2973,0.1077,0.0116,6.524,148075565.0
149871.0,Japan,2013.0,ja,8.1,49300000.0,5.0,3.0,1.0,Animation,November,23.0,0.2917,0.122,0.0149,8.1,24366656.0
152532.0,United States of America,2013.0,en,7.924,5000000.0,5.0,2.0,1.0,Drama,November,1.0,0.2944,0.1154,0.0133,7.924,55736588.0
151960.0,United States of America,2013.0,en,5.896,50000000.0,5.0,4.0,1.0,Animation,August,9.0,0.2565,0.185,0.0342,5.896,219788712.0
77950.0,United States of America,2013.0,en,6.2,135000000.0,5.0,2.0,1.0,Animation,July,11.0,0.265,0.1726,0.0298,6.2,282570682.0
158011.0,United States of America,2013.0,en,6.8,13000000.0,5.0,2.0,1.0,Crime,March,14.0,0.2686,0.167,0.0279,6.8,68572378.0
77931.0,"United States of America, Canada, France",2013.0,en,5.7,105000000.0,5.0,4.0,1.0,Fantasy,July,30.0,0.2679,0.168,0.0282,5.7,347434178.0
157547.0,United States of America,2013.0,en,6.5,5000000.0,5.0,1.0,1.0,Horror,September,8.0,0.2903,0.1253,0.0157,6.5,44459951.0
49524.0,United States of America,2013.0,en,5.8,130000000.0,5.0,3.0,1.0,Fantasy,July,18.0,0.2853,0.1364,0.0186,5.8,61600000.0
168672.0,United States of America,2013.0,en,6.852,40000000.0,5.0,2.0,1.0,Drama,December,3.0,0.2939,0.1166,0.0136,6.852,251171807.0
179826.0,United States of America,2013.0,en,6.9,27000000.0,5.0,2.0,1.0,Mystery,January,29.0,0.2667,0.17,0.0289,6.9,1149267.0
96721.0,"United Kingdom, United States of America",2013.0,en,7.7,38000000.0,5.0,2.0,1.0,Drama,September,2.0,0.2944,0.1153,0.0133,7.7,90200000.0
200085.0,South Korea,2013.0,ko,7.5,0.0,5.0,3.0,1.0,Action,August,14.0,0.3014,0.0956,0.0091,7.5,19775853.0
110552.0,Thailand,2013.0,th,6.127,0.0,5.0,1.0,1.0,Action,October,23.0,0.2954,0.1128,0.0127,6.127,3302463.0
77951.0,"Australia, India, United Kingdom, United States of America",2013.0,en,6.152,80000000.0,5.0,3.0,2.0,Animation,December,18.0,0.2635,0.1748,0.0306,6.152,126500000.0
80274.0,United States of America,2013.0,en,6.6,110000000.0,5.0,3.0,1.0,Science Fiction,October,24.0,0.2936,0.1174,0.0138,6.6,125537191.0
82700.0,United States of America,2013.0,en,5.2,130000000.0,5.0,3.0,1.0,Science Fiction,May,30.0,0.2729,0.1598,0.0255,5.2,243843127.0
109491.0,United States of America,2013.0,en,6.033,60000000.0,5.0,3.0,1.0,Fantasy,February,13.0,0.265,0.1725,0.0298,6.033,60052138.0
59859.0,"Japan, United Kingdom",2013.0,en,6.401,28000000.0,5.0,3.0,1.0,Action,July,17.0,0.2849,0.1372,0.0188,6.401,60795985.0
82654.0,United States of America,2013.0,en,6.464,35000000.0,5.0,3.0,1.0,Horror,January,31.0,0.2734,0.1589,0.0253,6.464,117000000.0
111190.0,"Australia, France",2013.0,en,6.1,16000000.0,5.0,1.0,1.0,Drama,April,3.0,0.2929,0.1193,0.0142,6.1,1600000.0
111969.0,United States of America,2013.0,en,7.4,0.0,5.0,2.0,1.0,Drama,June,14.0,0.265,0.1726,0.0298,7.4,81071.0
198375.0,Japan,2013.0,ja,7.572,0.0,5.0,3.0,1.0,Animation,May,31.0,0.2535,0.189,0.0357,7.572,820165.0
64686.0,"Japan, United States of America, United Kingdom",2013.0,en,6.188,175000000.0,5.0,3.0,1.0,Drama,December,6.0,0.2608,0.1789,0.032,6.188,151783839.0
109443.0,United States of America,2013.0,en,6.1,50000000.0,5.0,1.0,1.0,Comedy,December,18.0,0.2848,0.1374,0.0189,6.1,173700000.0
87516.0,United States of America,2013.0,en,5.9,30000000.0,5.0,4.0,1.0,Drama,November,14.0,0.225,0.2222,0.0494,5.9,5200000.0
144288.0,Japan,2013.0,ja,7.7,0.0,5.0,5.0,1.0,Animation,February,1.0,0.2785,0.1497,0.0224,7.7,399445.0
130150.0,United States of America,2013.0,en,7.0,18000000.0,5.0,3.0,1.0,Drama,December,27.0,0.2535,0.189,0.0357,7.0,20275812.0
102362.0,United States of America,2013.0,en,6.2,30000000.0,5.0,4.0,1.0,Thriller,March,8.0,0.2935,0.1177,0.0138,6.2,19600000.0
109091.0,United States of America,2013.0,en,5.3,25000000.0,5.0,3.0,1.0,Thriller,October,25.0,0.3025,0.0922,0.0085,5.3,71009334.0
109410.0,United States of America,2013.0,en,7.2,40000000.0,5.0,1.0,1.0,Drama,April,12.0,0.3055,0.0816,0.0067,7.2,95020213.0
109421.0,United States of America,2013.0,en,6.603,30000000.0,5.0,3.0,1.0,Thriller,February,7.0,0.2933,0.1182,0.014,6.603,63414135.0
112205.0,"France, United States of America",2013.0,en,6.4,30000000.0,5.0,3.0,1.0,Crime,September,13.0,0.2568,0.1846,0.0341,6.4,36894225.0
83899.0,"United Kingdom, United States of America",2013.0,en,6.6,1000000.0,5.0,3.0,1.0,Horror,August,22.0,0.2777,0.1512,0.0229,6.6,14347000.0
204553.0,"Hong Kong, South Korea",2013.0,ko,7.531,0.0,5.0,3.0,2.0,Crime,July,3.0,0.2872,0.1324,0.0175,7.531,37795598.0
57201.0,United States of America,2013.0,en,6.1,215000000.0,5.0,3.0,1.0,Action,July,3.0,0.2922,0.1209,0.0146,6.1,260500000.0
134411.0,"United Arab Emirates, United States of America",2013.0,en,6.1,35000000.0,5.0,3.0,1.0,Thriller,February,21.0,0.2538,0.1886,0.0356,6.1,42930462.0
225745.0,Japan,2013.0,ja,7.6,0.0,5.0,3.0,3.0,Science Fiction,April,20.0,0.2401,0.2058,0.0424,7.6,4843719.0
157386.0,United States of America,2013.0,en,6.7,2500000.0,5.0,3.0,1.0,Comedy,August,2.0,0.2951,0.1135,0.0129,6.7,6854611.0
175574.0,United States of America,2013.0,en,5.876,55000000.0,5.0,3.0,1.0,Animation,October,30.0,0.2492,0.1946,0.0379,5.876,110000000.0
157841.0,"Canada, France",2013.0,en,6.841,33000000.0,5.0,3.0,1.0,Adventure,October,16.0,0.2945,0.1152,0.0133,6.841,9494789.0
239523.0,Japan,2013.0,ja,6.9,0.0,5.0,4.0,1.0,Adventure,December,27.0,0.2685,0.1671,0.0279,6.9,7449778.0
211755.0,Japan,2013.0,ja,7.1,0.0,5.0,4.0,1.0,Animation,January,12.0,0.2694,0.1656,0.0274,7.1,12705094.0
145135.0,United States of America,2013.0,en,6.3,3500000.0,5.0,3.0,1.0,Science Fiction,February,21.0,0.299,0.1028,0.0106,6.3,25174316.0
192577.0,Japan,2013.0,ja,6.6,30000000.0,5.0,2.0,1.0,Animation,September,7.0,0.3052,0.0829,0.0069,6.6,18010317.0
86825.0,United States of America,2013.0,en,6.6,12000000.0,5.0,3.0,1.0,Drama,February,28.0,0.2668,0.1698,0.0288,6.6,12077441.0
203833.0,"Germany, United States of America",2013.0,en,7.5,19000000.0,5.0,1.0,1.0,Drama,November,8.0,0.2562,0.1854,0.0344,7.5,76586316.0
103731.0,United States of America,2013.0,en,7.055,10000000.0,5.0,1.0,1.0,Drama,April,26.0,0.2839,0.1392,0.0194,7.055,32613173.0
152742.0,Italy,2013.0,it,7.8,13500000.0,5.0,3.0,1.0,Drama,January,1.0,0.2948,0.1145,0.0131,7.8,19255873.0
132344.0,"Greece, United States of America",2013.0,en,7.508,3000000.0,5.0,2.0,1.0,Romance,April,5.0,0.2853,0.1364,0.0186,7.508,11176469.0
112949.0,United States of America,2013.0,en,7.3,28000000.0,5.0,2.0,1.0,Romance,February,7.0,0.2714,0.1624,0.0264,7.3,97600000.0
44865.0,"Hong Kong, France, United States of America, Netherlands",2013.0,zh,6.6,38600000.0,5.0,3.0,1.0,Action,January,10.0,0.2967,0.1094,0.012,6.6,64076736.0
180147.0,Mexico,2013.0,es,7.884,2000000.0,5.0,1.0,1.0,Comedy,March,28.0,0.2376,0.2086,0.0435,7.884,26433651.0
102780.0,"Ireland, United Kingdom, United States of America",2013.0,en,6.3,10000000.0,5.0,3.0,1.0,Drama,April,11.0,0.2954,0.1128,0.0127,6.3,89237.0
97367.0,United States of America,2013.0,en,6.971,15000000.0,5.0,2.0,1.0,Drama,March,20.0,0.2668,0.1698,0.0288,6.971,47135966.0
124459.0,United States of America,2013.0,en,5.7,30000000.0,5.0,1.0,1.0,Comedy,March,14.0,0.2728,0.1599,0.0256,5.7,27437881.0
179144.0,"France, Italy",2013.0,it,7.5,9200000.0,5.0,1.0,1.0,Drama,May,21.0,0.3041,0.0867,0.0075,7.5,24930592.0
152599.0,"France, United States of America",2013.0,en,6.3,16000000.0,5.0,2.0,1.0,Drama,November,27.0,0.2751,0.156,0.0243,6.3,5867686.0
122081.0,"France, United States of America, Mexico",2013.0,en,5.2,5000000.0,5.0,2.0,1.0,Drama,March,6.0,0.2899,0.1263,0.0159,5.2,31700000.0
121986.0,"Brazil, United States of America",2013.0,en,7.4,0.0,5.0,2.0,1.0,Comedy,May,17.0,0.2896,0.1271,0.0162,7.4,4069826.0
175774.0,Germany,2013.0,de,7.0,0.0,5.0,3.0,1.0,Fantasy,March,14.0,0.2976,0.1069,0.0114,7.0,5524381.0
107985.0,"United Kingdom, United States of America",2013.0,en,6.8,20000000.0,5.0,3.0,1.0,Comedy,July,18.0,0.2782,0.1504,0.0226,6.8,46100000.0
44977.0,India,2013.0,hi,6.1,19500000.0,5.0,2.0,1.0,Action,December,19.0,0.2894,0.1274,0.0162,6.1,91000000.0
76285.0,United States of America,2013.0,en,6.027,90000000.0,5.0,3.0,1.0,Adventure,August,7.0,0.2712,0.1627,0.0265,6.027,199850315.0
190847.0,"Belgium, Ireland, United Kingdom, United States of America",2013.0,en,5.5,10600000.0,5.0,3.0,1.0,Science Fiction,August,11.0,0.3003,0.0992,0.0098,5.5,24084.0
159117.0,United States of America,2013.0,en,6.211,0.0,5.0,2.0,7.0,Horror,June,6.0,0.2722,0.1609,0.0259,6.211,21833.0
211954.0,"United States of America, Mexico",2013.0,es,7.7,5500000.0,5.0,2.0,1.0,Comedy,July,20.0,0.2481,0.196,0.0384,7.7,99067206.0
149509.0,United States of America,2013.0,en,6.3,0.0,5.0,3.0,1.0,Drama,September,6.0,0.2949,0.1142,0.013,6.3,3900000.0
164457.0,United States of America,2013.0,en,6.565,22000000.0,5.0,3.0,1.0,Thriller,November,9.0,0.2252,0.222,0.0493,6.565,15400000.0
140823.0,"Australia, United Kingdom, United States of America",2013.0,en,7.347,35000000.0,5.0,3.0,1.0,Comedy,November,29.0,0.2826,0.1419,0.0201,7.347,112544580.0
109431.0,United States of America,2013.0,en,5.853,35000000.0,5.0,2.0,1.0,Comedy,February,7.0,0.283,0.1411,0.0199,5.853,173965010.0
106747.0,United States of America,2013.0,en,5.6,12000000.0,5.0,3.0,1.0,Action,September,12.0,0.2929,0.1191,0.0142,5.6,15000000.0
170657.0,"China, Hong Kong",2013.0,zh,6.9,0.0,5.0,4.0,1.0,Action,February,7.0,0.2904,0.1251,0.0156,6.9,215637183.0
172391.0,South Africa,2013.0,en,6.0,20000000.0,5.0,3.0,1.0,Animation,July,18.0,0.299,0.1028,0.0106,6.0,27200000.0
158445.0,South Korea,2013.0,ko,8.0,0.0,5.0,2.0,1.0,Drama,January,23.0,0.2764,0.1536,0.0236,8.0,80300000.0
199534.0,Australia,2013.0,en,6.4,8000000.0,5.0,2.0,1.0,Horror,August,30.0,0.2772,0.1523,0.0232,6.4,9630444.0
169881.0,Germany,2013.0,en,7.3,36000000.0,5.0,3.0,1.0,Adventure,December,25.0,0.2902,0.1256,0.0158,7.3,57300000.0
202575.0,"Belgium, France, United Kingdom",2013.0,en,6.321,34000000.0,5.0,4.0,2.0,Family,December,24.0,0.2774,0.1518,0.023,6.321,64197205.0
152603.0,"United Kingdom, Germany, France, Greece",2013.0,en,7.2,7000000.0,5.0,2.0,1.0,Drama,December,12.0,0.2966,0.1097,0.012,7.2,7600000.0
146203.0,United States of America,2013.0,en,4.6,5000000.0,5.0,2.0,1.0,Horror,February,28.0,0.242,0.2035,0.0414,4.6,15200000.0
77805.0,United States of America,2013.0,en,6.0,10000000.0,5.0,1.0,2.0,Drama,August,8.0,0.2848,0.1375,0.0189,6.0,1585582.0
186992.0,France,2013.0,fr,6.292,1400000.0,5.0,2.0,1.0,Drama,June,12.0,0.261,0.1786,0.0319,6.292,1200000.0
140870.0,"Belgium, France",2013.0,fr,7.0,19700000.0,2.0,3.0,2.0,Animation,November,17.0,0.2546,0.1876,0.0352,7.0,30000000.0
82682.0,United States of America,2013.0,en,6.367,60000000.0,5.0,4.0,1.0,Crime,January,9.0,0.2794,0.1481,0.0219,6.367,105200000.0
87436.0,"New Zealand, United States of America",2013.0,en,4.95,0.0,5.0,1.0,27.0,Horror,March,8.0,0.2807,0.1456,0.0212,4.95,23589.0
137093.0,United States of America,2013.0,en,6.405,28000000.0,5.0,1.0,1.0,Comedy,October,31.0,0.253,0.1897,0.036,6.405,134400000.0
152747.0,"Canada, Mexico, United States of America",2013.0,en,6.639,9000000.0,1.0,3.0,1.0,Action,August,23.0,0.2711,0.1629,0.0265,6.639,6108720.0
152737.0,United States of America,2013.0,en,6.9,25000000.0,5.0,2.0,1.0,Comedy,December,26.0,0.2872,0.1323,0.0175,6.9,74188937.0
157370.0,United States of America,2013.0,en,7.1,5600000.0,5.0,3.0,1.0,Drama,October,16.0,0.2726,0.1602,0.0257,7.1,1600000.0
115348.0,"India, United States of America",2013.0,en,5.7,35000000.0,5.0,2.0,1.0,Drama,August,14.0,0.2901,0.126,0.0159,5.7,17056265.0
123109.0,United States of America,2013.0,en,6.0,2900000.0,5.0,2.0,1.0,Horror,March,9.0,0.2667,0.17,0.0289,6.0,74918.0
107811.0,United States of America,2013.0,en,5.8,13000000.0,5.0,1.0,2.0,Comedy,March,1.0,0.2871,0.1327,0.0176,5.8,48065672.0
174772.0,United States of America,2013.0,en,6.272,0.0,5.0,2.0,1.0,Science Fiction,June,27.0,0.2894,0.1274,0.0162,6.272,125687.0
169209.0,"United Kingdom, United States of America",2013.0,en,5.4,11000000.0,5.0,2.0,1.0,Action,September,3.0,0.2377,0.2085,0.0435,5.4,3639345.0
177945.0,Japan,2013.0,ja,7.653,0.0,5.0,1.0,1.0,Drama,September,24.0,0.3,0.1,0.01,7.653,19978961.0
209189.0,United States of America,2013.0,en,5.7,12000000.0,5.0,2.0,1.0,Comedy,September,14.0,0.2592,0.1811,0.0328,5.7,265452.0
167581.0,Germany,2013.0,de,7.7,0.0,5.0,2.0,1.0,Drama,May,27.0,0.2975,0.1071,0.0115,7.7,599721.0
140818.0,Norway,2013.0,no,5.7,6500000.0,5.0,2.0,1.0,Action,October,4.0,0.3055,0.0818,0.0067,5.7,3721345.0
145247.0,Sweden,2013.0,sv,6.8,9250000.0,5.0,3.0,1.0,Adventure,December,25.0,0.3019,0.094,0.0088,6.8,51167572.0
129139.0,United States of America,2013.0,en,5.781,1500000.0,5.0,2.0,1.0,Comedy,July,24.0,0.283,0.141,0.0199,5.781,3566225.0
239529.0,Japan,2013.0,ja,6.9,0.0,5.0,3.0,1.0,Animation,December,7.0,0.2796,0.1477,0.0218,6.9,41397727.0
230222.0,"Germany, United States of America",2013.0,en,5.7,0.0,5.0,4.0,1.0,Animation,October,17.0,0.2999,0.1003,0.0101,5.7,44095996.0
146381.0,"Spain, United Kingdom",2013.0,en,5.93,22000000.0,5.0,2.0,1.0,Animation,August,9.0,0.2483,0.1958,0.0384,5.93,19799759.0
146304.0,United States of America,2013.0,en,6.6,17000000.0,5.0,1.0,1.0,Comedy,November,15.0,0.28,0.147,0.0216,6.6,71625195.0
196024.0,"Denmark, Germany, Norway, Sweden",2013.0,da,7.1,5650000.0,5.0,3.0,1.0,Thriller,October,3.0,0.2563,0.1853,0.0343,7.1,13700000.0
201676.0,United States of America,2013.0,en,7.4,0.0,5.0,5.0,1.0,Animation,June,16.0,0.2528,0.19,0.0361,7.4,485232.0
191720.0,"France, United States of America",2013.0,en,7.8,0.0,5.0,1.0,1.0,Documentary,August,30.0,0.253,0.1897,0.036,7.8,662736.0
158884.0,United States of America,2013.0,en,4.6,100000.0,5.0,1.0,1.0,Drama,September,6.0,0.2832,0.1408,0.0198,4.6,8348.0
164331.0,United States of America,2013.0,en,4.4,7000000.0,5.0,2.0,1.0,Science Fiction,February,8.0,0.254,0.1884,0.0355,4.4,257019.0
192132.0,United States of America,2013.0,en,6.1,0.0,5.0,1.0,1.0,Drama,December,29.0,0.2683,0.1673,0.028,6.1,919591.0
199373.0,"Germany, United Kingdom, United States of America",2013.0,en,6.3,27220000.0,5.0,2.0,1.0,Thriller,July,11.0,0.272,0.1614,0.026,6.3,5496951.0
112200.0,United States of America,2013.0,en,5.9,0.0,5.0,2.0,1.0,Comedy,September,19.0,0.3075,0.0736,0.0054,5.9,3499442.0
91745.0,"United States of America, Italy, United Kingdom",2013.0,en,6.7,0.0,5.0,2.0,1.0,Romance,September,12.0,0.2309,0.216,0.0467,6.7,3000000.0
160588.0,United States of America,2013.0,en,6.988,18000000.0,5.0,1.0,1.0,Drama,August,1.0,0.2965,0.1099,0.0121,6.988,99200000.0
208134.0,United States of America,2013.0,en,6.114,15000000.0,5.0,1.0,1.0,Comedy,October,22.0,0.2555,0.1863,0.0347,6.114,151831537.0
187022.0,"China, France, Japan",2013.0,zh,7.2,4000000.0,5.0,3.0,1.0,Drama,October,4.0,0.3029,0.0908,0.0082,7.2,154120.0
129670.0,United States of America,2013.0,en,7.442,12000000.0,5.0,2.0,1.0,Drama,September,21.0,0.3044,0.0858,0.0074,7.442,27700000.0
219572.0,"China, Hong Kong",2013.0,zh,6.2,35000000.0,5.0,3.0,1.0,Action,December,24.0,0.2744,0.1572,0.0247,6.2,94249025.0
209247.0,"Canada, United States of America",2013.0,en,6.164,0.0,5.0,2.0,1.0,Comedy,September,20.0,0.284,0.139,0.0193,6.164,64065.0
104755.0,"Canada, United States of America",2013.0,en,5.5,1500000.0,5.0,2.0,1.0,Horror,April,18.0,0.2992,0.1025,0.0105,5.5,1165882.0
150202.0,United States of America,2013.0,en,5.8,8000000.0,5.0,3.0,1.0,Horror,February,1.0,0.2343,0.2124,0.0451,5.8,5127434.0
156700.0,United States of America,2013.0,en,7.002,1500000.0,5.0,2.0,1.0,Comedy,January,19.0,0.2986,0.1041,0.0108,7.002,1400000.0
164558.0,"United Kingdom, United States of America",2013.0,en,8.3,10000000.0,5.0,2.0,1.0,Documentary,August,28.0,0.2636,0.1746,0.0305,8.3,68500000.0
169219.0,"United Kingdom, United States of America, Russia",2013.0,en,5.909,0.0,5.0,2.0,1.0,Thriller,February,27.0,0.2502,0.1934,0.0374,5.909,5217347.0
197082.0,"France, Poland, Belgium",2013.0,fr,7.3,0.0,2.0,1.0,1.0,Drama,May,28.0,0.2895,0.1273,0.0162,7.3,342183.0
86829.0,"France, United Kingdom",2013.0,en,7.194,11000000.0,5.0,2.0,2.0,Drama,October,18.0,0.3004,0.0987,0.0097,7.194,32935319.0
212716.0,"Canada, Ireland, United States of America",2013.0,en,6.737,11000000.0,5.0,3.0,1.0,Drama,September,7.0,0.2525,0.1904,0.0363,6.737,8500000.0
76544.0,"China, Hong Kong, United States of America",2013.0,en,6.1,25000000.0,5.0,2.0,1.0,Action,July,4.0,0.3015,0.0953,0.0091,6.1,2054941.0
227707.0,"Belgium, United Kingdom, Spain",2013.0,en,5.634,25000000.0,5.0,3.0,1.0,Fantasy,December,5.0,0.2742,0.1575,0.0248,5.634,6399.0
227700.0,"Canada, France, Spain, United Kingdom, United States of America",2013.0,en,6.5,4357373.0,5.0,2.0,1.0,Thriller,October,13.0,0.29,0.1261,0.0159,6.5,1200000.0
147773.0,United States of America,2013.0,en,7.1,4600000.0,5.0,2.0,2.0,Comedy,June,6.0,0.2656,0.1717,0.0295,7.1,23198652.0
109729.0,United States of America,2013.0,en,4.417,250000.0,5.0,2.0,1.0,Thriller,August,2.0,0.28,0.147,0.0216,4.417,270185.0
119675.0,United States of America,2013.0,en,6.625,23000000.0,5.0,2.0,1.0,Drama,May,26.0,0.294,0.1165,0.0136,6.625,15600000.0
146239.0,"United States of America, India",2013.0,en,6.2,26000000.0,5.0,1.0,1.0,Comedy,October,10.0,0.2287,0.2184,0.0477,6.2,51164106.0
87567.0,United States of America,2013.0,en,5.859,35000000.0,5.0,1.0,1.0,Comedy,April,25.0,0.2905,0.125,0.0156,5.859,21800000.0
313106.0,United Kingdom,2013.0,en,8.2,0.0,5.0,2.0,1.0,Science Fiction,November,23.0,0.2758,0.1547,0.0239,8.2,10000000.0
212162.0,Japan,2013.0,ja,7.7,0.0,5.0,3.0,1.0,Mystery,October,26.0,0.277,0.1526,0.0233,7.7,12947880.0
152795.0,"Belgium, France, Germany, Israel, Luxembourg, Poland",2013.0,en,6.4,0.0,5.0,3.0,1.0,Drama,July,3.0,0.2673,0.169,0.0286,6.4,455815.0
146238.0,United States of America,2013.0,en,5.6,30000000.0,5.0,3.0,1.0,Crime,September,24.0,0.2892,0.1278,0.0163,5.6,62600000.0
227679.0,Japan,2013.0,ja,6.4,0.0,5.0,4.0,1.0,Action,July,13.0,0.2546,0.1876,0.0352,6.4,32293377.0
170689.0,"Luxembourg, France, Belgium",2013.0,fr,5.737,0.0,5.0,2.0,1.0,Drama,February,17.0,0.2779,0.1509,0.0228,5.737,10357345.0
132363.0,United States of America,2013.0,en,7.33,25000000.0,5.0,1.0,1.0,Drama,August,16.0,0.2837,0.1397,0.0195,7.33,177313795.0
254712.0,Turkey,2013.0,tr,6.1,0.0,5.0,1.0,1.0,Horror,August,2.0,0.2954,0.1128,0.0127,6.1,3548845.0
98357.0,United States of America,2013.0,en,5.9,56000000.0,5.0,3.0,1.0,Thriller,January,18.0,0.2828,0.1414,0.02,5.9,34737199.0
127560.0,"Australia, France, Switzerland, Thailand, United Kingdom",2013.0,en,6.9,18000000.0,5.0,2.0,1.0,Drama,December,2.0,0.2794,0.1481,0.0219,6.9,24174885.0
159128.0,"France, United States of America",2013.0,en,5.747,0.0,5.0,3.0,1.0,Drama,September,27.0,0.2864,0.1341,0.018,5.747,81381.0
162903.0,"India, United States of America",2013.0,en,6.0,28000000.0,5.0,2.0,1.0,Drama,October,11.0,0.2689,0.1664,0.0277,6.0,8555008.0
121677.0,"Qatar, United States of America, India",2013.0,en,6.591,15000000.0,5.0,1.0,1.0,Thriller,April,24.0,0.2938,0.117,0.0137,6.591,2200000.0
96936.0,United States of America,2013.0,en,5.423,15000000.0,5.0,2.0,1.0,Drama,June,12.0,0.2914,0.1228,0.0151,5.423,19145732.0
204668.0,France,2013.0,fr,6.925,11300000.0,5.0,1.0,1.0,Adventure,December,18.0,0.2656,0.1717,0.0295,6.925,35825575.0
205601.0,United Kingdom,2013.0,en,7.138,10900000.0,5.0,1.0,1.0,Drama,May,1.0,0.2934,0.1181,0.0139,7.138,16500000.0
163786.0,Japan,2013.0,ja,7.5,0.0,5.0,1.0,1.0,Animation,April,19.0,0.246,0.1987,0.0395,7.5,14700000.0
191820.0,"Italy, Germany",2013.0,en,6.617,0.0,5.0,1.0,1.0,Drama,January,30.0,0.2462,0.1985,0.0394,6.617,11294.0
127517.0,United States of America,2013.0,en,7.0,10000000.0,5.0,2.0,1.0,Drama,April,12.0,0.2992,0.1023,0.0105,7.0,3428048.0
244610.0,United States of America,2013.0,en,6.0,500000.0,5.0,3.0,1.0,Horror,December,12.0,0.2475,0.1968,0.0387,6.0,410129.0
109099.0,"France, Germany",2013.0,en,5.3,20000000.0,5.0,4.0,1.0,Thriller,February,13.0,0.2979,0.106,0.0112,5.3,713616.0
174675.0,United Kingdom,2013.0,en,5.919,1500000.0,5.0,2.0,1.0,Science Fiction,April,25.0,0.2907,0.1245,0.0155,5.919,314131.0
205220.0,"France, United Kingdom",2013.0,en,7.4,12000000.0,5.0,1.0,1.0,Drama,November,1.0,0.2746,0.1569,0.0246,7.4,100100000.0
228805.0,Japan,2013.0,ja,6.688,0.0,5.0,3.0,1.0,Animation,April,19.0,0.2638,0.1744,0.0304,6.688,36324232.0
157834.0,"France, Luxembourg, Romania, United Kingdom, United States of America",2013.0,en,6.105,8500000.0,5.0,3.0,1.0,Drama,September,20.0,0.3019,0.094,0.0088,6.105,770706.0
233063.0,Germany,2013.0,de,7.009,0.0,5.0,1.0,1.0,Comedy,November,7.0,0.2887,0.1291,0.0167,7.009,77676735.0
166879.0,United States of America,2013.0,en,6.683,0.0,5.0,2.0,1.0,Romance,February,14.0,0.284,0.139,0.0193,6.683,7965.0
185008.0,India,2013.0,hi,7.2,7700000.0,5.0,2.0,1.0,Romance,May,31.0,0.2582,0.1826,0.0333,7.2,46000000.0
157354.0,United States of America,2013.0,en,7.365,900000.0,5.0,1.0,1.0,Drama,July,26.0,0.2807,0.1457,0.0212,7.365,17600000.0
211067.0,United States of America,2013.0,en,5.962,4000000.0,5.0,2.0,1.0,Horror,September,2.0,0.2495,0.1943,0.0378,5.962,9221.0
253279.0,United States of America,2013.0,en,6.3,7000000.0,5.0,1.0,1.0,Drama,November,28.0,0.2717,0.1617,0.0262,6.3,249601.0
158999.0,United States of America,2013.0,en,7.8,0.0,5.0,1.0,1.0,Documentary,June,7.0,0.265,0.1725,0.0298,7.8,2063312.0
144340.0,United States of America,2013.0,en,5.6,13000000.0,5.0,3.0,1.0,Comedy,March,21.0,0.2671,0.1692,0.0286,5.6,18637201.0
166076.0,United States of America,2013.0,en,6.609,0.0,5.0,3.0,1.0,Animation,April,23.0,0.2704,0.1639,0.0269,6.609,2915767.0
190955.0,"France, United States of America",2013.0,en,6.107,25500000.0,5.0,3.0,1.0,Thriller,August,22.0,0.2528,0.19,0.0361,6.107,2415472.0
192136.0,"France, South Africa, United Kingdom, United States of America",2013.0,en,6.9,35000000.0,5.0,2.0,1.0,Drama,November,28.0,0.2646,0.1732,0.03,6.9,27300000.0
77987.0,"Denmark, France, Sweden, United States of America",2013.0,en,5.8,4800000.0,5.0,3.0,1.0,Drama,May,30.0,0.2655,0.1718,0.0295,5.8,10300000.0
192134.0,United Kingdom,2013.0,en,5.845,7000000.0,5.0,3.0,1.0,Comedy,November,14.0,0.2864,0.134,0.018,5.845,1300000.0
64807.0,United States of America,2013.0,en,6.1,40000000.0,5.0,1.0,1.0,Comedy,December,25.0,0.2938,0.1171,0.0137,6.1,44907260.0
109417.0,United States of America,2013.0,en,6.8,20000000.0,5.0,2.0,1.0,Music,September,21.0,0.3033,0.0896,0.008,6.8,16549477.0
215743.0,South Korea,2013.0,ko,6.7,0.0,5.0,1.0,1.0,Drama,September,5.0,0.2557,0.1861,0.0346,6.7,11563.0
158426.0,France,2013.0,en,5.8,7700000.0,5.0,3.0,1.0,Action,January,30.0,0.2687,0.1668,0.0278,5.8,467282.0
204342.0,Japan,2013.0,ja,6.3,0.0,5.0,2.0,1.0,Action,April,13.0,0.2799,0.1472,0.0217,6.3,779893.0
152259.0,United States of America,2013.0,en,5.9,10000000.0,5.0,1.0,1.0,Thriller,January,3.0,0.275,0.1561,0.0244,5.9,1197759.0
160704.0,South Korea,2013.0,ko,6.7,9000000.0,5.0,3.0,1.0,Action,January,30.0,0.2528,0.19,0.0361,6.7,48965210.0
146223.0,United Kingdom,2013.0,en,5.9,0.0,5.0,4.0,1.0,Mystery,August,28.0,0.2681,0.1677,0.0281,5.9,5750401.0
97006.0,United States of America,2013.0,en,6.6,37000000.0,5.0,1.0,1.0,Drama,March,29.0,0.29,0.1261,0.0159,6.6,53143144.0
157360.0,"United Kingdom, United States of America",2013.0,en,6.338,1000000.0,5.0,1.0,1.0,Comedy,August,9.0,0.3046,0.0848,0.0072,6.338,2963902.0
204435.0,India,2013.0,hi,5.6,20000000.0,5.0,2.0,1.0,Action,November,1.0,0.2449,0.2,0.04,5.6,84000000.0
115782.0,"Switzerland, United States of America",2013.0,en,6.1,12000000.0,5.0,2.0,1.0,Drama,August,15.0,0.2701,0.1645,0.0271,6.1,42100000.0
146227.0,"Bulgaria, United States of America",2013.0,en,5.1,18000000.0,5.0,2.0,1.0,Action,August,29.0,0.2622,0.1767,0.0312,5.1,10501938.0
159932.0,"United Kingdom, United States of America, Canada",2013.0,en,5.687,0.0,5.0,3.0,1.0,Drama,September,19.0,0.2864,0.1341,0.018,5.687,18642.0
201749.0,"Belgium, Germany, United States of America, France",2013.0,en,6.66,8200000.0,5.0,2.0,1.0,Drama,August,22.0,0.2889,0.1285,0.0165,6.66,2967122.0
152748.0,United States of America,2013.0,en,6.1,4000000.0,5.0,4.0,1.0,Crime,July,3.0,0.2928,0.1195,0.0143,6.1,1031243.0
60281.0,United States of America,2013.0,en,5.8,0.0,5.0,2.0,1.0,Drama,February,22.0,0.2947,0.1147,0.0132,5.8,2801166.0
41602.0,United States of America,2013.0,en,6.4,0.0,5.0,5.0,1.0,Action,February,9.0,0.2837,0.1397,0.0195,6.4,11650.0
205022.0,India,2013.0,hi,6.5,18000000.0,5.0,3.0,1.0,Romance,August,8.0,0.2462,0.1985,0.0394,6.5,62000000.0
191714.0,"France, Germany, India, United States of America",2013.0,hi,7.3,3400000.0,5.0,2.0,1.0,Drama,September,20.0,0.272,0.1614,0.026,7.3,17240000.0
198287.0,"Indonesia, United States of America",2013.0,en,6.093,0.0,5.0,4.0,1.0,Drama,July,6.0,0.2864,0.1341,0.018,6.093,1770376.0
150117.0,"France, United Kingdom, United States of America",2013.0,en,5.5,13000000.0,5.0,2.0,1.0,Comedy,February,8.0,0.2605,0.1793,0.0322,5.5,29200000.0
192538.0,United Kingdom,2013.0,en,4.4,0.0,5.0,3.0,1.0,History,July,5.0,0.2906,0.1248,0.0156,4.4,641.0
85889.0,"Belgium, Germany, Sweden, United Kingdom, United States of America",2013.0,en,6.865,5000000.0,5.0,3.0,1.0,Crime,September,23.0,0.2943,0.1157,0.0134,6.865,9114264.0
244049.0,India,2013.0,ml,7.61,750000.0,5.0,4.0,1.0,Thriller,December,19.0,0.2933,0.1183,0.014,7.61,12000000.0
240206.0,Czech Republic,2013.0,cs,3.5,0.0,5.0,1.0,1.0,Drama,March,28.0,0.2546,0.1876,0.0352,3.5,7755.0
235984.0,India,2013.0,hi,6.9,0.0,5.0,2.0,1.0,Drama,November,14.0,0.3012,0.0962,0.0093,6.9,32000000.0
199420.0,United States of America,2013.0,en,5.7,5000000.0,5.0,2.0,1.0,Action,July,12.0,0.2562,0.1854,0.0344,5.7,1080000.0
144789.0,Spain,2013.0,es,5.7,5000000.0,5.0,1.0,1.0,Comedy,March,8.0,0.2661,0.1709,0.0292,5.7,11724119.0
68727.0,"France, United Kingdom, United States of America",2013.0,en,6.619,20000000.0,5.0,4.0,1.0,Thriller,March,27.0,0.3027,0.0915,0.0084,6.619,24300000.0
204349.0,United States of America,2013.0,en,5.4,0.0,5.0,2.0,1.0,Horror,July,7.0,0.2855,0.136,0.0185,5.4,58221.0
209764.0,South Korea,2013.0,ko,7.112,0.0,5.0,3.0,1.0,Crime,July,31.0,0.2793,0.1483,0.022,7.112,35659824.0
169813.0,United States of America,2013.0,en,7.8,1000000.0,5.0,1.0,1.0,Drama,August,23.0,0.2963,0.1105,0.0122,7.8,1645164.0
175528.0,United States of America,2013.0,en,5.328,8500000.0,5.0,2.0,1.0,Romance,September,27.0,0.291,0.1237,0.0153,5.328,22456509.0
186161.0,France,2013.0,fr,6.719,7000000.0,5.0,1.0,1.0,Comedy,April,19.0,0.2977,0.1066,0.0114,6.719,11311521.0
214030.0,United States of America,2013.0,en,5.8,0.0,5.0,1.0,1.0,Comedy,September,7.0,0.301,0.0969,0.0094,5.8,2681345.0
127373.0,United States of America,2013.0,en,7.1,6000000.0,5.0,1.0,2.0,Drama,May,2.0,0.2858,0.1353,0.0183,7.1,2711379.0
258216.0,"Germany, Belgium, Denmark, France",2013.0,en,6.9,2350000.0,5.0,1.0,1.0,Drama,December,25.0,0.2999,0.1004,0.0101,6.9,13545832.0
174321.0,United States of America,2013.0,en,5.6,0.0,5.0,3.0,1.0,Comedy,May,16.0,0.294,0.1165,0.0136,5.6,104810.0
156236.0,France,2013.0,fr,6.495,0.0,5.0,2.0,1.0,Drama,January,16.0,0.2364,0.2101,0.0441,6.495,10759874.0
212153.0,Japan,2013.0,ja,7.3,0.0,5.0,6.0,3.0,Adventure,November,23.0,0.2488,0.1952,0.0381,7.3,1956267.0
174316.0,United States of America,2013.0,en,5.6,0.0,5.0,2.0,1.0,Comedy,November,6.0,0.248,0.1962,0.0385,5.6,4187.0
111473.0,United Kingdom,2013.0,en,5.9,0.0,5.0,3.0,1.0,Drama,December,25.0,0.2714,0.1623,0.0263,5.9,3986888.0
158907.0,United States of America,2013.0,en,5.9,0.0,5.0,1.0,1.0,Drama,January,18.0,0.2778,0.1511,0.0228,5.9,89661.0
77663.0,"Belgium, United States of America, Bulgaria",2013.0,en,5.5,0.0,5.0,2.0,1.0,Action,July,12.0,0.288,0.1305,0.017,5.5,39881.0
209361.0,"United Kingdom, United States of America",2013.0,en,6.7,0.0,5.0,3.0,1.0,Drama,September,9.0,0.2901,0.1259,0.0158,6.7,10900434.0
222216.0,China,2013.0,cn,5.9,0.0,5.0,3.0,1.0,Drama,October,17.0,0.2286,0.2185,0.0477,5.9,12666.0
140222.0,United States of America,2013.0,en,6.046,0.0,5.0,2.0,1.0,Drama,March,22.0,0.2941,0.1163,0.0135,6.046,19684.0
209403.0,United States of America,2013.0,en,6.385,9500000.0,5.0,1.0,1.0,Comedy,September,6.0,0.272,0.1614,0.026,6.385,7800000.0
118289.0,"Belgium, France, Sweden, United Kingdom",2013.0,en,5.6,15000000.0,5.0,2.0,1.0,Drama,September,19.0,0.2897,0.1267,0.0161,5.6,21766271.0
111479.0,United States of America,2013.0,en,6.403,5000000.0,5.0,2.0,1.0,Drama,October,11.0,0.2934,0.118,0.0139,6.403,40400.0
93828.0,"Canada, India, United Kingdom, United States of America",2013.0,en,5.9,8500000.0,5.0,3.0,1.0,Action,March,15.0,0.2263,0.2209,0.0488,5.9,3900000.0
177699.0,"France, United Kingdom",2013.0,en,6.6,4000000.0,5.0,1.0,1.0,Comedy,July,24.0,0.2929,0.1193,0.0142,6.6,9800000.0
174733.0,Russia,2013.0,ru,6.7,13000000.0,5.0,2.0,1.0,Action,February,21.0,0.2621,0.1769,0.0313,6.7,4463059.0
202220.0,"China, Hong Kong",2013.0,zh,5.4,0.0,5.0,3.0,1.0,Comedy,June,18.0,0.2923,0.1206,0.0146,5.4,46495296.0
172533.0,United States of America,2013.0,en,5.9,0.0,5.0,3.0,1.0,Romance,August,23.0,0.277,0.1525,0.0233,5.9,343341.0
217923.0,"China, Hong Kong",2013.0,zh,6.3,0.0,5.0,4.0,1.0,Action,September,27.0,0.277,0.1525,0.0233,6.3,98774891.0
145197.0,United States of America,2013.0,en,6.4,100000.0,5.0,2.0,1.0,Drama,April,5.0,0.2764,0.1536,0.0236,6.4,444098.0
207686.0,Venezuela,2013.0,es,6.8,300000.0,5.0,3.0,1.0,Horror,June,21.0,0.2528,0.19,0.0361,6.8,4588899.0
206324.0,India,2013.0,hi,7.4,4600000.0,5.0,2.0,1.0,History,July,12.0,0.2668,0.1698,0.0288,7.4,25000000.0
209263.0,"United Kingdom, United States of America",2013.0,en,6.72,0.0,5.0,3.0,1.0,Comedy,September,18.0,0.2864,0.134,0.018,6.72,25288872.0
193613.0,United States of America,2013.0,en,6.822,18000000.0,5.0,1.0,1.0,Music,September,25.0,0.2937,0.1172,0.0137,6.822,7972967.0
156711.0,"United Kingdom, United States of America",2013.0,en,6.387,4900000.0,5.0,2.0,1.0,Comedy,August,15.0,0.284,0.1391,0.0194,6.387,2159041.0
100542.0,Malaysia,2013.0,en,4.1,15600000.0,5.0,1.0,1.0,Adventure,September,11.0,0.2913,0.123,0.0151,4.1,747872.0
149087.0,"Belgium, France, Spain",2013.0,fr,6.2,1700000.0,5.0,2.0,1.0,Adventure,November,6.0,0.272,0.1614,0.026,6.2,7029858.0
244088.0,Italy,2013.0,it,7.472,6000000.0,5.0,1.0,1.0,Drama,December,3.0,0.2711,0.1629,0.0265,7.472,5809330.0
117319.0,India,2013.0,ta,6.3,17000000.0,5.0,2.0,1.0,Action,January,25.0,0.2268,0.2204,0.0486,6.3,51000000.0
218726.0,Japan,2013.0,ja,6.5,0.0,5.0,6.0,1.0,Adventure,March,9.0,0.3097,0.0641,0.0041,6.5,42770271.0
242575.0,"Mexico, Germany",2013.0,en,7.882,4000000.0,5.0,1.0,1.0,Drama,October,21.0,0.2717,0.1619,0.0262,7.882,5104868.0
224903.0,other,2013.0,en,4.7,0.0,5.0,1.0,1.0,Thriller,September,13.0,0.2689,0.1664,0.0277,4.7,124561.0
209274.0,"Denmark, Poland",2013.0,pl,7.233,2159280.0,5.0,1.0,1.0,Drama,October,25.0,0.2828,0.1414,0.02,7.233,15298355.0
214086.0,United States of America,2013.0,en,6.1,4000000.0,5.0,2.0,1.0,Drama,October,25.0,0.2762,0.154,0.0237,6.1,350006.0
252529.0,"Spain, United Kingdom",2013.0,en,5.4,0.0,5.0,4.0,1.0,Thriller,November,15.0,0.2984,0.1048,0.011,5.4,489884.0
157820.0,"Belgium, France, United Kingdom",2013.0,fr,6.143,16040770.0,5.0,2.0,1.0,Drama,January,10.0,0.2452,0.1997,0.0399,6.143,10435322.0
165904.0,India,2013.0,hi,7.3,7100000.0,5.0,3.0,1.0,Crime,February,7.0,0.2525,0.1904,0.0363,7.3,18000000.0
257527.0,Japan,2013.0,ja,4.8,0.0,5.0,1.0,1.0,Horror,August,30.0,0.2994,0.1018,0.0104,4.8,8385405.0
248087.0,Japan,2013.0,ja,7.1,0.0,5.0,4.0,1.0,War,December,20.0,0.3032,0.09,0.0081,7.1,84500000.0
206408.0,"Belgium, France",2013.0,fr,6.6,0.0,5.0,3.0,1.0,Comedy,December,4.0,0.3075,0.0736,0.0054,6.6,16968297.0
74461.0,United States of America,2013.0,en,5.598,0.0,5.0,4.0,1.0,Adventure,January,21.0,0.265,0.1726,0.0298,5.598,86746.0
152780.0,"Belgium, France, Italy",2013.0,fr,7.2,11000000.0,5.0,2.0,1.0,Drama,May,17.0,0.2804,0.1463,0.0214,7.2,10631747.0
87499.0,United States of America,2013.0,en,6.6,6500000.0,5.0,2.0,1.0,Drama,May,31.0,0.2944,0.1155,0.0133,6.6,2401510.0
188598.0,"France, Singapore",2013.0,zh,7.014,0.0,5.0,2.0,1.0,Drama,August,29.0,0.2271,0.22,0.0484,7.014,54071.0
209262.0,"United Kingdom, United States of America",2013.0,en,6.2,10000000.0,5.0,2.0,1.0,History,October,2.0,0.2111,0.2355,0.0555,6.2,1412181.0
179109.0,"France, Germany",2013.0,fr,5.798,0.0,5.0,3.0,1.0,Drama,August,7.0,0.265,0.1725,0.0298,5.798,12247.0
168055.0,France,2013.0,fr,5.949,0.0,5.0,2.0,1.0,Comedy,April,2.0,0.2714,0.1623,0.0263,5.949,7636.0
232175.0,United States of America,2013.0,en,6.6,7500000.0,5.0,1.0,1.0,Drama,October,17.0,0.2997,0.1009,0.0102,6.6,1359910.0
192133.0,"Ireland, United Kingdom, United States of America",2013.0,en,5.639,0.0,5.0,2.0,1.0,Drama,September,7.0,0.2694,0.1656,0.0274,5.639,340911.0
91739.0,United States of America,2013.0,en,6.8,0.0,5.0,1.0,1.0,Comedy,May,28.0,0.2983,0.1049,0.011,6.8,4327764.0
252520.0,Japan,2013.0,ja,6.5,0.0,5.0,1.0,5.0,Animation,July,20.0,0.3014,0.0957,0.0092,6.5,22862.0
184219.0,Thailand,2013.0,th,7.221,1800000.0,5.0,3.0,1.0,Comedy,March,28.0,0.2858,0.1353,0.0183,7.221,33000000.0
180900.0,Japan,2013.0,ja,6.4,0.0,5.0,2.0,1.0,Thriller,April,25.0,0.294,0.1165,0.0136,6.4,17876628.0
182415.0,Italy,2013.0,it,6.262,0.0,5.0,2.0,1.0,Drama,April,2.0,0.2812,0.1447,0.0209,6.262,4206343.0
160068.0,"Chile, Spain",2013.0,es,6.659,0.0,5.0,2.0,1.0,Comedy,February,10.0,0.2913,0.123,0.0151,6.659,2107925.0
188761.0,"Argentina, France, Norway, Spain",2013.0,es,6.5,2000000.0,5.0,3.0,1.0,Drama,May,19.0,0.2635,0.1748,0.0305,6.5,3635718.0
75761.0,"United States of America, Malaysia",2013.0,en,6.311,1000000.0,5.0,2.0,1.0,Horror,January,25.0,0.2582,0.1826,0.0333,6.311,142000.0
209350.0,"France, United Kingdom",2013.0,en,6.2,0.0,5.0,2.0,1.0,Comedy,October,4.0,0.3015,0.0953,0.0091,6.2,2225098.0
150897.0,"France, Germany, Austria",2013.0,de,6.3,0.0,5.0,1.0,1.0,Drama,February,22.0,0.2584,0.1823,0.0332,6.3,6701.0
159014.0,United States of America,2013.0,en,7.2,1000000.0,5.0,2.0,1.0,Documentary,June,14.0,0.285,0.1371,0.0188,7.2,5892466.0
115283.0,United States of America,2013.0,en,5.5,0.0,5.0,1.0,1.0,Comedy,October,3.0,0.2538,0.1886,0.0356,5.5,175705.0
215776.0,India,2013.0,hi,6.5,5400000.0,5.0,3.0,1.0,Thriller,August,23.0,0.2887,0.1291,0.0167,6.5,6500000.0
203217.0,Brazil,2013.0,pt,7.7,2000000.0,5.0,1.0,1.0,Comedy,June,21.0,0.2668,0.1698,0.0288,7.7,20552094.0
231176.0,Italy,2013.0,it,6.8,8000000.0,5.0,1.0,1.0,Comedy,October,31.0,0.2364,0.2101,0.0441,6.8,51936318.0
171540.0,Israel,2013.0,he,6.6,0.0,5.0,4.0,2.0,Comedy,April,21.0,0.313,0.0447,0.002,6.6,33232.0
214209.0,South Korea,2013.0,ko,6.5,1900000.0,5.0,2.0,1.0,Thriller,August,14.0,0.1808,0.2594,0.0673,6.5,35461505.0
160768.0,"France, United States of America",2013.0,en,6.106,10000000.0,5.0,1.0,1.0,Drama,September,11.0,0.2753,0.1556,0.0242,6.106,30283.0
179111.0,United Kingdom,2013.0,en,6.227,300000.0,5.0,3.0,1.0,Horror,July,5.0,0.2822,0.1428,0.0204,6.227,600000.0
172828.0,United States of America,2013.0,en,5.7,0.0,5.0,2.0,1.0,Comedy,August,28.0,0.2849,0.1372,0.0188,5.7,19613.0
210911.0,Hong Kong,2013.0,cn,6.0,0.0,5.0,3.0,1.0,Horror,September,6.0,0.3,0.1,0.01,6.0,7865.0
191421.0,China,2013.0,zh,6.2,0.0,5.0,2.0,1.0,Romance,April,26.0,0.2771,0.1523,0.0232,6.2,116000000.0
87440.0,United States of America,2013.0,en,6.2,0.0,5.0,2.0,1.0,Comedy,June,19.0,0.2826,0.1419,0.0201,6.2,22930.0
128158.0,"Afghanistan, United Kingdom, Germany, France",2013.0,fa,7.093,0.0,5.0,2.0,1.0,Drama,February,20.0,0.2862,0.1345,0.0181,7.093,148671.0
82992.0,United States of America,2013.0,en,6.818,160000000.0,5.0,3.0,1.0,Action,May,21.0,0.253,0.1897,0.036,6.818,788700000.0
225666.0,"Hong Kong, Japan",2013.0,ja,5.938,0.0,5.0,2.0,1.0,Horror,July,20.0,0.2921,0.1211,0.0147,5.938,107670.0
193197.0,India,2013.0,te,6.4,0.0,5.0,2.0,1.0,Family,January,11.0,0.2804,0.1461,0.0214,6.4,10349042.0
208284.0,"Belgium, Luxembourg, France",2013.0,fr,6.3,0.0,5.0,2.0,2.0,Horror,August,12.0,0.2931,0.1186,0.0141,6.3,7182.0
175555.0,United States of America,2013.0,en,6.4,25000000.0,5.0,2.0,1.0,Comedy,December,13.0,0.2819,0.1432,0.0205,6.4,53396635.0
209385.0,Poland,2013.0,pl,5.8,0.0,5.0,2.0,1.0,Drama,September,23.0,0.3085,0.0697,0.0049,5.8,5250588.0
209049.0,"China, Taiwan",2013.0,zh,4.2,0.0,5.0,3.0,1.0,Drama,June,27.0,0.2858,0.1353,0.0183,4.2,77717014.0
222772.0,"Argentina, Brazil",2013.0,es,6.7,0.0,5.0,3.0,1.0,Comedy,August,15.0,0.2528,0.19,0.0361,6.7,11719123.0
124461.0,United States of America,2013.0,en,4.1,0.0,5.0,1.0,1.0,Comedy,February,8.0,0.3058,0.0804,0.0065,4.1,210565.0
191294.0,"Denmark, Sweden",2013.0,sv,6.984,0.0,5.0,2.0,1.0,Drama,March,28.0,0.293,0.119,0.0142,6.984,180590.0
236317.0,Turkey,2013.0,tr,7.6,0.0,5.0,1.0,1.0,Drama,October,25.0,0.2605,0.1793,0.0322,7.6,7406037.0
203715.0,"Cote D'Ivoire, France",2013.0,fr,7.1,0.0,5.0,3.0,2.0,Animation,July,17.0,0.2923,0.1206,0.0146,7.1,314047.0
50275.0,"Denmark, Sweden",2013.0,sv,7.174,0.0,5.0,2.0,1.0,Documentary,February,8.0,0.2915,0.1227,0.0151,7.174,34664.0
157293.0,India,2013.0,hi,5.9,0.0,5.0,1.0,1.0,Drama,February,7.0,0.2758,0.1547,0.0239,5.9,222000.0
194101.0,United Kingdom,2013.0,en,7.272,0.0,5.0,1.0,1.0,Drama,October,25.0,0.265,0.1725,0.0298,7.272,12189.0
209355.0,France,2013.0,fr,6.046,5112027.0,5.0,1.0,1.0,Comedy,November,6.0,0.2345,0.2122,0.045,6.046,5586646.0
181330.0,United States of America,2013.0,en,6.7,0.0,5.0,2.0,1.0,Comedy,July,3.0,0.2948,0.1143,0.0131,6.7,32230907.0
209901.0,United States of America,2013.0,en,5.1,3000000.0,5.0,1.0,1.0,Horror,September,26.0,0.2785,0.1497,0.0224,5.1,1675381.0
156268.0,United States of America,2013.0,en,3.2,0.0,5.0,1.0,1.0,Comedy,March,22.0,0.3024,0.0924,0.0085,3.2,228.0
210047.0,United States of America,2013.0,en,5.5,0.0,5.0,3.0,1.0,Crime,September,20.0,0.3017,0.0946,0.009,5.5,16971.0
238811.0,"China, Hong Kong",2013.0,zh,6.9,2320000.0,5.0,4.0,1.0,Crime,December,3.0,0.2923,0.1206,0.0146,6.9,41807000.0
153795.0,United States of America,2013.0,en,5.2,2000000.0,5.0,2.0,1.0,Comedy,January,16.0,0.2924,0.1204,0.0145,5.2,61669.0
254672.0,"China, Hong Kong",2013.0,cn,5.588,13898500.0,5.0,3.0,1.0,Fantasy,September,24.0,0.2966,0.1098,0.0121,5.588,1872903.0
191121.0,India,2013.0,hi,6.6,6400000.0,5.0,2.0,1.0,Drama,June,21.0,0.2469,0.1976,0.039,6.6,1171761.0
176124.0,United States of America,2013.0,en,6.2,1200000.0,5.0,1.0,1.0,Drama,April,19.0,0.3019,0.0941,0.0088,6.2,2861020.0
225235.0,Russia,2013.0,ru,6.6,0.0,5.0,1.0,1.0,Drama,July,26.0,0.2704,0.164,0.0269,6.6,4037782.0
217414.0,Spain,2013.0,es,5.4,0.0,5.0,1.0,1.0,Comedy,November,15.0,0.2882,0.1301,0.0169,5.4,850259.0
222297.0,France,2013.0,fr,6.8,0.0,5.0,1.0,1.0,Documentary,September,25.0,0.2822,0.1427,0.0204,6.8,7424.0
214083.0,United States of America,2013.0,en,6.9,0.0,5.0,1.0,1.0,Documentary,September,8.0,0.2887,0.1291,0.0167,6.9,383294.0
188183.0,China,2013.0,zh,6.4,4881000.0,5.0,2.0,1.0,Comedy,March,21.0,0.2654,0.172,0.0296,6.4,81350000.0
229296.0,United States of America,2013.0,en,7.1,5000000.0,5.0,2.0,1.0,Documentary,December,19.0,0.301,0.097,0.0094,7.1,10980157.0
196325.0,China,2013.0,zh,6.7,0.0,5.0,1.0,1.0,Drama,May,17.0,0.2843,0.1384,0.0192,6.7,88000000.0
305387.0,"Belgium, France",2013.0,fr,6.4,10000000.0,5.0,2.0,1.0,Family,November,20.0,0.2842,0.1386,0.0192,6.4,78.0
228676.0,United States of America,2013.0,en,5.0,108000.0,5.0,3.0,1.0,Horror,October,30.0,0.2673,0.169,0.0286,5.0,57000.0
190754.0,Philippines,2013.0,tl,6.6,1052753.0,5.0,3.0,1.0,Action,August,28.0,0.2901,0.1258,0.0158,6.6,466088.0
197936.0,France,2013.0,fr,5.9,3300000.0,5.0,2.0,1.0,Drama,June,19.0,0.2851,0.1369,0.0187,5.9,4949039.0
191726.0,India,2013.0,hi,6.9,700000.0,5.0,4.0,1.0,Thriller,May,17.0,0.2891,0.1281,0.0164,6.9,2200000.0
186997.0,"Belgium, Cambodia, France",2013.0,fr,7.1,0.0,2.0,1.0,1.0,Documentary,November,4.0,0.2809,0.1453,0.0211,7.1,76933.0
209232.0,Germany,2013.0,de,6.9,0.0,5.0,2.0,1.0,Comedy,July,31.0,0.2927,0.1196,0.0143,6.9,5378537.0
199570.0,"Australia, Canada, United Kingdom",2013.0,en,5.8,0.0,5.0,1.0,17.0,Drama,September,25.0,0.2829,0.1413,0.02,5.8,1110918.0
159012.0,"Mexico, United States of America",2013.0,en,7.1,0.0,1.0,2.0,1.0,Crime,November,22.0,0.2817,0.1437,0.0207,7.1,163690.0
128206.0,India,2013.0,hi,7.2,970000.0,5.0,2.0,1.0,Drama,October,18.0,0.2496,0.1941,0.0377,7.2,6100000.0
94671.0,"United States of America, Russia",2013.0,en,5.807,0.0,5.0,2.0,1.0,Drama,July,25.0,0.2502,0.1934,0.0374,5.807,14836.0
229756.0,Japan,2013.0,ja,6.2,0.0,5.0,3.0,1.0,Animation,March,9.0,0.2524,0.1906,0.0363,6.2,1800000.0
159638.0,United States of America,2013.0,en,5.1,0.0,5.0,2.0,2.0,Comedy,January,20.0,0.2287,0.2183,0.0477,5.1,9195.0
178915.0,Italy,2013.0,it,6.161,0.0,5.0,1.0,1.0,Comedy,March,21.0,0.2929,0.1192,0.0142,6.161,9500000.0
76170.0,United States of America,2013.0,en,6.419,120000000.0,5.0,3.0,1.0,Action,July,21.0,0.2897,0.1267,0.016,6.419,415440673.0
165463.0,"Croatia, Montenegro, Serbia",2013.0,hr,6.3,1750000.0,5.0,2.0,1.0,Comedy,January,3.0,0.3055,0.0816,0.0067,6.3,1417453.0
191562.0,India,2013.0,hi,5.8,2700000.0,5.0,2.0,2.0,Comedy,May,10.0,0.2794,0.1481,0.0219,5.8,5400000.0
173301.0,"United Kingdom, United States of America",2013.0,en,7.098,0.0,5.0,3.0,1.0,Music,September,6.0,0.25,0.1936,0.0375,7.098,135039.0
238930.0,Italy,2013.0,it,3.9,0.0,5.0,1.0,1.0,Comedy,November,21.0,0.3005,0.0984,0.0097,3.9,6804918.0
167221.0,Italy,2013.0,it,6.798,5000000.0,5.0,2.0,1.0,Comedy,February,13.0,0.2885,0.1296,0.0168,6.798,48125.0
133441.0,Ireland,2013.0,en,6.8,1000000.0,5.0,2.0,1.0,Adventure,October,4.0,0.3015,0.0954,0.0091,6.8,243550.0
160165.0,Poland,2013.0,pl,7.0,0.0,5.0,1.0,1.0,Drama,September,6.0,0.3019,0.094,0.0088,7.0,1127938.0
174645.0,United States of America,2013.0,en,5.329,15000000.0,5.0,4.0,1.0,Action,March,6.0,0.2867,0.1334,0.0178,5.329,1061.0
212769.0,"South Korea, United States of America",2013.0,en,5.8,15000000.0,5.0,1.0,1.0,Music,August,7.0,0.284,0.139,0.0193,5.8,1583687.0
154282.0,United States of America,2013.0,en,4.7,0.0,5.0,1.0,1.0,Drama,September,6.0,0.2772,0.1523,0.0232,4.7,35022.0
212721.0,"Canada, France",2013.0,en,6.024,0.0,5.0,2.0,1.0,Romance,August,28.0,0.2744,0.1572,0.0247,6.024,4793.0
193418.0,Netherlands,2013.0,nl,7.344,1200000.0,5.0,1.0,1.0,Drama,June,18.0,0.3002,0.0995,0.0099,7.344,3995340.0
213015.0,"Hong Kong, China",2013.0,cn,6.9,0.0,5.0,2.0,1.0,Drama,August,15.0,0.303,0.0906,0.0082,6.9,25820000.0
171910.0,United States of America,2013.0,en,7.371,0.0,5.0,1.0,1.0,Documentary,March,9.0,0.2612,0.1783,0.0318,7.371,115739.0
233423.0,Canada,2013.0,en,4.4,0.0,5.0,3.0,1.0,Family,February,21.0,0.24,0.2059,0.0424,4.4,901596.0
185738.0,Spain,2013.0,es,6.3,60000.0,5.0,2.0,1.0,Drama,April,25.0,0.2964,0.1101,0.0121,6.3,50000.0
137563.0,United States of America,2013.0,en,7.163,0.0,5.0,2.0,2.0,Documentary,June,27.0,0.292,0.1214,0.0147,7.163,125.0
161321.0,United States of America,2013.0,en,5.297,4000000.0,5.0,2.0,1.0,Crime,February,15.0,0.3051,0.0832,0.0069,5.297,45659.0
248223.0,Russia,2013.0,ru,4.872,0.0,5.0,2.0,1.0,Adventure,December,5.0,0.2401,0.2058,0.0424,4.872,2118871.0
214210.0,France,2013.0,fr,6.8,0.0,5.0,1.0,1.0,Drama,April,2.0,0.2758,0.1547,0.0239,6.8,164290.0
214100.0,United Kingdom,2013.0,en,6.6,0.0,5.0,3.0,1.0,Music,October,3.0,0.2867,0.1334,0.0178,6.6,8800000.0
72359.0,United States of America,2013.0,en,5.5,15000000.0,5.0,1.0,1.0,Comedy,May,9.0,0.2898,0.1265,0.016,5.5,9300000.0
161808.0,Turkey,2013.0,tr,4.25,0.0,5.0,2.0,1.0,Comedy,January,18.0,0.2454,0.1994,0.0398,4.25,16999831.0
180314.0,United States of America,2013.0,en,6.3,2000000.0,5.0,1.0,1.0,Documentary,September,6.0,0.2954,0.1128,0.0127,6.3,650675.0
226354.0,"United Kingdom, United States of America",2013.0,en,5.8,0.0,5.0,2.0,1.0,Drama,November,22.0,0.2895,0.1273,0.0162,5.8,2476775.0
157336.0,"United Kingdom, United States of America",2014.0,en,8.5,165000000.0,5.0,3.0,1.0,Adventure,November,5.0,0.2833,0.1404,0.0197,8.5,746606706.0
198663.0,"United States of America, United Kingdom",2014.0,en,7.188,34000000.0,5.0,4.0,1.0,Action,September,10.0,0.3059,0.08,0.0064,7.188,348319861.0
122917.0,"New Zealand, United States of America",2014.0,en,7.325,250000000.0,5.0,3.0,1.0,Action,December,10.0,0.2977,0.1067,0.0114,7.325,956019788.0
156022.0,United States of America,2014.0,en,7.28,55000000.0,5.0,3.0,1.0,Thriller,September,24.0,0.2813,0.1445,0.0209,7.28,192330738.0
177572.0,United States of America,2014.0,en,7.7,165000000.0,5.0,5.0,2.0,Adventure,October,24.0,0.2722,0.161,0.0259,7.7,657870525.0
228150.0,United States of America,2014.0,en,7.5,68000000.0,5.0,3.0,1.0,War,October,15.0,0.2845,0.1381,0.0191,7.5,211817906.0
131631.0,United States of America,2014.0,en,6.813,125000000.0,5.0,3.0,1.0,Science Fiction,November,19.0,0.2979,0.1062,0.0113,6.813,755356711.0
244786.0,United States of America,2014.0,en,8.4,3300000.0,5.0,2.0,1.0,Drama,October,10.0,0.2858,0.1354,0.0183,8.4,50307484.0
100402.0,United States of America,2014.0,en,7.7,170000000.0,5.0,3.0,2.0,Action,March,20.0,0.2876,0.1314,0.0173,7.7,714766572.0
210577.0,United States of America,2014.0,en,7.89,61000000.0,5.0,3.0,1.0,Mystery,October,1.0,0.3039,0.0873,0.0076,7.89,370890259.0
184345.0,United States of America,2014.0,en,6.2,4000000.0,5.0,2.0,1.0,Comedy,April,17.0,0.3033,0.0895,0.008,6.2,25343661.0
137113.0,United States of America,2014.0,en,7.627,178000000.0,5.0,2.0,1.0,Action,May,27.0,0.2566,0.1849,0.0342,7.627,370541256.0
102382.0,United States of America,2014.0,en,6.5,200000000.0,5.0,3.0,1.0,Action,April,16.0,0.2703,0.1641,0.0269,6.5,708962323.0
91314.0,United States of America,2014.0,en,5.9,210000000.0,5.0,3.0,1.0,Science Fiction,June,25.0,0.2797,0.1476,0.0218,5.9,1104054072.0
116149.0,"France, United Kingdom, United States of America",2014.0,en,7.1,55000000.0,5.0,3.0,1.0,Comedy,November,24.0,0.263,0.1755,0.0308,7.1,326105453.0
98566.0,United States of America,2014.0,en,5.9,125000000.0,5.0,4.0,1.0,Science Fiction,August,7.0,0.2496,0.1941,0.0377,5.9,485004754.0
82702.0,United States of America,2014.0,en,7.7,145000000.0,5.0,6.0,1.0,Fantasy,June,5.0,0.2982,0.1054,0.0111,7.7,621537519.0
260346.0,"France, United States of America, Spain",2014.0,en,6.3,48000000.0,5.0,2.0,1.0,Thriller,December,16.0,0.2615,0.1778,0.0316,6.3,325800000.0
270946.0,United States of America,2014.0,en,6.5,132000000.0,5.0,4.0,2.0,Family,November,22.0,0.298,0.1058,0.0112,6.5,373515621.0
157350.0,United States of America,2014.0,en,6.914,85000000.0,5.0,3.0,1.0,Action,March,14.0,0.2661,0.1709,0.0292,6.914,288885818.0
102651.0,United States of America,2014.0,en,7.1,180000000.0,5.0,5.0,1.0,Fantasy,May,28.0,0.2863,0.1342,0.018,7.1,758539785.0
205596.0,United States of America,2014.0,en,7.996,14000000.0,5.0,4.0,1.0,History,November,14.0,0.2728,0.1599,0.0256,7.996,233555708.0
240832.0,France,2014.0,en,6.457,40000000.0,5.0,2.0,1.0,Action,July,25.0,0.2941,0.1163,0.0135,6.457,458863600.0
190859.0,United States of America,2014.0,en,7.423,58800000.0,5.0,2.0,1.0,War,December,25.0,0.2948,0.1144,0.0131,7.423,542300000.0
127585.0,United States of America,2014.0,en,7.529,250000000.0,5.0,3.0,1.0,Action,May,15.0,0.2795,0.1479,0.0219,7.529,747862775.0
119450.0,"United Kingdom, United States of America",2014.0,en,7.33,170000000.0,5.0,4.0,1.0,Science Fiction,July,8.0,0.3088,0.0681,0.0046,7.33,710644566.0
245891.0,United States of America,2014.0,en,7.442,20000000.0,5.0,2.0,1.0,Action,October,22.0,0.2832,0.1406,0.0198,7.442,88761661.0
317442.0,Japan,2014.0,ja,7.4,750000.0,5.0,3.0,1.0,Action,December,6.0,0.2988,0.1035,0.0107,7.4,19840000.0
242224.0,"Australia, Canada",2014.0,en,6.5,2000000.0,5.0,2.0,1.0,Drama,May,22.0,0.2886,0.1292,0.0167,6.5,10300000.0
228326.0,United States of America,2014.0,en,7.5,50000000.0,5.0,5.0,1.0,Animation,October,1.0,0.2817,0.1437,0.0207,7.5,97437106.0
250546.0,United States of America,2014.0,en,5.8,6500000.0,5.0,1.0,1.0,Horror,October,2.0,0.281,0.145,0.021,5.8,257589952.0
232672.0,United States of America,2014.0,en,6.9,40000000.0,5.0,2.0,1.0,Comedy,May,21.0,0.2942,0.1159,0.0134,6.9,128000000.0
147441.0,"Spain, United States of America",2014.0,en,5.9,140000000.0,5.0,3.0,1.0,Adventure,December,3.0,0.3003,0.099,0.0098,5.9,268031828.0
124905.0,United States of America,2014.0,en,6.342,160000000.0,5.0,3.0,1.0,Action,May,14.0,0.2563,0.1853,0.0343,6.342,524978362.0
242582.0,United States of America,2014.0,en,7.7,8500000.0,5.0,3.0,1.0,Crime,October,23.0,0.2829,0.1413,0.02,7.7,50300000.0
120467.0,"Germany, United States of America",2014.0,en,8.042,30000000.0,5.0,2.0,1.0,Comedy,February,26.0,0.254,0.1884,0.0355,8.042,174600318.0
175112.0,United States of America,2014.0,en,6.928,0.0,5.0,2.0,1.0,Animation,February,13.0,0.2765,0.1534,0.0235,6.928,63998725.0
184315.0,United States of America,2014.0,en,5.8,100000000.0,5.0,2.0,1.0,Action,July,23.0,0.2884,0.1297,0.0168,5.8,244819862.0
138103.0,"Bulgaria, France, United States of America",2014.0,en,6.21,95000000.0,5.0,3.0,1.0,Action,August,7.0,0.2142,0.2327,0.0541,6.21,214657577.0
222935.0,United States of America,2014.0,en,7.598,14000000.0,5.0,2.0,1.0,Romance,May,16.0,0.294,0.1165,0.0136,7.598,307166834.0
181533.0,"United Kingdom, United States of America",2014.0,en,6.217,127000000.0,5.0,4.0,1.0,Adventure,December,17.0,0.25,0.1936,0.0375,6.217,363204635.0
206487.0,Australia,2014.0,en,7.4,5500000.0,5.0,2.0,2.0,Science Fiction,August,28.0,0.3002,0.0993,0.0099,7.4,4942449.0
187017.0,United States of America,2014.0,en,6.8,50000000.0,5.0,3.0,2.0,Crime,June,5.0,0.2853,0.1364,0.0186,6.8,331333876.0
194662.0,United States of America,2014.0,en,7.5,18000000.0,5.0,2.0,1.0,Drama,October,17.0,0.3006,0.0982,0.0096,7.5,103215094.0
118340.0,United States of America,2014.0,en,7.9,170000000.0,5.0,3.0,1.0,Action,July,30.0,0.2711,0.1629,0.0265,7.9,772776600.0
53182.0,"Bulgaria, United States of America",2014.0,en,6.113,110000000.0,5.0,3.0,1.0,Action,March,5.0,0.31,0.0622,0.0039,6.113,337580051.0
137106.0,"Australia, Denmark, United States of America",2014.0,en,7.4,60000000.0,5.0,5.0,2.0,Animation,February,6.0,0.294,0.1165,0.0136,7.4,470759687.0
238636.0,"France, United States of America",2014.0,en,6.634,9000000.0,5.0,2.0,1.0,Horror,July,17.0,0.2899,0.1264,0.016,6.634,111928365.0
189.0,United States of America,2014.0,en,6.39,65000000.0,5.0,3.0,2.0,Crime,August,20.0,0.2744,0.1572,0.0247,6.39,39407616.0
228967.0,United States of America,2014.0,en,6.185,44000000.0,5.0,2.0,2.0,Action,December,25.0,0.2758,0.1546,0.0239,6.185,12342632.0
280002.0,United States of America,2014.0,en,6.1,0.0,5.0,2.0,1.0,Thriller,August,25.0,0.2488,0.1952,0.0381,6.1,1169603.0
172385.0,United States of America,2014.0,en,6.5,103000000.0,5.0,4.0,1.0,Animation,March,19.0,0.2921,0.1211,0.0147,6.5,498781117.0
136797.0,"India, United States of America",2014.0,en,6.418,66000000.0,5.0,4.0,1.0,Action,March,12.0,0.2496,0.1941,0.0377,6.418,203277636.0
193893.0,United States of America,2014.0,en,6.463,17000000.0,5.0,1.0,1.0,Comedy,August,13.0,0.2726,0.1602,0.0257,6.463,136600000.0
256274.0,United States of America,2014.0,en,6.712,5000000.0,5.0,2.0,1.0,Horror,August,14.0,0.2655,0.1718,0.0295,6.712,41900000.0
196867.0,United States of America,2014.0,en,6.2,65000000.0,5.0,3.0,1.0,Comedy,December,18.0,0.2786,0.1497,0.0224,6.2,136853506.0
225886.0,United States of America,2014.0,en,5.4,40000000.0,5.0,1.0,1.0,Comedy,July,17.0,0.2558,0.1859,0.0345,5.4,126069509.0
265712.0,Japan,2014.0,ja,7.3,35000000.0,5.0,5.0,2.0,Animation,August,8.0,0.2708,0.1633,0.0267,7.3,83100000.0
218043.0,"Canada, United States of America",2014.0,en,4.3,16000000.0,5.0,3.0,1.0,Thriller,October,3.0,0.2634,0.175,0.0306,4.3,19682924.0
180299.0,"Indonesia, United States of America",2014.0,id,7.602,4500000.0,5.0,3.0,1.0,Action,March,27.0,0.2866,0.1337,0.0179,7.602,6566916.0
100042.0,United States of America,2014.0,en,5.6,40000000.0,5.0,1.0,2.0,Comedy,November,12.0,0.2887,0.1291,0.0167,5.6,169837010.0
188161.0,United States of America,2014.0,en,6.047,40000000.0,5.0,2.0,1.0,Comedy,May,22.0,0.2777,0.1512,0.0229,6.047,86400000.0
97370.0,"United Kingdom, United States of America",2014.0,en,6.1,13300000.0,5.0,3.0,1.0,Thriller,March,14.0,0.2894,0.1274,0.0162,6.1,5735963.0
197796.0,"France, Germany",2014.0,fr,6.178,33000000.0,5.0,2.0,1.0,Fantasy,February,12.0,0.2914,0.1227,0.0151,6.178,47430624.0
137094.0,"Russia, United States of America",2014.0,en,6.111,60000000.0,5.0,3.0,1.0,Action,January,15.0,0.2681,0.1677,0.0281,6.111,135500000.0
200727.0,"Germany, United Kingdom",2014.0,en,7.8,0.0,5.0,3.0,1.0,Romance,October,16.0,0.2764,0.1536,0.0236,7.8,4439431.0
205587.0,United States of America,2014.0,en,7.3,40000000.0,5.0,1.0,1.0,Drama,October,8.0,0.2946,0.115,0.0132,7.3,84419388.0
254904.0,"United Kingdom, United States of America",2014.0,en,6.106,15000000.0,5.0,3.0,1.0,Crime,August,27.0,0.2594,0.1809,0.0327,6.106,32600000.0
227159.0,United States of America,2014.0,en,6.181,42000000.0,5.0,1.0,1.0,Comedy,November,12.0,0.2777,0.1512,0.0229,6.181,107645357.0
242512.0,"Japan, United States of America",2014.0,en,5.1,5000000.0,5.0,1.0,1.0,Horror,October,24.0,0.2799,0.1472,0.0217,5.1,103600000.0
86834.0,United States of America,2014.0,en,5.7,125000000.0,5.0,2.0,1.0,Drama,March,7.0,0.3051,0.0832,0.0069,5.7,362600000.0
68737.0,"China, Canada, United States of America, United Kingdom",2014.0,en,5.5,95000000.0,5.0,2.0,1.0,Adventure,December,12.0,0.2753,0.1556,0.0242,5.5,114178613.0
154400.0,"United States of America, United Kingdom",2014.0,en,6.787,12600000.0,5.0,2.0,1.0,Drama,September,12.0,0.293,0.119,0.0142,6.787,19054534.0
207933.0,United States of America,2014.0,en,6.9,0.0,5.0,3.0,1.0,Thriller,October,23.0,0.2906,0.1247,0.0155,6.9,2478806.0
266856.0,"United Kingdom, United States of America",2014.0,en,7.846,15000000.0,5.0,2.0,1.0,Drama,November,26.0,0.261,0.1786,0.0319,7.846,123726688.0
72784.0,"United States of America, Belgium",2014.0,en,6.4,14000000.0,5.0,1.0,1.0,Thriller,October,14.0,0.284,0.139,0.0193,6.4,10100000.0
82703.0,United States of America,2014.0,en,6.71,145000000.0,5.0,3.0,1.0,Animation,February,7.0,0.284,0.139,0.0193,6.71,272912430.0
169917.0,United States of America,2014.0,en,6.327,28000000.0,5.0,4.0,1.0,Crime,September,18.0,0.2695,0.1654,0.0273,6.327,58834384.0
185341.0,Spain,2014.0,es,5.6,3000000.0,5.0,2.0,1.0,Thriller,October,31.0,0.2787,0.1494,0.0223,5.6,4915757.0
181886.0,"Canada, France, Spain",2014.0,en,6.863,0.0,5.0,2.0,1.0,Thriller,March,14.0,0.3026,0.0919,0.0084,6.863,3396726.0
241848.0,United States of America,2014.0,en,6.6,5000000.0,5.0,3.0,1.0,Mystery,September,5.0,0.2533,0.1893,0.0358,6.6,2700051.0
236751.0,"Canada, United States of America",2014.0,en,6.7,12000000.0,5.0,1.0,1.0,Drama,April,16.0,0.2871,0.1326,0.0176,6.7,101300000.0
243683.0,United States of America,2014.0,en,6.8,45000000.0,5.0,3.0,1.0,Romance,July,16.0,0.2861,0.1346,0.0181,6.8,86165646.0
289720.0,"Canada, China, France, United States of America",2014.0,en,5.105,25000000.0,5.0,2.0,1.0,Action,September,26.0,0.2773,0.1521,0.0231,5.105,5148503.0
170687.0,United States of America,2014.0,en,6.7,60000000.0,5.0,4.0,2.0,Animation,September,10.0,0.283,0.141,0.0199,6.7,108255770.0
227306.0,United States of America,2014.0,en,7.4,65000000.0,5.0,2.0,1.0,Drama,December,25.0,0.2968,0.109,0.0119,7.4,163400000.0
259018.0,United States of America,2014.0,en,5.297,0.0,5.0,1.0,1.0,Comedy,April,14.0,0.2557,0.186,0.0346,5.297,422697.0
242828.0,Japan,2014.0,ja,7.9,0.0,5.0,4.0,1.0,Animation,July,19.0,0.281,0.145,0.021,7.9,34949567.0
97020.0,United States of America,2014.0,en,5.874,120000000.0,5.0,3.0,1.0,Science Fiction,January,30.0,0.284,0.139,0.0193,5.874,242688965.0
193610.0,United States of America,2014.0,en,6.4,40000000.0,5.0,2.0,1.0,Comedy,April,16.0,0.2654,0.1719,0.0296,6.4,196800000.0
157353.0,"China, United Kingdom, United States of America",2014.0,en,6.041,100000000.0,5.0,4.0,1.0,Thriller,April,16.0,0.2904,0.1252,0.0157,6.041,103039258.0
227156.0,United States of America,2014.0,en,6.554,25000000.0,5.0,2.0,1.0,Drama,August,13.0,0.2826,0.1418,0.0201,6.554,66980456.0
112454.0,"Canada, United States of America",2014.0,en,5.8,0.0,5.0,2.0,1.0,Horror,November,13.0,0.304,0.0871,0.0076,5.8,4381603.0
287590.0,Japan,2014.0,ja,6.6,8000000.0,5.0,3.0,1.0,Action,June,21.0,0.2804,0.1463,0.0214,6.6,17150803.0
195589.0,United States of America,2014.0,en,6.186,18000000.0,5.0,1.0,1.0,Comedy,May,8.0,0.2982,0.1054,0.0111,6.186,270665134.0
171274.0,United States of America,2014.0,en,6.6,20000000.0,5.0,3.0,1.0,Drama,December,12.0,0.2823,0.1425,0.0203,6.6,14710975.0
225574.0,"France, United Kingdom, United States of America",2014.0,en,6.809,50000000.0,5.0,3.0,1.0,Action,February,26.0,0.2953,0.113,0.0128,6.809,222809600.0
212778.0,United States of America,2014.0,en,7.117,11000000.0,5.0,1.0,1.0,Comedy,May,8.0,0.28,0.147,0.0216,7.117,45967935.0
239571.0,United States of America,2014.0,en,7.5,26000000.0,5.0,2.0,1.0,Drama,October,15.0,0.292,0.1213,0.0147,7.5,35926213.0
76649.0,"Canada, Germany, United Kingdom, United States of America",2014.0,en,5.54,100000000.0,5.0,5.0,1.0,Action,February,18.0,0.2829,0.1413,0.02,5.54,117831631.0
218836.0,United States of America,2014.0,en,6.2,50000000.0,5.0,4.0,1.0,Animation,July,17.0,0.2877,0.1312,0.0172,6.2,151165787.0
244761.0,Canada,2014.0,en,5.8,0.0,5.0,3.0,1.0,Drama,September,5.0,0.2701,0.1645,0.0271,5.8,1075178.0
204922.0,"France, Sweden, United Kingdom, United States of America",2014.0,en,6.5,22000000.0,5.0,2.0,1.0,Thriller,September,3.0,0.2566,0.1849,0.0342,6.5,17669776.0
110416.0,"Belgium, Denmark, France, Ireland, Luxembourg, United Kingdom",2014.0,en,8.0,0.0,5.0,3.0,1.0,Family,June,23.0,0.2901,0.1258,0.0158,8.0,857522.0
49017.0,United States of America,2014.0,en,6.4,70000000.0,5.0,3.0,1.0,Horror,October,1.0,0.294,0.1164,0.0136,6.4,217124280.0
184346.0,United States of America,2014.0,en,6.2,30000000.0,5.0,3.0,1.0,Thriller,July,1.0,0.272,0.1614,0.026,6.2,87937815.0
246403.0,"Canada, United States of America",2014.0,en,5.505,3000000.0,5.0,2.0,1.0,Comedy,September,19.0,0.2769,0.1528,0.0233,5.505,1882074.0
227348.0,United States of America,2014.0,en,5.4,5000000.0,5.0,2.0,1.0,Horror,January,1.0,0.2949,0.1141,0.013,5.4,90894962.0
235260.0,United States of America,2014.0,en,6.8,22000000.0,5.0,1.0,1.0,Drama,February,28.0,0.2885,0.1296,0.0168,6.8,67800064.0
284289.0,United States of America,2014.0,en,5.9,0.0,5.0,1.0,1.0,Thriller,September,6.0,0.2521,0.1909,0.0364,5.9,45895.0
241239.0,"United Arab Emirates, United States of America",2014.0,en,6.61,20000000.0,5.0,3.0,1.0,Crime,December,31.0,0.3074,0.074,0.0055,6.61,12007070.0
119892.0,"China, Hong Kong",2014.0,zh,5.5,82000000.0,5.0,4.0,1.0,Action,January,9.0,0.2833,0.1404,0.0197,5.5,182206924.0
262543.0,"Bulgaria, Spain",2014.0,en,5.8,7000000.0,5.0,2.0,1.0,Thriller,October,9.0,0.2586,0.182,0.0331,5.8,6237990.0
235271.0,United States of America,2014.0,en,5.9,0.0,5.0,2.0,1.0,Drama,October,10.0,0.2852,0.1366,0.0187,5.9,17534314.0
136835.0,United States of America,2014.0,en,5.9,13200000.0,5.0,2.0,1.0,Crime,September,10.0,0.3066,0.0776,0.006,5.9,53830415.0
249164.0,United States of America,2014.0,en,7.37,11000000.0,5.0,1.0,1.0,Drama,August,21.0,0.284,0.139,0.0193,7.37,78300000.0
241254.0,"South Korea, United States of America",2014.0,en,4.9,18000000.0,5.0,2.0,1.0,Thriller,August,22.0,0.2899,0.1264,0.016,4.9,1289595.0
226857.0,United States of America,2014.0,en,6.9,20000000.0,5.0,2.0,1.0,Drama,February,12.0,0.2937,0.1172,0.0137,6.9,34100000.0
192102.0,"France, United States of America",2014.0,en,6.091,28000000.0,5.0,3.0,1.0,Action,February,14.0,0.2835,0.1402,0.0196,6.091,53260230.0
255343.0,"Belgium, France, Spain",2014.0,en,6.274,17000000.0,5.0,2.0,1.0,Thriller,October,11.0,0.2995,0.1015,0.0103,6.274,3758328.0
224141.0,United States of America,2014.0,en,5.8,50000000.0,5.0,2.0,1.0,Fantasy,December,24.0,0.2932,0.1185,0.014,5.8,212902372.0
282069.0,Japan,2014.0,ja,7.114,0.0,5.0,4.0,1.0,Science Fiction,November,29.0,0.2708,0.1632,0.0266,7.114,9649013.0
168530.0,United States of America,2014.0,en,6.3,25000000.0,5.0,2.0,1.0,Action,January,7.0,0.2945,0.1152,0.0133,6.3,153997819.0
155084.0,United States of America,2014.0,en,6.3,5000000.0,5.0,2.0,1.0,Horror,April,11.0,0.2528,0.19,0.0361,6.3,13809.0
216282.0,United States of America,2014.0,en,6.053,50000000.0,5.0,2.0,1.0,Action,August,6.0,0.2949,0.1141,0.013,6.053,160600000.0
239678.0,United States of America,2014.0,en,6.6,19800000.0,5.0,2.0,1.0,Drama,September,10.0,0.2801,0.1467,0.0215,6.6,41300000.0
249660.0,United States of America,2014.0,en,6.007,17000000.0,5.0,1.0,1.0,Drama,March,21.0,0.2973,0.1078,0.0116,6.007,29789000.0
239563.0,United States of America,2014.0,en,7.1,13000000.0,5.0,1.0,1.0,Comedy,October,9.0,0.2848,0.1374,0.0189,7.1,54837234.0
284293.0,"France, United Kingdom, United States of America",2014.0,en,7.485,5000000.0,5.0,1.0,2.0,Drama,December,5.0,0.2897,0.1268,0.0161,7.485,44779195.0
265195.0,"Argentina, Spain",2014.0,es,7.9,4000000.0,5.0,3.0,1.0,Drama,August,21.0,0.2878,0.1311,0.0172,7.9,31478893.0
242095.0,United States of America,2014.0,en,6.013,4000000.0,5.0,2.0,1.0,Thriller,March,15.0,0.2801,0.1469,0.0216,6.013,2665322.0
188166.0,United States of America,2014.0,en,6.797,420000.0,5.0,2.0,1.0,Crime,April,25.0,0.2558,0.1859,0.0345,6.797,993313.0
284427.0,Germany,2014.0,de,7.6,0.0,5.0,1.0,1.0,Thriller,September,25.0,0.2857,0.1355,0.0183,7.6,7700259.0
257512.0,Japan,2014.0,ja,6.9,0.0,5.0,4.0,1.0,Animation,April,19.0,0.2965,0.11,0.0121,6.9,42028116.0
254473.0,"Canada, France, United States of America",2014.0,en,5.9,28000000.0,5.0,3.0,1.0,Action,April,22.0,0.2903,0.1255,0.0157,5.9,71416730.0
282631.0,South Korea,2014.0,ko,6.966,9500000.0,5.0,4.0,1.0,War,July,30.0,0.239,0.207,0.0429,6.966,138342258.0
85350.0,United States of America,2014.0,en,7.5,4000000.0,5.0,1.0,1.0,Drama,June,5.0,0.2963,0.1104,0.0122,7.5,48137666.0
273895.0,"France, United Kingdom, United States of America",2014.0,en,7.394,20000000.0,5.0,2.0,1.0,History,December,25.0,0.2916,0.1223,0.015,7.394,66787908.0
246741.0,"New Zealand, United States of America",2014.0,en,7.6,1600000.0,5.0,2.0,2.0,Comedy,June,19.0,0.3017,0.0948,0.009,7.6,6300000.0
198277.0,United States of America,2014.0,en,7.2,8000000.0,5.0,4.0,1.0,Comedy,July,3.0,0.3051,0.0832,0.0069,7.2,63500000.0
192145.0,"Belgium, Germany, United Kingdom, United States of America",2014.0,en,5.9,28000000.0,5.0,2.0,1.0,Drama,June,20.0,0.2121,0.2345,0.055,5.9,1749201.0
228194.0,"India, United States of America, United Arab Emirates",2014.0,en,7.3,22000000.0,5.0,2.0,1.0,Drama,August,6.0,0.2899,0.1264,0.016,7.3,89500000.0
294993.0,Hong Kong,2014.0,zh,6.3,0.0,5.0,2.0,1.0,Drama,November,20.0,0.2568,0.1845,0.034,6.3,30932534.0
244506.0,United States of America,2014.0,en,6.73,1000000.0,5.0,1.0,1.0,Drama,October,17.0,0.2916,0.1224,0.015,6.73,59744.0
152760.0,"Germany, United States of America",2014.0,en,6.1,70000000.0,5.0,4.0,1.0,War,January,24.0,0.3,0.1,0.01,6.1,154984035.0
188207.0,"Bulgaria, United States of America",2014.0,en,4.8,70000000.0,5.0,2.0,1.0,Action,January,10.0,0.2953,0.1131,0.0128,4.8,61279452.0
144336.0,United States of America,2014.0,en,5.6,35000000.0,5.0,4.0,1.0,Action,March,28.0,0.2848,0.1374,0.0189,5.6,22126842.0
277547.0,United States of America,2014.0,en,5.9,0.0,5.0,2.0,1.0,Comedy,September,26.0,0.2622,0.1767,0.0312,5.9,1323415.0
100241.0,"Australia, United States of America",2014.0,en,5.356,65000000.0,5.0,2.0,1.0,Horror,January,22.0,0.2744,0.1572,0.0247,5.356,76801179.0
218778.0,United States of America,2014.0,en,6.191,28000000.0,5.0,2.0,1.0,Family,October,8.0,0.2,0.2449,0.06,6.191,100654149.0
262391.0,France,2014.0,fr,6.7,13000000.0,5.0,1.0,1.0,Comedy,April,16.0,0.2949,0.1142,0.013,6.7,176404493.0
284536.0,United States of America,2014.0,en,6.0,25000000.0,5.0,3.0,1.0,Thriller,December,25.0,0.2692,0.1659,0.0275,6.0,39171130.0
270938.0,United States of America,2014.0,en,6.3,4500000.0,5.0,2.0,1.0,Adventure,September,5.0,0.3022,0.093,0.0086,6.3,11774.0
252171.0,United States of America,2014.0,en,6.8,1000000.0,5.0,2.0,1.0,Horror,November,21.0,0.2958,0.1119,0.0125,6.8,395000.0
222899.0,United States of America,2014.0,en,6.0,12500000.0,5.0,2.0,1.0,Comedy,February,14.0,0.2976,0.1069,0.0114,6.0,49002684.0
290865.0,South Korea,2014.0,ko,7.0,0.0,5.0,2.0,1.0,Crime,September,3.0,0.2762,0.154,0.0237,7.0,31278476.0
227783.0,"Canada, South Korea, United States of America",2014.0,en,5.792,42000000.0,5.0,4.0,1.0,Animation,January,17.0,0.2834,0.1404,0.0197,5.792,122500000.0
280690.0,India,2014.0,hi,5.7,22000000.0,5.0,4.0,1.0,Action,July,25.0,0.2682,0.1675,0.0281,5.7,55000000.0
297222.0,India,2014.0,hi,7.7,13000000.0,5.0,3.0,1.0,Comedy,December,18.0,0.2828,0.1414,0.02,7.7,118920000.0
303542.0,"France, Italy",2014.0,it,6.3,8000000.0,5.0,4.0,1.0,Comedy,December,18.0,0.3024,0.0926,0.0086,6.3,5216102.0
277355.0,United States of America,2014.0,en,5.511,0.0,5.0,2.0,1.0,Thriller,September,20.0,0.2689,0.1664,0.0277,5.511,358156.0
303903.0,Japan,2014.0,ja,6.6,24720400.0,5.0,6.0,1.0,Animation,July,19.0,0.2819,0.1433,0.0205,6.6,28595105.0
242042.0,United States of America,2014.0,en,6.6,6000000.0,5.0,3.0,1.0,Comedy,February,2.0,0.278,0.1507,0.0227,6.6,15071.0
250538.0,"India, Kenya, United States of America",2014.0,en,7.3,20000000.0,5.0,1.0,1.0,Drama,September,10.0,0.279,0.1489,0.0222,7.3,3396345.0
265851.0,South Korea,2014.0,ko,7.2,0.0,5.0,3.0,1.0,Action,June,4.0,0.2887,0.129,0.0166,7.2,4500000.0
246080.0,"United Kingdom, United States of America, Russia",2014.0,en,6.258,8000000.0,5.0,3.0,1.0,Adventure,December,5.0,0.2566,0.1849,0.0342,6.258,4070789.0
242310.0,"France, United States of America",2014.0,en,5.3,15000000.0,5.0,3.0,1.0,Action,May,9.0,0.2904,0.1253,0.0157,5.3,2424381.0
228970.0,United States of America,2014.0,en,7.0,15000000.0,5.0,1.0,1.0,Drama,December,5.0,0.2711,0.1629,0.0265,7.0,52501541.0
217993.0,United States of America,2014.0,en,7.406,3500000.0,5.0,2.0,1.0,Animation,January,21.0,0.2955,0.1126,0.0127,7.406,5155325.0
170522.0,"Belgium, France",2014.0,fr,6.8,30000000.0,5.0,4.0,2.0,Animation,November,26.0,0.2556,0.1863,0.0347,6.8,51379470.0
157849.0,"Belgium, Germany, United Kingdom, United States of America",2014.0,en,6.475,15000000.0,5.0,1.0,1.0,Thriller,July,25.0,0.2506,0.1929,0.0372,6.475,31554855.0
285213.0,South Korea,2014.0,ko,7.0,13000000.0,5.0,4.0,1.0,Action,August,6.0,0.2976,0.1069,0.0114,7.0,64400000.0
284276.0,United States of America,2014.0,en,6.3,7000000.0,5.0,1.0,1.0,Drama,September,7.0,0.2879,0.1307,0.0171,6.3,2360281.0
288158.0,"Canada, United Kingdom, United States of America",2014.0,en,5.254,15000000.0,5.0,3.0,1.0,Thriller,December,30.0,0.292,0.1213,0.0147,5.254,48854305.0
252178.0,United Kingdom,2014.0,en,6.803,11000000.0,5.0,4.0,1.0,Thriller,October,10.0,0.2786,0.1496,0.0224,6.803,3200000.0
254375.0,"Canada, China, Germany, South Africa, United Kingdom, United States of America",2014.0,en,6.707,0.0,5.0,3.0,1.0,Adventure,August,14.0,0.24,0.2059,0.0424,6.707,1124445.0
184098.0,United States of America,2014.0,en,6.4,24000000.0,5.0,2.0,1.0,Comedy,June,20.0,0.2668,0.1698,0.0288,6.4,70181428.0
265177.0,Canada,2014.0,fr,8.2,4900000.0,5.0,1.0,1.0,Drama,September,19.0,0.2958,0.1117,0.0125,8.2,3494070.0
137321.0,United States of America,2014.0,en,6.3,60000000.0,5.0,4.0,1.0,Drama,February,13.0,0.2813,0.1445,0.0209,6.3,30800231.0
164251.0,United States of America,2014.0,en,5.599,30000000.0,5.0,1.0,1.0,Drama,October,12.0,0.3025,0.0921,0.0085,5.599,5092129.0
157845.0,Australia,2014.0,en,6.3,12250000.0,5.0,2.0,1.0,Crime,June,4.0,0.2574,0.1836,0.0337,6.3,2510007.0
277685.0,United States of America,2014.0,en,5.5,1000000.0,5.0,3.0,1.0,Horror,October,22.0,0.283,0.141,0.0199,5.5,62900000.0
283350.0,United States of America,2014.0,en,6.7,0.0,5.0,3.0,1.0,Comedy,September,4.0,0.2975,0.1071,0.0115,6.7,37151.0
280795.0,India,2014.0,hi,7.213,7000000.0,5.0,2.0,1.0,Crime,October,2.0,0.2681,0.1677,0.0281,7.213,11500000.0
157847.0,United States of America,2014.0,en,6.5,4000000.0,5.0,1.0,1.0,Drama,April,11.0,0.2646,0.1732,0.03,6.5,2431443.0
266285.0,"Belgium, Brazil, Denmark, Norway, South Africa, Sweden, United Kingdom",2014.0,da,6.486,10500000.0,5.0,2.0,1.0,Drama,May,22.0,0.2873,0.1322,0.0175,6.486,1363964.0
203739.0,United States of America,2014.0,en,6.3,30000000.0,5.0,3.0,1.0,Comedy,February,7.0,0.3042,0.0865,0.0075,6.3,15391979.0
244267.0,United States of America,2014.0,en,7.581,1000000.0,5.0,2.0,1.0,Science Fiction,July,18.0,0.2534,0.1892,0.0358,7.581,481234.0
272692.0,United States of America,2014.0,en,6.1,0.0,5.0,1.0,1.0,Horror,August,14.0,0.2921,0.1211,0.0147,6.1,2405143.0
226486.0,United States of America,2014.0,en,5.3,20000000.0,5.0,1.0,1.0,Comedy,July,2.0,0.263,0.1757,0.0309,5.3,100500000.0
290864.0,"China, Hong Kong",2014.0,zh,6.8,25000000.0,5.0,4.0,1.0,Action,October,31.0,0.2714,0.1622,0.0263,6.8,129115.0
264656.0,"United States of America, France",2014.0,en,6.5,16000000.0,5.0,2.0,1.0,Western,May,18.0,0.2673,0.169,0.0286,6.5,3442853.0
285812.0,Japan,2014.0,ja,6.2,0.0,5.0,6.0,1.0,Family,March,8.0,0.2722,0.1609,0.0259,6.2,35900000.0
239562.0,United States of America,2014.0,en,6.0,8000000.0,5.0,2.0,1.0,Drama,March,14.0,0.2718,0.1616,0.0261,6.0,16365451.0
151368.0,"France, United States of America, Spain",2014.0,en,5.1,4000000.0,5.0,3.0,1.0,Thriller,July,4.0,0.2722,0.161,0.0259,5.1,100000.0
177494.0,United States of America,2014.0,en,6.623,6000000.0,5.0,3.0,1.0,Crime,March,13.0,0.2872,0.1324,0.0175,6.623,3500000.0
292177.0,"Canada, United States of America",2014.0,en,8.0,0.0,5.0,3.0,2.0,Family,September,27.0,0.2466,0.198,0.0392,8.0,360736.0
244509.0,"France, United States of America",2014.0,en,6.556,0.0,5.0,2.0,1.0,Drama,May,23.0,0.2649,0.1728,0.0299,6.556,427418.0
87492.0,United States of America,2014.0,en,6.653,24000000.0,5.0,2.0,1.0,Drama,November,14.0,0.276,0.1544,0.0238,6.653,12096300.0
286554.0,United States of America,2014.0,en,6.4,1645000.0,5.0,2.0,1.0,Romance,September,26.0,0.2401,0.2058,0.0424,6.4,868081.0
221902.0,"Belgium, France, Italy",2014.0,fr,6.9,7000000.0,5.0,1.0,2.0,Drama,May,21.0,0.3001,0.0996,0.0099,6.9,9016922.0
267806.0,"Spain, United States of America",2014.0,en,4.8,0.0,5.0,2.0,6.0,Horror,November,21.0,0.2774,0.1518,0.023,4.8,2756.0
282813.0,United States of America,2014.0,en,5.306,6500000.0,5.0,1.0,1.0,Horror,December,4.0,0.2359,0.2106,0.0443,5.306,16861137.0
268690.0,Mexico,2014.0,es,7.993,1300000.0,5.0,5.0,1.0,Animation,October,30.0,0.2517,0.1915,0.0367,7.993,6300000.0
241843.0,United States of America,2014.0,en,5.9,0.0,5.0,2.0,2.0,Comedy,October,10.0,0.2945,0.1152,0.0133,5.9,581011.0
243352.0,United States of America,2014.0,en,6.8,0.0,5.0,1.0,1.0,Drama,April,6.0,0.2825,0.142,0.0202,6.8,1156000.0
239566.0,United States of America,2014.0,en,6.763,30000000.0,5.0,3.0,1.0,Drama,August,1.0,0.2857,0.1355,0.0183,6.763,33448971.0
304410.0,France,2014.0,fr,6.933,11000000.0,5.0,3.0,1.0,Comedy,December,17.0,0.2928,0.1195,0.0143,6.933,72775689.0
145221.0,United Kingdom,2014.0,en,4.762,0.0,5.0,3.0,1.0,Thriller,October,9.0,0.2631,0.1754,0.0308,4.762,306004.0
283330.0,France,2014.0,en,5.733,0.0,5.0,2.0,1.0,Drama,November,19.0,0.2739,0.158,0.025,5.733,65460.0
204436.0,"Belgium, France",2014.0,fr,7.2,33746302.0,5.0,5.0,2.0,Animation,February,5.0,0.2556,0.1862,0.0347,7.2,3484370.0
258284.0,United States of America,2014.0,en,6.1,0.0,5.0,3.0,1.0,Thriller,April,20.0,0.2746,0.1569,0.0246,6.1,103536.0
187596.0,United States of America,2014.0,en,5.968,6000000.0,5.0,1.0,1.0,Comedy,May,2.0,0.2925,0.1201,0.0144,5.968,8100000.0
244772.0,United States of America,2014.0,en,6.6,1000000.0,5.0,1.0,1.0,Drama,June,5.0,0.2882,0.1301,0.0169,6.6,5300000.0
254474.0,United States of America,2014.0,en,4.932,0.0,5.0,3.0,1.0,Horror,October,20.0,0.2777,0.1512,0.0229,4.932,14947.0
110390.0,"France, Germany, Norway, Sweden",2014.0,sv,6.859,0.0,5.0,2.0,1.0,Drama,October,24.0,0.2951,0.1135,0.0129,6.859,1472431.0
241842.0,"Iceland, Norway, United Kingdom, United States of America",2014.0,no,6.5,0.0,5.0,3.0,1.0,Horror,February,12.0,0.281,0.1451,0.021,6.5,37473.0
236737.0,Spain,2014.0,es,6.6,3000000.0,5.0,3.0,1.0,Comedy,March,14.0,0.2586,0.182,0.0331,6.6,78768613.0
87093.0,United States of America,2014.0,en,6.982,10000000.0,5.0,1.0,1.0,Drama,December,24.0,0.238,0.2082,0.0433,6.982,28900000.0
232679.0,United States of America,2014.0,en,6.666,15000000.0,5.0,1.0,1.0,Drama,August,22.0,0.3007,0.0977,0.0096,6.666,30127963.0
244539.0,United States of America,2014.0,en,6.6,6700000.0,5.0,2.0,1.0,Drama,January,18.0,0.2761,0.1542,0.0238,6.6,1430655.0
245916.0,United States of America,2014.0,en,6.612,5000000.0,5.0,5.0,1.0,Crime,October,9.0,0.2773,0.152,0.0231,6.612,5200000.0
171372.0,"Ireland, United Kingdom",2014.0,en,6.9,1000000.0,5.0,3.0,1.0,Comedy,May,9.0,0.2646,0.1732,0.03,6.9,1897363.0
262338.0,"Denmark, Sweden, United Kingdom, United States of America",2014.0,en,5.5,0.0,5.0,3.0,1.0,Thriller,August,12.0,0.2714,0.1624,0.0264,5.5,1857574.0
263281.0,France,2014.0,fr,6.31,0.0,5.0,2.0,1.0,Comedy,April,2.0,0.2741,0.1578,0.0249,6.31,4519865.0
146015.0,United Kingdom,2014.0,en,6.5,0.0,5.0,2.0,1.0,Thriller,April,3.0,0.2814,0.1443,0.0208,6.5,200000.0
294992.0,"China, Hong Kong",2014.0,zh,6.5,0.0,5.0,3.0,1.0,Thriller,December,24.0,0.2694,0.1656,0.0274,6.5,141654055.0
254201.0,"Denmark, Germany, Norway, Sweden",2014.0,da,7.0,5800000.0,5.0,1.0,1.0,Thriller,October,2.0,0.298,0.1059,0.0112,7.0,11500000.0
236735.0,Spain,2014.0,es,7.041,4000000.0,5.0,3.0,1.0,Crime,September,25.0,0.2837,0.1397,0.0195,7.041,5169755.0
145220.0,"United Kingdom, United States of America",2014.0,en,6.3,50000000.0,5.0,4.0,1.0,Comedy,March,20.0,0.2776,0.1515,0.023,6.3,80400000.0
157851.0,"Canada, United States of America, France, Germany",2014.0,en,6.185,15000000.0,5.0,1.0,1.0,Drama,May,21.0,0.2474,0.197,0.0388,6.185,4510000.0
157829.0,United States of America,2014.0,en,6.2,3000000.0,5.0,1.0,1.0,Drama,May,14.0,0.266,0.1709,0.0292,6.2,1448076.0
242076.0,"United States of America, Bahamas",2014.0,en,5.308,0.0,5.0,3.0,1.0,Crime,February,28.0,0.2811,0.1448,0.021,5.308,56574.0
242643.0,United States of America,2014.0,en,7.322,0.0,5.0,4.0,2.0,Thriller,August,12.0,0.2621,0.1769,0.0313,7.322,4571025.0
237791.0,Brazil,2014.0,pt,8.0,0.0,5.0,2.0,1.0,Drama,April,10.0,0.2429,0.2025,0.041,8.0,1207841.0
210947.0,Canada,2014.0,en,6.426,318000.0,5.0,2.0,2.0,Horror,April,4.0,0.2921,0.1211,0.0147,6.426,121179.0
287495.0,Germany,2014.0,de,7.2,0.0,5.0,2.0,1.0,Drama,November,6.0,0.2722,0.1609,0.0259,7.2,4574756.0
305143.0,Japan,2014.0,ja,7.6,0.0,5.0,2.0,1.0,Comedy,April,19.0,0.2813,0.1445,0.0209,7.6,17542139.0
243684.0,United States of America,2014.0,en,6.5,16000000.0,5.0,2.0,1.0,Drama,October,17.0,0.2725,0.1605,0.0258,6.5,1700000.0
241855.0,United States of America,2014.0,en,6.6,0.0,5.0,3.0,2.0,Horror,October,8.0,0.2502,0.1934,0.0374,6.6,49970.0
203834.0,United States of America,2014.0,en,5.4,1000000.0,5.0,2.0,1.0,Thriller,November,7.0,0.2513,0.192,0.0369,5.4,23456897.0
141043.0,"United Kingdom, Germany",2014.0,en,6.2,0.0,5.0,2.0,1.0,Comedy,March,20.0,0.2875,0.1316,0.0173,6.2,7176347.0
265189.0,"Denmark, France, Norway, Sweden",2014.0,sv,6.867,0.0,5.0,1.0,1.0,Drama,August,15.0,0.2954,0.1129,0.0127,6.867,4094339.0
241771.0,United States of America,2014.0,en,6.8,7000000.0,5.0,2.0,1.0,Romance,November,14.0,0.2858,0.1354,0.0183,6.8,14600000.0
157832.0,"Ireland, United Kingdom",2014.0,en,7.1,0.0,5.0,1.0,1.0,Drama,April,11.0,0.2927,0.1198,0.0143,7.1,3593460.0
244403.0,United States of America,2014.0,en,7.2,5000000.0,5.0,3.0,1.0,Music,October,17.0,0.2722,0.1609,0.0259,7.2,58293.0
269494.0,South Korea,2014.0,ko,7.1,0.0,5.0,3.0,1.0,Crime,May,29.0,0.3,0.1,0.01,7.1,26488847.0
244264.0,United States of America,2014.0,en,6.122,5000000.0,5.0,3.0,1.0,Comedy,September,25.0,0.2711,0.1629,0.0265,6.122,2379154.0
283322.0,"New Zealand, United Kingdom",2014.0,mi,6.1,0.0,5.0,2.0,1.0,Adventure,September,4.0,0.2745,0.157,0.0247,6.1,5240.0
293310.0,"Germany, United Kingdom, United States of America",2014.0,en,7.7,0.0,5.0,1.0,1.0,Documentary,October,10.0,0.2815,0.144,0.0207,7.7,3003169.0
105001.0,"China, Hong Kong",2014.0,cn,5.5,25477000.0,5.0,5.0,1.0,Action,April,17.0,0.25,0.1936,0.0375,5.5,26033917.0
234200.0,"France, United Kingdom",2014.0,en,7.7,0.0,5.0,2.0,1.0,Drama,September,12.0,0.2972,0.1081,0.0117,7.7,16700000.0
279229.0,Germany,2014.0,de,7.1,0.0,5.0,3.0,2.0,Fantasy,August,14.0,0.2263,0.2209,0.0488,7.1,5188128.0
287935.0,"Italy, Canada",2014.0,en,5.9,12758853.0,5.0,2.0,2.0,Family,September,1.0,0.3064,0.0782,0.0061,5.9,3016126.0
289727.0,United States of America,2014.0,en,6.0,0.0,5.0,2.0,1.0,Romance,June,15.0,0.2741,0.1576,0.0248,6.0,4453524.0
273271.0,United States of America,2014.0,en,6.5,0.0,5.0,4.0,1.0,Thriller,May,24.0,0.2953,0.1132,0.0128,6.5,19572.0
253451.0,Japan,2014.0,ja,6.1,0.0,5.0,4.0,1.0,Action,April,12.0,0.2725,0.1605,0.0258,6.1,10315875.0
265169.0,"Turkey, France, Germany",2014.0,tr,7.5,0.0,5.0,1.0,1.0,Drama,June,13.0,0.2964,0.1102,0.0121,7.5,4018705.0
229297.0,"United Kingdom, United States of America",2014.0,en,6.5,16800000.0,5.0,3.0,1.0,Comedy,July,25.0,0.2593,0.181,0.0328,6.5,51029361.0
284296.0,United States of America,2014.0,en,6.1,12000000.0,5.0,3.0,1.0,Drama,December,12.0,0.2753,0.1557,0.0242,6.1,26117471.0
284689.0,"Denmark, United Kingdom, United States of America",2014.0,en,7.272,0.0,5.0,3.0,1.0,History,October,14.0,0.2496,0.1941,0.0377,7.272,1822250.0
255798.0,United States of America,2014.0,en,5.5,0.0,5.0,2.0,1.0,Comedy,September,4.0,0.2889,0.1287,0.0166,5.5,604517.0
245775.0,"Belgium, France",2014.0,fr,6.638,12000000.0,5.0,1.0,1.0,Drama,January,8.0,0.292,0.1214,0.0147,6.638,21026290.0
252680.0,United States of America,2014.0,en,5.6,5000000.0,5.0,1.0,2.0,Comedy,March,25.0,0.26,0.18,0.0324,5.6,10429707.0
200505.0,United States of America,2014.0,en,6.7,25000000.0,5.0,1.0,1.0,Drama,April,11.0,0.2823,0.1426,0.0203,6.7,28831145.0
225565.0,United States of America,2014.0,en,6.1,8000000.0,5.0,2.0,1.0,Comedy,January,29.0,0.2874,0.132,0.0174,6.1,45600000.0
290841.0,"Italy, United States of America",2014.0,it,7.4,14905188.0,5.0,3.0,1.0,Family,September,4.0,0.2785,0.1497,0.0224,7.4,5337409.0
209185.0,Canada,2014.0,en,6.7,12700000.0,5.0,1.0,1.0,Comedy,May,30.0,0.2668,0.1698,0.0288,6.7,3430018.0
254578.0,"France, Germany, Poland",2014.0,de,6.9,0.0,5.0,1.0,1.0,Drama,September,25.0,0.2251,0.2221,0.0493,6.9,3184472.0
157825.0,"United States of America, France",2014.0,en,6.173,0.0,5.0,2.0,1.0,Thriller,August,14.0,0.268,0.1678,0.0282,6.173,33821.0
256917.0,"Australia, United States of America",2014.0,en,6.8,22500000.0,5.0,2.0,1.0,War,December,25.0,0.2832,0.1408,0.0198,6.8,15520023.0
284279.0,Norway,2014.0,no,6.4,25000000.0,5.0,2.0,1.0,Action,August,13.0,0.2869,0.1331,0.0177,6.4,6015494.0
210479.0,"United Kingdom, United States of America",2014.0,en,6.909,2000000.0,5.0,2.0,1.0,Drama,April,10.0,0.2771,0.1523,0.0232,6.909,4635300.0
290999.0,Australia,2014.0,en,6.061,160000.0,5.0,3.0,1.0,Horror,September,19.0,0.2916,0.1223,0.015,6.061,111141.0
277934.0,Turkey,2014.0,tr,7.4,0.0,5.0,3.0,1.0,Action,March,14.0,0.2672,0.1691,0.0286,7.4,3655907.0
192149.0,"France, United Kingdom, United States of America",2014.0,en,5.84,0.0,5.0,1.0,1.0,Thriller,May,16.0,0.3,0.1,0.01,5.84,4507463.0
254191.0,United States of America,2014.0,en,5.395,1000000.0,5.0,2.0,1.0,Horror,September,12.0,0.2667,0.17,0.0289,5.395,9318.0
244566.0,United States of America,2014.0,en,5.5,2400000.0,5.0,3.0,1.0,Romance,August,15.0,0.2977,0.1068,0.0114,5.5,88273.0
253235.0,United States of America,2014.0,en,6.028,18000000.0,5.0,3.0,1.0,Comedy,July,10.0,0.2402,0.2057,0.0423,6.028,25312387.0
227735.0,United States of America,2014.0,en,6.9,36000000.0,5.0,2.0,1.0,Family,September,11.0,0.2879,0.1308,0.0171,6.9,52424533.0
292795.0,France,2014.0,en,5.1,6443990.0,5.0,3.0,1.0,Animation,October,17.0,0.2717,0.1617,0.0262,5.1,3790114.0
193612.0,"United Kingdom, United States of America",2014.0,en,5.11,200000.0,5.0,1.0,1.0,Horror,April,25.0,0.265,0.1726,0.0298,5.11,17834867.0
215211.0,"Belgium, France, Italy, Switzerland, United States of America",2014.0,en,6.012,30000000.0,5.0,2.0,1.0,Romance,April,22.0,0.2757,0.1548,0.024,6.012,26576000.0
286521.0,United States of America,2014.0,en,6.013,6000000.0,5.0,1.0,1.0,Drama,May,10.0,0.268,0.1678,0.0282,6.013,1020921.0
246860.0,"France, Germany, Switzerland, United States of America",2014.0,en,6.6,6600000.0,5.0,1.0,1.0,Drama,August,20.0,0.2802,0.1465,0.0215,6.6,1851517.0
276843.0,United Kingdom,2014.0,en,6.7,0.0,5.0,1.0,2.0,Comedy,September,26.0,0.2979,0.106,0.0112,6.7,1289998.0
313108.0,South Korea,2014.0,ko,7.5,0.0,5.0,1.0,1.0,Drama,December,17.0,0.2635,0.1748,0.0306,7.5,105365782.0
271397.0,"Netherlands, Ukraine",2014.0,uk,6.7,0.0,5.0,2.0,1.0,Drama,September,11.0,0.2769,0.1527,0.0233,6.7,215034.0
272435.0,"United Kingdom, France",2014.0,fr,6.121,9700000.0,5.0,3.0,1.0,Romance,September,10.0,0.2357,0.2108,0.0444,6.121,154701.0
286875.0,Australia,2014.0,en,6.0,0.0,5.0,3.0,1.0,Comedy,August,10.0,0.2915,0.1226,0.015,6.0,7646700.0
238603.0,United States of America,2014.0,en,5.9,13000000.0,5.0,3.0,1.0,Family,June,14.0,0.2839,0.1393,0.0194,5.9,45300000.0
251981.0,Japan,2014.0,ja,6.4,0.0,5.0,3.0,1.0,Mystery,July,4.0,0.2949,0.1142,0.013,6.4,6457479.0
245700.0,"France, Germany, United Kingdom, United States of America",2014.0,en,6.5,0.0,5.0,2.0,1.0,History,October,31.0,0.2557,0.186,0.0346,6.5,22179785.0
244517.0,United States of America,2014.0,en,5.836,0.0,5.0,1.0,1.0,Drama,May,9.0,0.3015,0.0952,0.0091,5.836,169976.0
244268.0,"Brazil, Greece, United States of America",2014.0,en,6.365,0.0,5.0,1.0,1.0,Drama,August,22.0,0.2802,0.1467,0.0215,6.365,2262223.0
209276.0,"Ireland, United Kingdom",2014.0,en,7.1,0.0,5.0,1.0,1.0,Drama,March,21.0,0.3002,0.0993,0.0099,7.1,54915.0
290542.0,United States of America,2014.0,en,7.4,0.0,5.0,1.0,1.0,Drama,October,10.0,0.285,0.137,0.0188,7.4,894964.0
269148.0,France,2014.0,fr,6.341,20000000.0,5.0,2.0,2.0,Drama,October,15.0,0.2429,0.2025,0.041,6.341,151530.0
208763.0,"United Kingdom, Germany, Russia, Ukraine, Czech Republic",2014.0,ru,5.9,26000000.0,5.0,6.0,1.0,Thriller,January,30.0,0.2878,0.1309,0.0171,5.9,34592118.0
231576.0,"France, United States of America",2014.0,en,6.5,5500000.0,5.0,2.0,1.0,Drama,July,18.0,0.2565,0.185,0.0342,6.5,5483299.0
157099.0,"United Kingdom, United States of America",2014.0,en,5.9,5000000.0,5.0,2.0,2.0,Drama,March,14.0,0.293,0.119,0.0142,5.9,75143.0
266082.0,France,2014.0,fr,6.4,0.0,5.0,1.0,1.0,Drama,October,22.0,0.2927,0.1196,0.0143,6.4,60765.0
286873.0,"Germany, South Africa, Switzerland, United Kingdom",2014.0,en,5.4,0.0,5.0,3.0,1.0,Adventure,October,23.0,0.2414,0.2043,0.0417,5.4,3005082.0
198185.0,"United States of America, Ukraine",2014.0,en,6.7,25000000.0,5.0,1.0,1.0,Drama,May,9.0,0.2982,0.1051,0.0111,6.7,38307627.0
241868.0,Japan,2014.0,ja,6.1,10500000.0,5.0,4.0,1.0,Action,August,30.0,0.2975,0.1071,0.0115,6.1,22300000.0
262551.0,France,2014.0,fr,6.8,3400000.0,5.0,1.0,2.0,Comedy,April,16.0,0.2781,0.1505,0.0227,6.8,20258904.0
294093.0,Australia,2014.0,en,5.4,12000000.0,5.0,3.0,1.0,Adventure,December,1.0,0.2785,0.1498,0.0224,5.4,39296.0
270302.0,United Kingdom,2014.0,en,5.917,0.0,5.0,1.0,1.0,Drama,September,19.0,0.2976,0.1069,0.0114,5.917,2100000.0
265180.0,Russia,2014.0,ru,7.4,4000000.0,5.0,2.0,1.0,Drama,September,24.0,0.2778,0.151,0.0228,7.4,4396821.0
253239.0,"France, Germany",2014.0,fr,7.005,0.0,5.0,3.0,1.0,Drama,March,5.0,0.2435,0.2018,0.0407,7.005,3946880.0
267999.0,"Hungary, Sweden, Germany",2014.0,hu,6.633,2200000.0,5.0,1.0,1.0,Drama,June,12.0,0.239,0.207,0.0429,6.633,616277.0
209451.0,United States of America,2014.0,en,6.763,40000000.0,5.0,2.0,1.0,Music,June,18.0,0.2887,0.1291,0.0167,6.763,67347013.0
199575.0,Australia,2014.0,en,6.5,2500000.0,5.0,3.0,1.0,Science Fiction,July,31.0,0.2899,0.1264,0.016,6.5,360000.0
169607.0,United States of America,2014.0,en,7.562,0.0,5.0,1.0,2.0,Documentary,March,21.0,0.2858,0.1354,0.0183,7.562,1503616.0
273169.0,France,2014.0,fr,5.757,5000000.0,5.0,1.0,1.0,Comedy,June,4.0,0.2866,0.1337,0.0179,5.757,12058187.0
244534.0,United States of America,2014.0,en,5.1,70000.0,5.0,2.0,1.0,Comedy,July,25.0,0.2867,0.1334,0.0178,5.1,30312.0
250219.0,Italy,2014.0,it,7.421,2000000.0,5.0,1.0,1.0,Comedy,February,6.0,0.2909,0.124,0.0154,7.421,54606.0
223706.0,Brazil,2014.0,pt,7.3,0.0,5.0,3.0,1.0,Animation,January,17.0,0.2924,0.1204,0.0145,7.3,121000.0
243935.0,United States of America,2014.0,en,6.1,0.0,5.0,2.0,1.0,Crime,March,21.0,0.2901,0.1258,0.0158,6.1,206909.0
259233.0,Japan,2014.0,ja,6.0,0.0,5.0,1.0,1.0,Horror,June,28.0,0.2916,0.1223,0.015,6.0,8867935.0
248774.0,United States of America,2014.0,en,6.5,0.0,5.0,2.0,1.0,Comedy,June,6.0,0.2999,0.1002,0.01,6.5,3123963.0
265297.0,"Italy, France, Brazil",2014.0,fr,8.106,0.0,5.0,1.0,2.0,Documentary,August,29.0,0.2751,0.156,0.0243,8.106,1059804.0
283559.0,United Kingdom,2014.0,en,8.4,0.0,5.0,2.0,1.0,Music,October,8.0,0.2804,0.1463,0.0214,8.4,15.0
259943.0,"China, France, Hong Kong, India, United States of America",2014.0,zh,7.3,0.0,5.0,2.0,1.0,Drama,May,16.0,0.2954,0.1128,0.0127,7.3,47587984.0
59981.0,"India, United States of America",2014.0,en,6.3,70000000.0,5.0,3.0,2.0,Animation,May,8.0,0.2631,0.1755,0.0308,6.3,18662027.0
270343.0,France,2014.0,fr,6.5,0.0,5.0,2.0,1.0,Comedy,August,20.0,0.2562,0.1854,0.0344,6.5,23598.0
251321.0,"Canada, France, Spain",2014.0,en,5.5,8000000.0,5.0,1.0,1.0,Drama,February,12.0,0.2694,0.1656,0.0274,5.5,53086.0
259129.0,South Korea,2014.0,ko,6.4,0.0,5.0,2.0,1.0,Thriller,March,13.0,0.2925,0.1202,0.0145,6.4,3676773.0
157351.0,"United States of America, United Kingdom, Mexico",2014.0,en,5.9,1300000.0,5.0,2.0,1.0,Drama,January,10.0,0.2803,0.1464,0.0214,5.9,4404.0
265228.0,France,2014.0,fr,6.978,0.0,5.0,2.0,1.0,Drama,December,10.0,0.2845,0.138,0.019,6.978,1076075.0
242090.0,United States of America,2014.0,en,6.9,0.0,5.0,3.0,1.0,Romance,August,8.0,0.2811,0.1449,0.021,6.9,513447.0
157823.0,"Brazil, United States of America",2014.0,en,5.8,0.0,5.0,2.0,1.0,Thriller,April,23.0,0.2952,0.1135,0.0129,5.8,271755.0
292828.0,Turkey,2014.0,tr,5.0,0.0,5.0,1.0,1.0,Horror,September,12.0,0.2842,0.1387,0.0192,5.0,2005958.0
242022.0,"Australia, France, United Kingdom",2014.0,en,6.2,0.0,5.0,1.0,2.0,Comedy,August,6.0,0.3051,0.0832,0.0069,6.2,63852235.0
184352.0,"Canada, France",2014.0,fr,6.8,0.0,5.0,3.0,1.0,Drama,April,16.0,0.2588,0.1817,0.033,6.8,687505.0
177047.0,United States of America,2014.0,en,6.0,2000000.0,5.0,1.0,1.0,Drama,May,2.0,0.2333,0.2134,0.0456,6.0,60048.0
79316.0,United States of America,2014.0,en,4.6,7000000.0,5.0,1.0,2.0,Horror,January,8.0,0.2818,0.1435,0.0206,4.6,36433975.0
282296.0,"France, United Kingdom, United States of America",2014.0,en,6.21,5000000.0,5.0,3.0,1.0,Romance,September,9.0,0.2853,0.1364,0.0186,6.21,7527232.0
334175.0,Turkey,2014.0,tr,5.9,0.0,5.0,1.0,1.0,Horror,September,26.0,0.2995,0.1015,0.0103,5.9,1580000.0
220447.0,Japan,2014.0,ja,7.2,0.0,5.0,7.0,2.0,Horror,January,18.0,0.2629,0.1757,0.0309,7.2,5342108.0
289984.0,Germany,2014.0,de,7.0,0.0,5.0,2.0,1.0,Comedy,October,16.0,0.3086,0.0688,0.0047,7.0,4840034.0
285803.0,India,2014.0,hi,6.103,13000000.0,5.0,1.0,1.0,Action,August,15.0,0.2466,0.198,0.0392,6.103,26000000.0
230266.0,"France, Ireland, Norway, United Kingdom",2014.0,en,5.6,5500000.0,4.0,2.0,1.0,Drama,September,7.0,0.2492,0.1946,0.0379,5.6,5000000.0
225044.0,United States of America,2014.0,en,7.4,0.0,5.0,2.0,1.0,Drama,March,1.0,0.2785,0.1497,0.0224,7.4,28208.0
287587.0,United States of America,2014.0,en,5.4,0.0,5.0,2.0,1.0,Comedy,September,8.0,0.3001,0.0996,0.0099,5.4,108808.0
287767.0,India,2014.0,hi,6.6,2121476.0,5.0,4.0,1.0,Action,August,22.0,0.2864,0.1341,0.018,6.6,7557761.0
254869.0,Spain,2014.0,es,5.6,9300000.0,5.0,3.0,1.0,Comedy,October,3.0,0.2263,0.2209,0.0488,5.6,13851074.0
259720.0,India,2014.0,hi,6.5,4587786.0,5.0,3.0,1.0,Comedy,April,17.0,0.2469,0.1976,0.039,6.5,22414611.0
253254.0,"United Kingdom, United States of America",2014.0,en,6.7,0.0,5.0,1.0,1.0,Drama,October,11.0,0.2912,0.1232,0.0152,6.7,8251.0
206296.0,United States of America,2014.0,en,5.9,3500000.0,5.0,4.0,1.0,Comedy,November,3.0,0.2694,0.1656,0.0274,5.9,292092.0
193726.0,"Brazil, Canada, Cuba, France, Japan, Lithuania, New Zealand, Nigeria, Philippines, Spain, United States of America",2014.0,en,5.385,0.0,5.0,1.0,31.0,Horror,October,2.0,0.3026,0.092,0.0085,5.385,7171.0
247236.0,Hong Kong,2014.0,cn,4.6,0.0,5.0,1.0,1.0,Romance,January,2.0,0.311,0.0573,0.0033,4.6,1012821.0
248611.0,France,2014.0,fr,6.4,0.0,5.0,2.0,1.0,Action,February,5.0,0.2891,0.1282,0.0164,6.4,3736775.0
275060.0,United States of America,2014.0,en,6.7,0.0,5.0,2.0,1.0,Drama,October,10.0,0.3055,0.0816,0.0067,6.7,103815.0
286595.0,France,2014.0,fr,7.4,0.0,5.0,1.0,1.0,Drama,August,10.0,0.2777,0.1512,0.0229,7.4,1173514.0
256876.0,"Russia, United States of America",2014.0,en,7.328,0.0,5.0,2.0,1.0,Documentary,August,13.0,0.2592,0.1811,0.0328,7.328,694600.0
251577.0,Belgium,2014.0,nl,6.9,0.0,5.0,3.0,1.0,Crime,January,29.0,0.24,0.2059,0.0424,6.9,1454682.0
268660.0,India,2014.0,ml,7.5,7400000.0,5.0,3.0,1.0,Drama,May,30.0,0.2527,0.1901,0.0361,7.5,1300000.0
283389.0,Poland,2014.0,pl,6.848,0.0,5.0,3.0,1.0,War,March,7.0,0.3034,0.0892,0.008,6.848,3683978.0
253331.0,United States of America,2014.0,en,6.8,9000000.0,5.0,1.0,1.0,Drama,September,6.0,0.2429,0.2024,0.041,6.8,21571189.0
314285.0,"Denmark, Germany",2014.0,da,6.4,0.0,5.0,4.0,1.0,Adventure,December,25.0,0.3,0.1,0.01,6.4,2080529.0
281298.0,South Korea,2014.0,ko,6.8,0.0,5.0,2.0,1.0,Action,July,3.0,0.3031,0.0902,0.0081,6.8,27926871.0
244783.0,United States of America,2014.0,en,5.7,6000000.0,5.0,1.0,1.0,Drama,January,20.0,0.2405,0.2053,0.0421,5.7,32251.0
284286.0,"United Kingdom, United States of America",2014.0,en,6.191,0.0,5.0,2.0,1.0,Drama,August,21.0,0.2776,0.1515,0.023,6.191,3447633.0
244563.0,United States of America,2014.0,en,6.581,0.0,5.0,1.0,1.0,Drama,November,13.0,0.2686,0.167,0.0279,6.581,739623.0
206821.0,"India, United States of America",2014.0,en,5.1,0.0,5.0,2.0,1.0,Comedy,September,5.0,0.2867,0.1335,0.0178,5.1,46460.0
214075.0,"Australia, Canada, United States of America",2014.0,en,6.4,0.0,5.0,3.0,1.0,Comedy,May,22.0,0.2357,0.2109,0.0445,6.4,3346257.0
211166.0,Brazil,2014.0,pt,4.9,8500000.0,5.0,2.0,12.0,Romance,September,12.0,0.3007,0.0978,0.0096,4.9,600000.0
52653.0,United States of America,2014.0,en,4.06,0.0,5.0,1.0,1.0,Thriller,April,4.0,0.2778,0.1511,0.0228,4.06,149337.0
280913.0,Thailand,2014.0,th,7.6,0.0,5.0,2.0,1.0,Drama,March,20.0,0.2763,0.1539,0.0237,7.6,3186708.0
309028.0,Japan,2014.0,ja,7.552,0.0,5.0,1.0,1.0,Drama,November,1.0,0.2458,0.199,0.0396,7.552,1507352.0
271826.0,Canada,2014.0,fr,3.4,0.0,5.0,1.0,1.0,Drama,May,15.0,0.2714,0.1623,0.0263,3.4,40000.0
252841.0,India,2014.0,hi,7.2,2860530.0,5.0,3.0,1.0,Drama,February,13.0,0.2357,0.2109,0.0445,7.2,5458444.0
252067.0,South Korea,2014.0,ko,7.1,0.0,5.0,3.0,1.0,Romance,January,22.0,0.2909,0.124,0.0154,7.1,10600000.0
371507.0,Russia,2014.0,ru,5.8,0.0,5.0,3.0,1.0,Crime,June,25.0,0.2651,0.1725,0.0297,5.8,467363.0
262958.0,"Belgium, France, Ireland, Japan, United Kingdom",2014.0,en,6.7,0.0,5.0,2.0,1.0,History,May,30.0,0.2864,0.1341,0.018,6.7,4825184.0
262788.0,"Argentina, Canada, Italy",2014.0,es,5.261,6000000.0,5.0,2.0,1.0,Adventure,July,3.0,0.2558,0.1859,0.0345,5.261,5205106.0
276935.0,India,2014.0,hi,6.493,0.0,5.0,4.0,1.0,Romance,June,27.0,0.2879,0.1307,0.0171,6.493,1278108.0
257343.0,Turkey,2014.0,tr,4.4,0.0,5.0,1.0,1.0,Comedy,February,20.0,0.263,0.1757,0.0309,4.4,39477906.0
246320.0,France,2014.0,fr,5.0,13640000.0,5.0,1.0,3.0,Comedy,February,12.0,0.2691,0.166,0.0276,5.0,20193106.0
291348.0,United States of America,2014.0,en,4.5,600000.0,5.0,1.0,1.0,Drama,October,17.0,0.2849,0.1372,0.0188,4.5,677577.0
199933.0,United States of America,2014.0,en,4.4,5000000.0,5.0,3.0,1.0,Drama,September,12.0,0.2924,0.1204,0.0145,4.4,846704.0
250349.0,France,2014.0,fr,5.837,6000000.0,5.0,1.0,1.0,Comedy,April,30.0,0.2901,0.1259,0.0158,5.837,14348529.0
260001.0,United States of America,2014.0,en,5.8,0.0,5.0,2.0,1.0,Romance,December,5.0,0.2309,0.216,0.0467,5.8,8265.0
272875.0,China,2014.0,zh,6.1,7300000.0,5.0,1.0,1.0,Drama,July,24.0,0.2887,0.1291,0.0167,6.1,9166810.0
289891.0,United States of America,2014.0,en,5.9,0.0,5.0,2.0,1.0,Drama,September,1.0,0.2986,0.104,0.0108,5.9,19305.0
251736.0,"United States of America, Greece",2014.0,en,5.8,0.0,5.0,2.0,1.0,Comedy,May,7.0,0.2828,0.1414,0.02,5.8,214344.0
284288.0,India,2014.0,hi,7.1,224056.0,5.0,3.0,1.0,Action,September,5.0,0.2941,0.1163,0.0135,7.1,15536328.0
259963.0,United States of America,2014.0,en,5.733,0.0,5.0,1.0,1.0,Drama,April,20.0,0.2982,0.1051,0.0111,5.733,126150.0
298986.0,Italy,2014.0,it,6.6,0.0,5.0,1.0,1.0,War,November,6.0,0.279,0.1489,0.0222,6.6,1424898.0
110402.0,Russia,2014.0,ru,6.6,7000000.0,5.0,2.0,1.0,Drama,February,27.0,0.2813,0.1445,0.0209,6.6,1310673.0
197583.0,United States of America,2014.0,en,6.568,10000000.0,5.0,2.0,1.0,Comedy,March,21.0,0.2966,0.1096,0.012,6.568,1064454.0
266084.0,"Romania, Ireland, France",2014.0,en,6.0,0.0,5.0,1.0,1.0,Drama,September,14.0,0.2812,0.1447,0.0209,6.0,155881.0
227970.0,Brazil,2014.0,pt,6.7,0.0,5.0,1.0,1.0,Comedy,May,2.0,0.2722,0.161,0.0259,6.7,1780466.0
292483.0,United States of America,2014.0,en,3.3,800000.0,5.0,3.0,1.0,Comedy,September,23.0,0.2779,0.1509,0.0228,3.3,36026.0
250658.0,United States of America,2014.0,en,7.892,0.0,5.0,2.0,1.0,Documentary,June,27.0,0.2971,0.1083,0.0117,7.892,48911.0
284298.0,China,2014.0,zh,6.0,0.0,5.0,2.0,1.0,Comedy,September,26.0,0.281,0.1451,0.0211,6.0,189000000.0
276401.0,United States of America,2014.0,en,6.7,0.0,5.0,2.0,1.0,Drama,October,10.0,0.2741,0.1578,0.0249,6.7,109144.0
247645.0,India,2014.0,hi,7.3,1900000.0,5.0,2.0,1.0,Comedy,March,7.0,0.2916,0.1224,0.015,7.3,17000000.0
249772.0,India,2014.0,te,6.5,0.0,5.0,3.0,1.0,Action,January,10.0,0.2588,0.1818,0.033,6.5,6019000.0
267481.0,Russia,2014.0,ru,6.7,2300000.0,5.0,2.0,1.0,Comedy,May,1.0,0.2809,0.1452,0.0211,6.7,13969785.0
240704.0,United States of America,2014.0,en,6.1,0.0,2.0,1.0,1.0,Documentary,April,3.0,0.2746,0.1569,0.0246,6.1,13842409.0
252444.0,Mexico,2014.0,es,7.3,0.0,5.0,2.0,1.0,Comedy,February,14.0,0.2717,0.1617,0.0262,7.3,15998618.0
246087.0,India,2014.0,ta,5.766,8000000.0,5.0,1.0,1.0,Action,January,10.0,0.273,0.1596,0.0255,5.766,18000000.0
271200.0,India,2014.0,hi,5.7,4200000.0,5.0,2.0,1.0,Romance,May,23.0,0.2992,0.1023,0.0105,5.7,10000000.0
249142.0,Italy,2014.0,it,5.8,3000000.0,5.0,1.0,1.0,Comedy,January,9.0,0.2335,0.2132,0.0455,5.8,2534077.0
292625.0,Thailand,2014.0,th,6.1,0.0,5.0,2.0,1.0,Drama,August,7.0,0.2558,0.1859,0.0345,6.1,2509063.0
299738.0,"China, Hong Kong",2014.0,zh,6.0,0.0,5.0,3.0,2.0,Action,August,21.0,0.281,0.1451,0.0211,6.0,32000000.0
284270.0,"Belgium, Netherlands",2014.0,nl,5.5,0.0,5.0,2.0,1.0,Adventure,October,29.0,0.2921,0.1211,0.0147,5.5,763280.0
358651.0,Japan,2014.0,ja,7.2,0.0,5.0,4.0,2.0,Animation,December,20.0,0.312,0.0513,0.0026,7.2,99481307.0
300839.0,France,2014.0,fr,6.3,0.0,5.0,2.0,1.0,Thriller,November,19.0,0.2714,0.1624,0.0264,6.3,679608.0
297963.0,Netherlands,2014.0,nl,5.7,0.0,5.0,3.0,1.0,Adventure,November,19.0,0.272,0.1612,0.026,5.7,2156387.0
299847.0,Italy,2014.0,it,6.1,0.0,5.0,1.0,1.0,Comedy,October,30.0,0.3023,0.0927,0.0086,6.1,4626678.0
174337.0,United States of America,2014.0,en,6.106,0.0,5.0,2.0,1.0,Comedy,February,7.0,0.2333,0.2134,0.0456,6.106,13769.0
216015.0,United States of America,2015.0,en,5.879,40000000.0,5.0,3.0,1.0,Drama,February,11.0,0.2982,0.1051,0.0111,5.879,569651467.0
135397.0,United States of America,2015.0,en,6.693,150000000.0,5.0,4.0,1.0,Action,June,6.0,0.2619,0.1773,0.0314,6.693,1671537444.0
150540.0,United States of America,2015.0,en,7.911,175000000.0,5.0,5.0,1.0,Animation,June,17.0,0.3043,0.0862,0.0074,7.911,857611174.0
150689.0,"United Kingdom, United States of America",2015.0,en,6.8,95000000.0,5.0,4.0,1.0,Romance,March,6.0,0.2992,0.1023,0.0105,6.8,543514353.0
76341.0,"Australia, United States of America",2015.0,en,7.6,150000000.0,5.0,3.0,1.0,Action,May,13.0,0.2429,0.2024,0.041,7.6,378858340.0
99861.0,United States of America,2015.0,en,7.272,365000000.0,5.0,3.0,1.0,Action,April,22.0,0.2668,0.1697,0.0288,7.272,1405403694.0
214756.0,United States of America,2015.0,en,6.3,68000000.0,5.0,2.0,1.0,Comedy,June,25.0,0.25,0.1936,0.0375,6.3,215863606.0
168259.0,United States of America,2015.0,en,7.229,190000000.0,5.0,3.0,1.0,Action,April,1.0,0.2849,0.1372,0.0188,7.229,1515400000.0
87101.0,"Canada, United States of America",2015.0,en,5.9,155000000.0,5.0,4.0,1.0,Science Fiction,June,23.0,0.2201,0.227,0.0515,5.9,440603537.0
140607.0,United States of America,2015.0,en,7.264,245000000.0,5.0,3.0,1.0,Adventure,December,15.0,0.2837,0.1397,0.0195,7.264,2068223624.0
273481.0,"Mexico, United States of America",2015.0,en,7.412,30000000.0,5.0,3.0,1.0,Action,September,17.0,0.2546,0.1876,0.0352,7.412,84997446.0
254128.0,"Canada, United States of America, Australia",2015.0,en,6.245,110000000.0,5.0,3.0,1.0,Action,May,27.0,0.2682,0.1676,0.0281,6.245,473990832.0
303857.0,Japan,2015.0,ja,6.8,5000000.0,5.0,3.0,1.0,Action,April,18.0,0.2672,0.1691,0.0286,6.8,61768190.0
273477.0,United States of America,2015.0,en,6.5,15000000.0,5.0,2.0,1.0,Comedy,October,23.0,0.297,0.1086,0.0118,6.5,14900000.0
281957.0,"Canada, Hong Kong, Taiwan, United States of America",2015.0,en,7.532,135000000.0,5.0,3.0,1.0,Western,December,25.0,0.304,0.0871,0.0076,7.532,532950503.0
294254.0,United States of America,2015.0,en,6.7,61000000.0,5.0,4.0,1.0,Science Fiction,September,9.0,0.2893,0.1276,0.0163,6.7,312296056.0
207703.0,"United Kingdom, United States of America",2015.0,en,7.6,81000000.0,5.0,4.0,1.0,Crime,January,24.0,0.2899,0.1264,0.016,7.6,414351546.0
257344.0,"China, France, India, United States of America",2015.0,en,5.7,88000000.0,5.0,3.0,1.0,Action,July,16.0,0.292,0.1214,0.0147,5.7,244900000.0
177677.0,United States of America,2015.0,en,7.207,150000000.0,5.0,2.0,1.0,Action,July,23.0,0.2972,0.1081,0.0117,7.207,682716636.0
262500.0,"Canada, United States of America",2015.0,en,6.363,110000000.0,5.0,3.0,1.0,Action,March,18.0,0.2951,0.1135,0.0129,6.363,297002527.0
198184.0,United States of America,2015.0,en,6.786,49000000.0,5.0,3.0,1.0,Crime,March,4.0,0.2942,0.1159,0.0134,6.786,104399548.0
105864.0,United States of America,2015.0,en,6.7,175000000.0,5.0,3.0,1.0,Adventure,November,14.0,0.2675,0.1687,0.0285,6.7,332207671.0
293863.0,United States of America,2015.0,en,7.481,25000000.0,5.0,3.0,1.0,Romance,April,16.0,0.2854,0.1361,0.0185,7.481,65663276.0
312221.0,United States of America,2015.0,en,7.408,37000000.0,5.0,2.0,1.0,Action,November,25.0,0.2764,0.1536,0.0236,7.408,173600000.0
295830.0,Japan,2015.0,ja,6.1,0.0,5.0,3.0,1.0,Horror,August,1.0,0.2809,0.1452,0.0211,6.1,30810658.0
131634.0,"Germany, United States of America",2015.0,en,6.897,160000000.0,5.0,3.0,1.0,Action,November,18.0,0.3025,0.0921,0.0085,6.897,653428261.0
340382.0,Japan,2015.0,ja,6.1,0.0,5.0,3.0,1.0,Horror,September,1.0,0.2435,0.2017,0.0407,6.1,15187789.0
286217.0,United States of America,2015.0,en,7.688,108000000.0,5.0,3.0,1.0,Drama,September,30.0,0.3048,0.0844,0.0071,7.688,631058917.0
158852.0,United States of America,2015.0,en,6.278,190000000.0,5.0,4.0,1.0,Adventure,May,19.0,0.2887,0.1291,0.0167,6.278,209200000.0
270303.0,United States of America,2015.0,en,6.6,2300000.0,5.0,2.0,1.0,Horror,February,4.0,0.2676,0.1685,0.0284,6.6,23374076.0
206647.0,"United Kingdom, United States of America",2015.0,en,6.555,245000000.0,5.0,3.0,1.0,Action,October,26.0,0.2883,0.1299,0.0169,6.555,880707597.0
76757.0,United States of America,2015.0,en,5.5,176000000.0,5.0,3.0,2.0,Science Fiction,February,4.0,0.2975,0.1071,0.0115,5.5,184000000.0
102899.0,United States of America,2015.0,en,7.1,130000000.0,5.0,3.0,1.0,Science Fiction,July,14.0,0.2933,0.1182,0.014,7.1,519311965.0
257211.0,United States of America,2015.0,en,7.22,35000000.0,5.0,1.0,1.0,Comedy,September,23.0,0.286,0.1349,0.0182,7.22,194564672.0
159824.0,United States of America,2015.0,en,6.8,80000000.0,5.0,4.0,1.0,Animation,September,21.0,0.2888,0.1288,0.0166,6.8,473200000.0
263472.0,"Chile, Germany, United States of America",2015.0,en,5.385,10000000.0,5.0,3.0,1.0,Horror,June,26.0,0.2177,0.2294,0.0526,5.385,6341684.0
264660.0,"United Kingdom, United States of America",2015.0,en,7.6,15000000.0,5.0,2.0,1.0,Drama,January,21.0,0.25,0.1936,0.0375,7.6,36869414.0
347201.0,Japan,2015.0,ja,7.5,0.0,5.0,5.0,1.0,Adventure,August,7.0,0.2998,0.1006,0.0101,7.5,38362448.0
228165.0,"Australia, United States of America",2015.0,en,6.1,74000000.0,5.0,5.0,2.0,Family,January,28.0,0.2887,0.1291,0.0167,6.1,311594032.0
228161.0,United States of America,2015.0,en,6.8,135000000.0,5.0,5.0,1.0,Fantasy,March,18.0,0.2985,0.1045,0.0109,6.8,368871007.0
243688.0,United States of America,2015.0,en,5.2,35000000.0,5.0,1.0,1.0,Horror,May,20.0,0.2801,0.1467,0.0215,5.2,95437994.0
333167.0,South Korea,2015.0,ko,6.9,0.0,5.0,3.0,1.0,Romance,March,5.0,0.2838,0.1395,0.0195,6.9,3191168.0
298312.0,"Japan, United States of America",2015.0,en,6.315,5000000.0,5.0,2.0,1.0,Horror,September,10.0,0.2724,0.1606,0.0258,6.315,98450062.0
265208.0,United States of America,2015.0,en,5.7,30000000.0,5.0,3.0,1.0,Thriller,January,14.0,0.2981,0.1055,0.0111,5.7,6738764.0
227719.0,United States of America,2015.0,en,6.8,12000000.0,5.0,2.0,1.0,Science Fiction,January,28.0,0.2803,0.1465,0.0214,6.8,33200000.0
254470.0,United States of America,2015.0,en,6.9,29000000.0,5.0,2.0,1.0,Comedy,May,7.0,0.2839,0.1394,0.0194,6.9,287144079.0
273248.0,United States of America,2015.0,en,7.8,44000000.0,5.0,3.0,1.0,Drama,December,25.0,0.2496,0.1941,0.0377,7.8,155760117.0
274854.0,"Canada, Hong Kong, United States of America",2015.0,en,5.977,90000000.0,5.0,4.0,1.0,Fantasy,October,21.0,0.2646,0.1732,0.03,5.977,146936910.0
166424.0,"United Kingdom, Germany, United States of America",2015.0,en,4.4,120000000.0,5.0,3.0,1.0,Action,August,5.0,0.2611,0.1784,0.0318,4.4,167977596.0
318846.0,United States of America,2015.0,en,7.4,28000000.0,5.0,2.0,1.0,Comedy,December,11.0,0.2842,0.1386,0.0192,7.4,133346506.0
307081.0,United States of America,2015.0,en,7.4,30000000.0,5.0,2.0,1.0,Action,March,24.0,0.2648,0.1728,0.0299,7.4,91709827.0
296099.0,United States of America,2015.0,en,6.3,31000000.0,5.0,1.0,2.0,Comedy,July,28.0,0.3014,0.0956,0.0091,6.3,104400000.0
205775.0,"Spain, United States of America",2015.0,en,6.76,100000000.0,5.0,5.0,1.0,Thriller,December,3.0,0.3023,0.093,0.0086,6.76,93900000.0
357096.0,United States of America,2015.0,en,5.8,0.0,5.0,2.0,1.0,Horror,October,1.0,0.284,0.139,0.0193,5.8,144420.0
266294.0,United States of America,2015.0,en,6.0,30000000.0,5.0,1.0,1.0,Comedy,December,18.0,0.2981,0.1055,0.0111,6.0,105000000.0
249070.0,"United Kingdom, United States of America",2015.0,en,5.9,35000000.0,5.0,3.0,1.0,Action,August,20.0,0.2502,0.1934,0.0374,5.9,81967450.0
238713.0,United States of America,2015.0,en,6.83,65000000.0,5.0,3.0,1.0,Action,May,6.0,0.3089,0.0678,0.0046,6.83,235666219.0
227973.0,United States of America,2015.0,en,6.9,99000000.0,5.0,3.0,1.0,Comedy,November,5.0,0.2936,0.1175,0.0138,6.9,246233113.0
276907.0,"France, United Kingdom, United States of America",2015.0,en,7.1,25000000.0,5.0,2.0,1.0,Crime,September,9.0,0.2709,0.1631,0.0266,7.1,42972994.0
277216.0,"United Kingdom, United States of America",2015.0,en,7.8,28000000.0,5.0,3.0,1.0,Drama,August,11.0,0.2921,0.1211,0.0147,7.8,201634991.0
338676.0,"France, Hungary, Spain, United States of America",2015.0,en,6.227,7000000.0,5.0,6.0,1.0,Action,August,7.0,0.2271,0.22,0.0484,6.227,2350695.0
254320.0,"France, Greece, Ireland, Netherlands, United Kingdom",2015.0,en,7.044,4000000.0,5.0,3.0,1.0,Comedy,October,15.0,0.2889,0.1286,0.0165,7.044,15700000.0
203801.0,United States of America,2015.0,en,7.1,75000000.0,5.0,3.0,1.0,Comedy,August,13.0,0.299,0.103,0.0106,7.1,108100000.0
258509.0,United States of America,2015.0,en,6.0,90000000.0,5.0,5.0,1.0,Family,December,17.0,0.2714,0.1624,0.0264,6.0,233755553.0
211672.0,United States of America,2015.0,en,6.41,74000000.0,5.0,4.0,2.0,Family,June,17.0,0.2991,0.1028,0.0106,6.41,1159457503.0
257088.0,"Germany, United States of America",2015.0,en,6.0,105000000.0,5.0,4.0,1.0,Action,December,3.0,0.2878,0.131,0.0172,6.0,133782481.0
252838.0,United States of America,2015.0,en,6.5,23000000.0,5.0,1.0,1.0,Comedy,January,16.0,0.2955,0.1126,0.0127,6.5,79799880.0
228205.0,United States of America,2015.0,en,7.6,34000000.0,5.0,2.0,1.0,Drama,April,9.0,0.294,0.1165,0.0136,7.6,63013281.0
241554.0,United States of America,2015.0,en,6.4,50000000.0,5.0,3.0,1.0,Action,March,11.0,0.2767,0.153,0.0234,6.4,71561644.0
309809.0,"France, Italy, Canada",2015.0,en,7.61,64000000.0,5.0,4.0,1.0,Adventure,July,29.0,0.2965,0.1099,0.0121,7.61,97571250.0
257445.0,United States of America,2015.0,en,6.3,58000000.0,5.0,3.0,1.0,Adventure,August,5.0,0.2927,0.1197,0.0143,6.3,158261424.0
201088.0,United States of America,2015.0,en,5.5,70000000.0,5.0,3.0,1.0,Crime,January,13.0,0.2411,0.2046,0.0419,5.5,17752940.0
181283.0,United States of America,2015.0,en,6.3,50000000.0,5.0,2.0,1.0,Crime,March,15.0,0.2961,0.1109,0.0123,6.3,12951093.0
253412.0,"Iceland, United Kingdom, United States of America",2015.0,en,6.8,55000000.0,5.0,3.0,1.0,Adventure,September,10.0,0.3008,0.0975,0.0095,6.8,203427584.0
256040.0,India,2015.0,te,7.523,25130430.0,5.0,4.0,1.0,Action,July,10.0,0.2857,0.1355,0.0184,7.523,90747520.0
258480.0,"United Kingdom, United States of America",2015.0,en,7.5,11800000.0,5.0,2.0,1.0,Romance,November,20.0,0.2741,0.1578,0.0249,7.5,40272135.0
201085.0,United States of America,2015.0,en,6.7,55000000.0,5.0,4.0,1.0,Horror,October,13.0,0.2677,0.1683,0.0283,6.7,74700000.0
280092.0,"Canada, United States of America",2015.0,en,6.3,10000000.0,5.0,2.0,1.0,Horror,May,28.0,0.2491,0.1948,0.0379,6.3,120453155.0
238615.0,United States of America,2015.0,en,6.417,26000000.0,5.0,4.0,1.0,Science Fiction,July,10.0,0.2708,0.1632,0.0266,6.417,31807156.0
350499.0,Japan,2015.0,ja,6.8,0.0,5.0,5.0,1.0,Family,July,18.0,0.2963,0.1104,0.0122,6.8,21815482.0
241251.0,United States of America,2015.0,en,4.893,4000000.0,5.0,1.0,1.0,Thriller,January,23.0,0.3065,0.078,0.0061,4.893,52425855.0
287948.0,"Belgium, China, France",2015.0,en,5.5,25000000.0,5.0,3.0,1.0,Action,September,2.0,0.2877,0.1312,0.0172,5.5,72629670.0
94365.0,"Netherlands, United States of America",2015.0,en,3.735,0.0,5.0,1.0,1.0,Horror,May,22.0,0.2967,0.1095,0.012,3.735,16184.0
274167.0,United States of America,2015.0,en,6.3,50000000.0,5.0,1.0,1.0,Comedy,December,25.0,0.2852,0.1365,0.0186,6.3,242786137.0
363093.0,South Korea,2015.0,ko,7.7,0.0,5.0,4.0,1.0,Action,December,16.0,0.2622,0.1767,0.0312,7.7,11083449.0
346646.0,South Korea,2015.0,ko,6.907,7528230.0,5.0,2.0,1.0,Action,August,5.0,0.2867,0.1335,0.0178,6.907,87970000.0
271718.0,United States of America,2015.0,en,5.804,35000000.0,5.0,2.0,1.0,Comedy,July,17.0,0.2979,0.106,0.0112,5.804,140795793.0
314365.0,United States of America,2015.0,en,7.815,20000000.0,5.0,2.0,1.0,Drama,November,6.0,0.2848,0.1374,0.0189,7.815,98690254.0
296098.0,"India, United States of America, Germany",2015.0,en,7.235,40000000.0,5.0,2.0,1.0,Thriller,October,15.0,0.2959,0.1115,0.0124,7.235,165478348.0
261023.0,"United Kingdom, United States of America",2015.0,en,6.5,53000000.0,5.0,3.0,1.0,Drama,September,17.0,0.2569,0.1844,0.034,6.5,99975678.0
294963.0,"France, United States of America",2015.0,en,6.865,1800000.0,5.0,3.0,1.0,Western,October,23.0,0.2463,0.1983,0.0393,6.865,475846.0
188222.0,United States of America,2015.0,en,6.233,30000000.0,5.0,2.0,1.0,Comedy,June,3.0,0.2928,0.1194,0.0143,6.233,49263404.0
256961.0,United States of America,2015.0,en,5.165,38000000.0,5.0,3.0,1.0,Action,April,16.0,0.2648,0.1728,0.0299,5.165,107597242.0
256591.0,United States of America,2015.0,en,6.874,50100000.0,5.0,3.0,2.0,Romance,February,25.0,0.2819,0.1434,0.0206,6.874,153962963.0
323272.0,United States of America,2015.0,en,7.8,3000000.0,5.0,1.0,1.0,Drama,August,28.0,0.297,0.1085,0.0118,7.8,73267874.0
292431.0,"Belgium, France",2015.0,fr,6.4,3000000.0,5.0,2.0,1.0,Drama,May,25.0,0.2613,0.1781,0.0317,6.4,249083.0
323260.0,Hong Kong,2015.0,cn,5.2,0.0,5.0,3.0,1.0,Romance,January,29.0,0.282,0.143,0.0205,5.2,709136.0
192141.0,"Thailand, United States of America",2015.0,en,6.9,5000000.0,5.0,2.0,1.0,Thriller,August,26.0,0.2401,0.2058,0.0424,6.9,54400000.0
268920.0,United States of America,2015.0,en,5.7,35000000.0,5.0,2.0,1.0,Action,May,8.0,0.2891,0.1282,0.0164,5.7,51680201.0
338803.0,South Korea,2015.0,ko,6.0,0.0,5.0,3.0,1.0,Drama,May,21.0,0.2714,0.1624,0.0264,6.0,6906250.0
287903.0,United States of America,2015.0,en,6.197,15000000.0,5.0,3.0,1.0,Horror,November,26.0,0.2778,0.1511,0.0228,6.197,61800000.0
306819.0,"Belgium, United Kingdom, United States of America",2015.0,en,7.571,15000000.0,5.0,1.0,1.0,Drama,November,27.0,0.2782,0.1504,0.0226,7.571,64200000.0
295964.0,United States of America,2015.0,en,6.5,20000000.0,5.0,1.0,1.0,Drama,October,2.0,0.2785,0.1497,0.0224,6.5,36606743.0
157544.0,United States of America,2015.0,en,5.3,13000000.0,5.0,2.0,1.0,Thriller,July,23.0,0.2778,0.1511,0.0228,5.3,1784763.0
282070.0,Japan,2015.0,ja,7.078,0.0,5.0,4.0,1.0,Science Fiction,April,25.0,0.2429,0.2024,0.041,7.078,12828829.0
283445.0,"Canada, United States of America",2015.0,en,5.9,10000000.0,5.0,1.0,1.0,Horror,August,19.0,0.2921,0.1211,0.0147,5.9,53329150.0
351694.0,China,2015.0,zh,6.9,10000000.0,5.0,3.0,1.0,Fantasy,July,10.0,0.2321,0.2148,0.0461,6.9,153000000.0
167073.0,"Canada, Ireland, United Kingdom, United States of America",2015.0,en,7.3,11000000.0,5.0,3.0,1.0,Romance,October,20.0,0.2888,0.1288,0.0166,7.3,62076141.0
210860.0,United States of America,2015.0,en,5.512,60000000.0,5.0,2.0,1.0,Comedy,January,21.0,0.2988,0.1035,0.0107,5.512,47318560.0
339527.0,United States of America,2015.0,en,6.414,0.0,5.0,3.0,1.0,Thriller,September,3.0,0.2943,0.1156,0.0134,6.414,22586863.0
285783.0,United States of America,2015.0,en,6.991,35000000.0,5.0,2.0,1.0,History,September,30.0,0.2817,0.1437,0.0207,6.991,61181942.0
257091.0,United States of America,2015.0,en,6.0,40000000.0,5.0,1.0,1.0,Comedy,March,26.0,0.2799,0.1472,0.0217,6.0,111800000.0
301351.0,"France, United Kingdom",2015.0,en,6.775,6000000.0,5.0,4.0,1.0,Drama,August,26.0,0.2917,0.1222,0.0149,6.775,11100000.0
264999.0,United States of America,2015.0,en,6.2,14800000.0,5.0,2.0,1.0,Comedy,July,1.0,0.2574,0.1836,0.0337,6.2,117800000.0
146301.0,United States of America,2015.0,en,5.3,10000000.0,5.0,2.0,1.0,Horror,October,21.0,0.2952,0.1135,0.0129,5.3,78903124.0
264644.0,"Canada, Ireland, United Kingdom, United States of America",2015.0,en,8.0,13000000.0,5.0,2.0,1.0,Drama,October,16.0,0.2899,0.1264,0.016,8.0,35401758.0
250734.0,United Kingdom,2015.0,en,7.034,14500000.0,5.0,2.0,1.0,Drama,April,23.0,0.2533,0.1894,0.0359,7.034,30300000.0
284303.0,Austria,2015.0,de,6.7,0.0,5.0,3.0,2.0,Horror,January,8.0,0.2999,0.1004,0.0101,6.7,2193474.0
272878.0,United States of America,2015.0,en,7.2,20000000.0,5.0,3.0,1.0,Adventure,June,26.0,0.2965,0.1099,0.0121,7.2,43956255.0
336882.0,Norway,2015.0,no,6.7,5904067.0,5.0,3.0,1.0,Action,August,28.0,0.2895,0.1273,0.0162,6.7,12975143.0
264419.0,Mexico,2015.0,es,6.9,5300000.0,5.0,4.0,2.0,Animation,September,4.0,0.2729,0.1597,0.0255,6.9,26072723.0
323661.0,"France, Canada",2015.0,fr,7.2,17000000.0,5.0,4.0,2.0,Animation,February,5.0,0.2792,0.1484,0.022,7.2,15730665.0
346808.0,"South Africa, United States of America",2015.0,en,5.7,20000000.0,5.0,3.0,1.0,Action,October,15.0,0.283,0.1411,0.0199,5.7,133332.0
298382.0,"Australia, United Kingdom",2015.0,en,7.0,11930000.0,5.0,3.0,1.0,Drama,October,29.0,0.2929,0.1193,0.0142,7.0,25003426.0
274479.0,United States of America,2015.0,en,6.544,60000000.0,5.0,2.0,1.0,Drama,December,24.0,0.3028,0.0911,0.0083,6.544,101134059.0
336004.0,United States of America,2015.0,en,6.1,8900000.0,5.0,3.0,1.0,Action,November,13.0,0.3026,0.0918,0.0084,6.1,4100000.0
241257.0,"Canada, Spain, United States of America",2015.0,en,5.6,20000000.0,5.0,3.0,1.0,Horror,October,1.0,0.2626,0.1762,0.031,5.6,17671101.0
315465.0,Japan,2015.0,ja,7.957,0.0,5.0,6.0,1.0,Action,July,11.0,0.2887,0.1291,0.0167,7.957,49714378.0
328425.0,"Australia, United States of America",2015.0,en,6.689,5000000.0,5.0,3.0,1.0,Thriller,July,31.0,0.2876,0.1316,0.0173,6.689,58978653.0
348678.0,"Norway, Sweden",2015.0,sv,7.6,0.0,5.0,2.0,1.0,Comedy,December,25.0,0.2853,0.1364,0.0186,7.6,30692889.0
291549.0,South Korea,2015.0,ko,7.3,0.0,5.0,3.0,1.0,Action,July,22.0,0.2191,0.228,0.052,7.3,96119773.0
325348.0,"Russia, United States of America, China",2015.0,en,6.392,2000000.0,5.0,3.0,1.0,Action,September,12.0,0.2921,0.1212,0.0147,6.392,16810562.0
290637.0,United States of America,2015.0,en,5.4,0.0,5.0,1.0,1.0,Horror,September,16.0,0.284,0.139,0.0193,5.4,2160298.0
318781.0,"Germany, France, Luxembourg, United Kingdom",2015.0,en,7.3,14000000.0,5.0,2.0,1.0,Drama,June,24.0,0.2654,0.1719,0.0296,7.3,3621046.0
263109.0,"France, United Kingdom",2015.0,en,6.963,25000000.0,5.0,4.0,2.0,Family,February,5.0,0.2982,0.1053,0.0111,6.963,106209378.0
370964.0,Russia,2015.0,ru,7.2,18000000.0,5.0,2.0,1.0,Fantasy,December,3.0,0.2928,0.1194,0.0143,7.2,10495305.0
272693.0,United States of America,2015.0,en,6.8,8500000.0,5.0,2.0,1.0,Romance,February,20.0,0.2851,0.1369,0.0187,6.8,43528634.0
364324.0,China,2015.0,zh,6.1,0.0,5.0,3.0,1.0,Adventure,September,30.0,0.2621,0.177,0.0313,6.1,106380000.0
287424.0,"Switzerland, United Kingdom, United States of America",2015.0,en,5.4,4000000.0,5.0,2.0,1.0,Horror,May,8.0,0.3044,0.0857,0.0074,5.4,187112.0
300168.0,"Hong Kong, China",2015.0,zh,6.401,65000000.0,5.0,4.0,1.0,Adventure,February,19.0,0.2985,0.1044,0.0109,6.401,121545703.0
290764.0,United States of America,2015.0,en,6.0,11000000.0,5.0,1.0,1.0,Action,January,15.0,0.2945,0.1152,0.0133,6.0,593683.0
86828.0,United Kingdom,2015.0,en,5.9,0.0,5.0,2.0,1.0,Comedy,February,13.0,0.3057,0.0811,0.0066,5.9,6303792.0
302429.0,United States of America,2015.0,en,7.091,100000000.0,5.0,4.0,1.0,Music,January,23.0,0.2441,0.201,0.0404,7.091,13603453.0
333352.0,United Kingdom,2015.0,en,7.0,13000000.0,5.0,3.0,1.0,Drama,September,7.0,0.3035,0.0889,0.0079,7.0,18704595.0
344268.0,"Belgium, France",2015.0,fr,4.724,17800000.0,5.0,3.0,1.0,Comedy,October,14.0,0.2845,0.138,0.019,4.724,35800000.0
225728.0,"France, United Kingdom",2015.0,en,6.5,15000000.0,5.0,2.0,1.0,Drama,September,22.0,0.2936,0.1175,0.0138,6.5,16322067.0
318917.0,Germany,2015.0,de,6.8,3196621.0,5.0,1.0,1.0,Comedy,October,8.0,0.2807,0.1457,0.0212,6.8,25513752.0
299824.0,China,2015.0,zh,6.2,37000000.0,5.0,3.0,1.0,Action,December,18.0,0.2785,0.1497,0.0224,6.2,278300000.0
326215.0,"Belgium, Germany, Ireland, Luxembourg",2015.0,en,6.4,6000000.0,5.0,4.0,1.0,Animation,March,26.0,0.2668,0.1698,0.0288,6.4,22783699.0
293646.0,"Chile, Colombia, Spain, United States of America",2015.0,en,6.4,25000000.0,5.0,2.0,1.0,Drama,August,6.0,0.2871,0.1325,0.0176,6.4,24900000.0
347200.0,Japan,2015.0,ja,6.5,0.0,5.0,2.0,1.0,Action,May,2.0,0.283,0.1412,0.0199,6.5,834927.0
222936.0,United States of America,2015.0,en,5.512,37000000.0,5.0,3.0,1.0,Drama,May,29.0,0.2769,0.1527,0.0233,5.512,26250020.0
266647.0,"India, United Kingdom, United States of America",2015.0,en,6.0,150000000.0,5.0,4.0,1.0,Fantasy,September,24.0,0.2987,0.1037,0.0108,6.0,128388320.0
254302.0,"United Kingdom, Belgium",2015.0,en,5.635,0.0,5.0,1.0,1.0,Drama,November,22.0,0.2796,0.1478,0.0218,5.635,4289074.0
296100.0,United States of America,2015.0,en,6.1,25000000.0,5.0,3.0,1.0,Comedy,November,20.0,0.2823,0.1425,0.0203,6.1,52395996.0
308504.0,"Czech Republic, Japan, South Korea, United States of America",2015.0,en,6.4,40000000.0,5.0,2.0,1.0,Action,April,3.0,0.2753,0.1557,0.0242,6.4,3643591.0
373200.0,China,2015.0,zh,6.8,15000000.0,5.0,4.0,1.0,Comedy,December,31.0,0.2683,0.1673,0.028,6.8,125842935.0
182560.0,"France, United Kingdom, United States of America",2015.0,en,5.9,20000000.0,5.0,4.0,1.0,Thriller,April,8.0,0.2814,0.1443,0.0208,5.9,5090852.0
288036.0,United States of America,2015.0,en,6.289,0.0,5.0,2.0,1.0,Comedy,June,26.0,0.303,0.0906,0.0082,6.289,3214116.0
321741.0,United States of America,2015.0,en,7.1,35000000.0,5.0,1.0,1.0,Drama,November,12.0,0.2897,0.1268,0.0161,7.1,50400000.0
280391.0,France,2015.0,fr,5.2,37580800.0,5.0,3.0,1.0,Adventure,April,8.0,0.2619,0.1773,0.0314,5.2,16294916.0
228203.0,United States of America,2015.0,en,7.4,0.0,5.0,2.0,1.0,Drama,February,20.0,0.2932,0.1185,0.014,7.4,45710059.0
310593.0,"Italy, France, United Kingdom, Switzerland",2015.0,it,6.9,13360000.0,5.0,2.0,1.0,Comedy,May,20.0,0.2774,0.1519,0.0231,6.9,2000000.0
343795.0,United States of America,2015.0,en,5.9,5000000.0,5.0,1.0,1.0,Drama,September,11.0,0.2966,0.1098,0.0121,5.9,4842699.0
286565.0,United States of America,2015.0,en,6.2,12000000.0,5.0,3.0,1.0,Mystery,June,18.0,0.2828,0.1414,0.02,6.2,85500000.0
365222.0,"China, Hong Kong",2015.0,cn,7.02,36000000.0,5.0,3.0,1.0,Action,December,24.0,0.3031,0.0901,0.0081,7.02,157000000.0
314405.0,"United Kingdom, Italy, France",2015.0,it,6.417,12000000.0,5.0,3.0,1.0,Romance,May,14.0,0.2959,0.1115,0.0124,6.417,5500277.0
230179.0,"Finland, Germany, United Kingdom",2015.0,en,5.5,8500000.0,5.0,3.0,1.0,Action,March,19.0,0.2415,0.2042,0.0417,5.5,7500000.0
294016.0,United States of America,2015.0,en,7.164,15000000.0,5.0,1.0,1.0,Drama,October,27.0,0.2708,0.1633,0.0267,7.164,8235661.0
157843.0,"Morocco, United States of America",2015.0,en,5.9,15000000.0,5.0,3.0,1.0,Drama,September,3.0,0.2871,0.1326,0.0176,5.9,1592853.0
364111.0,Japan,2015.0,ja,7.613,0.0,5.0,4.0,1.0,Animation,September,19.0,0.2745,0.157,0.0247,7.613,8852989.0
331781.0,United Kingdom,2015.0,en,7.6,0.0,5.0,2.0,1.0,Documentary,July,2.0,0.2806,0.1459,0.0213,7.6,23706386.0
321697.0,"United Kingdom, United States of America",2015.0,en,6.8,30000000.0,5.0,2.0,1.0,Drama,October,9.0,0.2793,0.1483,0.022,6.8,34400000.0
309425.0,United States of America,2015.0,en,6.5,2300000.0,5.0,1.0,1.0,Drama,March,20.0,0.2846,0.1378,0.019,6.5,14410698.0
245698.0,United States of America,2015.0,en,6.7,19000000.0,5.0,2.0,1.0,Thriller,September,16.0,0.2992,0.1023,0.0105,6.7,5600000.0
10317.0,United States of America,2015.0,en,5.8,28000000.0,5.0,2.0,1.0,Comedy,September,11.0,0.2753,0.1556,0.0242,5.8,7002261.0
333348.0,United States of America,2015.0,en,6.0,17000000.0,5.0,3.0,1.0,Comedy,November,12.0,0.2818,0.1435,0.0206,6.0,42426912.0
293970.0,United States of America,2015.0,en,6.4,0.0,5.0,2.0,1.0,Comedy,October,9.0,0.303,0.0906,0.0082,6.4,4500000.0
291270.0,United States of America,2015.0,en,7.1,8000000.0,3.0,4.0,2.0,Animation,December,30.0,0.3051,0.0832,0.0069,7.1,5700000.0
250124.0,United States of America,2015.0,en,6.6,2000000.0,5.0,2.0,1.0,Drama,August,7.0,0.2424,0.2031,0.0412,6.6,1477002.0
308084.0,United States of America,2015.0,en,6.9,100000.0,5.0,2.0,1.0,Comedy,July,10.0,0.2942,0.1161,0.0135,6.9,925000.0
316042.0,Canada,2015.0,en,6.8,0.0,5.0,4.0,1.0,War,October,9.0,0.2739,0.1581,0.025,6.8,87768.0
334376.0,Japan,2015.0,ja,6.6,0.0,5.0,2.0,2.0,Science Fiction,June,20.0,0.2364,0.2101,0.0441,6.6,101203.0
334298.0,"China, Hong Kong",2015.0,zh,6.4,0.0,5.0,3.0,1.0,Comedy,July,16.0,0.2575,0.1835,0.0337,6.4,387053506.0
280996.0,"United Kingdom, United States of America",2015.0,en,6.5,11000000.0,5.0,4.0,1.0,Drama,June,19.0,0.275,0.1561,0.0244,6.5,29355203.0
300602.0,Spain,2015.0,es,6.1,14000000.0,5.0,4.0,1.0,Comedy,August,28.0,0.3118,0.0529,0.0028,6.1,8306690.0
245168.0,"France, United Kingdom",2015.0,en,7.234,14000000.0,5.0,2.0,1.0,Drama,October,16.0,0.2823,0.1426,0.0203,7.234,16002420.0
308032.0,United States of America,2015.0,en,6.9,0.0,5.0,3.0,1.0,Thriller,July,17.0,0.2556,0.1863,0.0347,6.9,643557.0
326425.0,"United Kingdom, United States of America",2015.0,en,4.5,0.0,5.0,2.0,1.0,Action,December,18.0,0.2975,0.1071,0.0115,4.5,16775.0
256962.0,"United States of America, Mexico",2015.0,en,7.2,20000000.0,5.0,3.0,1.0,Comedy,April,23.0,0.2697,0.1651,0.0273,7.2,6500000.0
228066.0,"United Kingdom, United States of America",2015.0,en,5.9,40000000.0,5.0,3.0,1.0,Drama,November,10.0,0.2781,0.1505,0.0227,5.9,34200000.0
315846.0,"France, Japan",2015.0,ja,7.6,0.0,5.0,1.0,1.0,Drama,June,13.0,0.2878,0.1311,0.0172,7.6,346485.0
309245.0,Brazil,2015.0,en,6.5,0.0,5.0,1.0,1.0,Comedy,August,14.0,0.2875,0.1317,0.0173,6.5,2500431.0
356300.0,Canada,2015.0,en,5.2,0.0,5.0,2.0,1.0,Drama,September,19.0,0.291,0.1237,0.0153,5.2,24532.0
283235.0,United States of America,2015.0,en,6.8,8000000.0,5.0,1.0,1.0,Drama,September,25.0,0.2941,0.1162,0.0135,6.8,1411927.0
304357.0,United Kingdom,2015.0,en,7.3,11000000.0,5.0,1.0,1.0,Drama,March,20.0,0.2534,0.1892,0.0358,7.3,61619773.0
243940.0,United States of America,2015.0,en,5.3,3300000.0,5.0,3.0,1.0,Horror,January,29.0,0.2863,0.1342,0.018,5.3,64110728.0
336050.0,"France, Hungary",2015.0,hu,7.144,1000000.0,5.0,3.0,1.0,War,June,11.0,0.2944,0.1155,0.0133,7.144,1777043.0
354251.0,United States of America,2015.0,en,5.9,0.0,5.0,4.0,7.0,Fantasy,September,17.0,0.2747,0.1567,0.0246,5.9,35000.0
271674.0,"Belgium, Canada, France",2015.0,en,7.3,15000000.0,5.0,3.0,1.0,Drama,March,12.0,0.3055,0.0817,0.0067,7.3,9104716.0
338729.0,South Korea,2015.0,ko,7.649,0.0,5.0,2.0,1.0,Fantasy,August,20.0,0.2967,0.1095,0.012,7.649,14301869.0
283587.0,"Brazil, United States of America",2015.0,en,7.6,6000000.0,5.0,2.0,1.0,Drama,September,11.0,0.2843,0.1385,0.0192,7.6,9077700.0
232572.0,United States of America,2015.0,en,6.094,8000000.0,5.0,3.0,1.0,Adventure,September,2.0,0.276,0.1544,0.0238,6.094,37461274.0
283227.0,"United Kingdom, United States of America",2015.0,en,6.31,0.0,5.0,2.0,1.0,Drama,March,26.0,0.2955,0.1126,0.0127,6.31,10084623.0
359171.0,Japan,2015.0,ja,7.3,0.0,5.0,1.0,1.0,Drama,December,12.0,0.2554,0.1865,0.0348,7.3,282.0
360551.0,South Korea,2015.0,ko,6.8,0.0,5.0,4.0,1.0,Mystery,November,5.0,0.2814,0.1442,0.0208,6.8,36900000.0
336808.0,"Argentina, Colombia, Venezuela",2015.0,es,7.7,1400000.0,5.0,2.0,1.0,Drama,May,25.0,0.2744,0.1572,0.0247,7.7,1320005.0
309242.0,United States of America,2015.0,en,6.0,0.0,5.0,2.0,2.0,Comedy,July,4.0,0.2981,0.1054,0.0111,6.0,130541.0
261392.0,"Switzerland, United States of America",2015.0,en,6.088,28000000.0,5.0,2.0,1.0,Action,August,19.0,0.2809,0.1452,0.0211,6.088,27100000.0
300693.0,"United Kingdom, United States of America",2015.0,en,6.549,9600000.0,5.0,1.0,1.0,Drama,October,16.0,0.2754,0.1554,0.0241,6.549,5383097.0
337876.0,India,2015.0,hi,6.9,11000000.0,5.0,2.0,1.0,Drama,May,1.0,0.2757,0.1549,0.024,6.9,41000000.0
314385.0,"United States of America, Malta",2015.0,en,5.5,10000000.0,5.0,2.0,1.0,Drama,November,12.0,0.268,0.1678,0.0282,5.5,3727746.0
335462.0,China,2015.0,zh,6.2,12000000.0,5.0,3.0,1.0,Action,April,2.0,0.2606,0.1791,0.0321,6.2,80000000.0
319337.0,Germany,2015.0,de,6.8,0.0,5.0,2.0,1.0,History,April,9.0,0.3027,0.0915,0.0084,6.8,147315.0
292040.0,United Kingdom,2015.0,en,6.0,0.0,5.0,2.0,1.0,Thriller,April,11.0,0.2813,0.1445,0.0209,6.0,1473809.0
223485.0,"Australia, New Zealand, United Kingdom",2015.0,en,6.697,2000000.0,5.0,3.0,1.0,Western,May,15.0,0.2867,0.1334,0.0178,6.697,1617522.0
330764.0,"Luxembourg, Belgium, France",2015.0,fr,6.662,8700000.0,5.0,2.0,1.0,Comedy,September,2.0,0.2838,0.1395,0.0194,6.662,15709652.0
252512.0,United States of America,2015.0,en,5.99,10000000.0,5.0,2.0,1.0,Comedy,April,3.0,0.2914,0.1227,0.0151,5.99,17287309.0
349498.0,Japan,2015.0,ja,7.385,0.0,5.0,2.0,1.0,Comedy,May,1.0,0.2701,0.1645,0.0271,7.385,23600000.0
348060.0,"France, United Kingdom",2015.0,fr,5.8,0.0,5.0,2.0,1.0,Action,August,19.0,0.277,0.1525,0.0233,5.8,3056677.0
239573.0,"Germany, United States of America",2015.0,en,5.5,35000000.0,5.0,1.0,1.0,Comedy,March,5.0,0.3018,0.0945,0.0089,5.5,14431253.0
348537.0,Spain,2015.0,es,5.5,4500000.0,5.0,3.0,1.0,Comedy,November,20.0,0.2634,0.175,0.0306,5.5,38482411.0
167810.0,United States of America,2015.0,en,5.745,2000000.0,5.0,3.0,1.0,Drama,April,8.0,0.3021,0.0935,0.0087,5.745,45431.0
350650.0,Japan,2015.0,ja,6.4,46597700.0,5.0,6.0,1.0,Comedy,March,7.0,0.3055,0.0818,0.0067,6.4,32700000.0
360055.0,United States of America,2015.0,en,5.659,0.0,5.0,1.0,1.0,Action,September,27.0,0.2867,0.1334,0.0178,5.659,124358.0
57876.0,United States of America,2015.0,en,4.9,5000000.0,5.0,3.0,1.0,Horror,May,15.0,0.2852,0.1365,0.0186,4.9,7556.0
374251.0,United Kingdom,2015.0,en,6.8,0.0,5.0,2.0,2.0,Animation,December,7.0,0.2855,0.1359,0.0185,6.8,1378503.0
362045.0,India,2015.0,hi,7.3,19500000.0,5.0,3.0,1.0,History,December,18.0,0.3074,0.0741,0.0055,7.3,56000000.0
243938.0,United States of America,2015.0,en,5.2,36000000.0,5.0,1.0,1.0,Comedy,February,20.0,0.294,0.1165,0.0136,5.2,64800000.0
324807.0,"France, Italy, United States of America",2015.0,en,6.2,0.0,5.0,3.0,1.0,Drama,November,26.0,0.2933,0.1181,0.014,6.2,7545758.0
349158.0,"Canada, United States of America",2015.0,en,7.302,0.0,5.0,3.0,1.0,Animation,October,24.0,0.2741,0.1578,0.0249,7.302,222840.0
271714.0,United States of America,2015.0,en,7.088,10000000.0,5.0,3.0,1.0,Drama,May,29.0,0.2874,0.132,0.0174,7.088,28600000.0
248574.0,United States of America,2015.0,en,5.7,15000000.0,5.0,4.0,1.0,Action,April,23.0,0.2472,0.1971,0.0389,5.7,933847.0
354072.0,"China, Hong Kong, Taiwan",2015.0,zh,7.3,2700000.0,5.0,2.0,1.0,Romance,August,13.0,0.2762,0.154,0.0237,7.3,82027760.0
357940.0,China,2015.0,zh,6.8,250000.0,5.0,3.0,1.0,Crime,December,18.0,0.2789,0.1491,0.0222,6.8,139191345.0
296523.0,United States of America,2015.0,en,6.0,0.0,5.0,3.0,1.0,Thriller,September,12.0,0.2912,0.1233,0.0152,6.0,167085.0
333596.0,United States of America,2015.0,en,6.9,12000000.0,5.0,1.0,2.0,Drama,October,15.0,0.3014,0.0956,0.0091,6.9,14394097.0
345235.0,China,2015.0,zh,5.2,0.0,5.0,1.0,1.0,Action,July,3.0,0.2793,0.1482,0.022,5.2,64455686.0
249688.0,United States of America,2015.0,en,7.0,0.0,5.0,1.0,1.0,Drama,July,31.0,0.288,0.1306,0.0171,7.0,3002884.0
331836.0,France,2015.0,fr,6.3,9458736.0,5.0,1.0,2.0,Comedy,December,2.0,0.3046,0.0851,0.0072,6.3,24563629.0
300155.0,"Belgium, Sweden, United Kingdom",2015.0,en,6.5,0.0,5.0,3.0,1.0,Comedy,May,14.0,0.2942,0.116,0.0135,6.5,4779170.0
304372.0,United States of America,2015.0,en,5.7,12000000.0,5.0,2.0,1.0,Drama,September,11.0,0.2402,0.2057,0.0423,5.7,60273173.0
349176.0,Japan,2015.0,ja,7.3,0.0,5.0,4.0,1.0,Action,March,21.0,0.2714,0.1623,0.0263,7.3,25000000.0
331190.0,United States of America,2015.0,en,5.709,2000000.0,5.0,3.0,1.0,Crime,September,17.0,0.3064,0.0782,0.0061,5.709,2801508.0
266396.0,"France, Spain, United Kingdom, United States of America",2015.0,en,5.74,40000000.0,5.0,3.0,1.0,Action,February,16.0,0.2593,0.181,0.0328,5.74,13644292.0
253450.0,"China, France, Hong Kong, Taiwan",2015.0,zh,6.4,15000000.0,5.0,3.0,1.0,Drama,August,27.0,0.2713,0.1625,0.0264,6.4,11991669.0
290751.0,"South Korea, Spain, United Kingdom, United States of America",2015.0,en,6.4,19500000.0,5.0,3.0,1.0,Thriller,October,14.0,0.2985,0.1044,0.0109,6.4,34854990.0
268238.0,"United Kingdom, United States of America",2015.0,en,6.423,10000000.0,5.0,2.0,1.0,Drama,February,26.0,0.2832,0.1406,0.0198,6.423,86000000.0
256924.0,United States of America,2015.0,en,6.8,10000000.0,5.0,3.0,1.0,Music,March,19.0,0.26,0.18,0.0324,6.8,10835752.0
193687.0,"Iceland, New Zealand, Switzerland, United States of America",2015.0,en,5.7,0.0,3.0,3.0,1.0,Drama,August,13.0,0.2556,0.1863,0.0347,5.7,121461.0
290762.0,United Kingdom,2015.0,en,7.4,0.0,5.0,2.0,1.0,Comedy,September,12.0,0.2668,0.1698,0.0288,7.4,8200000.0
299245.0,United States of America,2015.0,en,4.922,100000.0,5.0,2.0,2.0,Horror,July,9.0,0.2948,0.1144,0.0131,4.922,42964410.0
234212.0,"United Kingdom, United States of America",2015.0,en,5.3,3000000.0,5.0,2.0,1.0,Thriller,February,12.0,0.2917,0.1222,0.0149,5.3,3387000.0
321751.0,Spain,2015.0,en,6.7,0.0,5.0,3.0,1.0,Comedy,August,28.0,0.2517,0.1915,0.0367,6.7,1702433.0
320007.0,"France, Germany",2015.0,de,7.6,0.0,5.0,3.0,1.0,Crime,June,11.0,0.2335,0.2132,0.0455,7.6,3191971.0
245906.0,"Germany, United States of America",2015.0,en,5.9,0.0,5.0,2.0,1.0,Comedy,April,22.0,0.2846,0.1378,0.019,5.9,3118433.0
357400.0,Japan,2015.0,ja,6.7,0.0,5.0,7.0,1.0,Adventure,November,21.0,0.2762,0.154,0.0237,6.7,1928616.0
253344.0,"United Kingdom, United States of America",2015.0,en,5.656,0.0,5.0,2.0,1.0,Comedy,July,16.0,0.2744,0.1572,0.0247,5.656,2400000.0
301875.0,"Indonesia, United States of America",2015.0,en,6.119,16000000.0,5.0,3.0,1.0,Drama,July,15.0,0.2692,0.1659,0.0275,6.119,2084628.0
308638.0,"United Kingdom, United States of America",2015.0,en,4.87,447524.0,5.0,2.0,2.0,Comedy,May,8.0,0.2605,0.1793,0.0322,4.87,771317.0
311291.0,United Kingdom,2015.0,en,6.602,0.0,5.0,2.0,1.0,Drama,August,4.0,0.2749,0.1563,0.0244,6.602,4250507.0
328901.0,United States of America,2015.0,en,4.9,0.0,5.0,1.0,1.0,Drama,December,23.0,0.2971,0.1083,0.0117,4.9,2159380.0
308639.0,United States of America,2015.0,en,7.066,7000000.0,5.0,3.0,1.0,Crime,June,19.0,0.2629,0.1757,0.0309,7.066,17986781.0
253626.0,United States of America,2015.0,en,6.0,0.0,5.0,3.0,1.0,Drama,April,9.0,0.284,0.139,0.0193,6.0,316472.0
174751.0,"United Kingdom, United States of America",2015.0,en,5.8,25000000.0,5.0,3.0,1.0,Western,December,31.0,0.2502,0.1934,0.0374,5.8,3771345.0
283127.0,Japan,2015.0,ja,5.973,0.0,5.0,2.0,1.0,Action,May,21.0,0.2776,0.1515,0.023,5.973,12756.0
316873.0,Japan,2015.0,ja,6.1,0.0,5.0,4.0,1.0,Animation,April,18.0,0.2976,0.1068,0.0114,6.1,52920296.0
309304.0,United States of America,2015.0,en,6.461,600000.0,5.0,2.0,1.0,Comedy,June,4.0,0.2741,0.1576,0.0248,6.461,7200000.0
371236.0,Japan,2015.0,ja,7.0,0.0,5.0,3.0,1.0,Adventure,April,18.0,0.2977,0.1067,0.0114,7.0,33120366.0
306745.0,United States of America,2015.0,en,7.226,7000000.0,5.0,2.0,1.0,Romance,October,2.0,0.2622,0.1768,0.0313,7.226,573335.0
352161.0,"Argentina, Spain",2015.0,es,6.8,3500000.0,5.0,3.0,1.0,Drama,August,13.0,0.2887,0.1291,0.0167,6.8,20381995.0
328589.0,United Kingdom,2015.0,en,6.4,6000000.0,5.0,2.0,1.0,Comedy,October,30.0,0.2867,0.1334,0.0178,6.4,41387687.0
302528.0,"Canada, Germany, Mexico, South Africa",2015.0,en,7.3,0.0,5.0,3.0,1.0,Drama,October,23.0,0.2785,0.1498,0.0224,7.3,1986615.0
320048.0,United States of America,2015.0,en,5.2,500000.0,5.0,3.0,1.0,Drama,January,24.0,0.302,0.0939,0.0088,5.2,110834.0
341895.0,India,2015.0,ml,7.5,620000.0,5.0,2.0,1.0,Comedy,May,29.0,0.2842,0.1387,0.0192,7.5,1100000.0
326284.0,Canada,2015.0,en,5.619,7500000.0,5.0,1.0,1.0,Action,May,7.0,0.2934,0.1179,0.0139,5.619,163080.0
218784.0,United States of America,2015.0,en,6.1,0.0,5.0,3.0,1.0,Science Fiction,October,30.0,0.2837,0.1397,0.0195,6.1,70958.0
275601.0,United States of America,2015.0,en,5.786,18000000.0,5.0,3.0,1.0,Comedy,July,10.0,0.286,0.135,0.0182,5.786,41325328.0
266639.0,United States of America,2015.0,en,5.521,5000000.0,5.0,3.0,1.0,Music,October,22.0,0.2557,0.186,0.0346,5.521,2333684.0
86835.0,United States of America,2015.0,en,5.7,0.0,5.0,2.0,1.0,Drama,September,10.0,0.248,0.1962,0.0385,5.7,566006.0
296313.0,"Denmark, Germany, Sweden",2015.0,da,6.6,0.0,5.0,2.0,1.0,Comedy,February,5.0,0.2846,0.1378,0.019,6.6,4765472.0
309299.0,United States of America,2015.0,en,6.498,0.0,5.0,2.0,1.0,Drama,October,16.0,0.3007,0.0979,0.0096,6.498,224145.0
359790.0,United States of America,2015.0,en,5.261,8000000.0,5.0,2.0,1.0,Thriller,October,3.0,0.2819,0.1434,0.0206,5.261,16458.0
332340.0,United Kingdom,2015.0,en,6.589,0.0,5.0,2.0,1.0,Romance,May,29.0,0.2781,0.1506,0.0227,6.589,3000000.0
157827.0,"Denmark, France, Norway, United States of America",2015.0,en,6.5,11000000.0,5.0,1.0,1.0,Drama,October,1.0,0.2933,0.1182,0.014,6.5,1400000.0
301748.0,United States of America,2015.0,en,4.7,3300000.0,5.0,1.0,2.0,Comedy,January,22.0,0.2976,0.1069,0.0114,4.7,50206.0
310121.0,United States of America,2015.0,en,6.304,1000000.0,5.0,2.0,1.0,Drama,May,15.0,0.3082,0.0709,0.005,6.304,7449681.0
310133.0,United States of America,2015.0,en,5.938,800000.0,5.0,2.0,1.0,Crime,July,8.0,0.2795,0.148,0.0219,5.938,143658.0
252164.0,United Kingdom,2015.0,en,5.7,0.0,5.0,2.0,1.0,Drama,June,4.0,0.2936,0.1174,0.0138,5.7,228892.0
228968.0,"Belgium, United Kingdom, Netherlands",2015.0,en,6.0,0.0,5.0,5.0,1.0,Drama,March,12.0,0.2746,0.1569,0.0246,6.0,2633527.0
319373.0,"France, Germany, Japan",2015.0,ja,7.428,0.0,5.0,1.0,1.0,Drama,May,30.0,0.2749,0.1563,0.0244,7.428,124518.0
352173.0,India,2015.0,hi,7.7,4600000.0,5.0,3.0,1.0,Crime,July,30.0,0.2885,0.1296,0.0168,7.7,18000000.0
282984.0,United States of America,2015.0,en,6.5,11000000.0,5.0,2.0,1.0,Drama,July,17.0,0.2832,0.1407,0.0198,6.5,27391084.0
293413.0,South Korea,2015.0,ko,7.0,0.0,5.0,2.0,1.0,Crime,November,19.0,0.2524,0.1906,0.0363,7.0,62000000.0
347946.0,Japan,2015.0,ja,5.0,0.0,5.0,1.0,1.0,Horror,June,20.0,0.2654,0.1719,0.0296,5.0,5012513.0
329815.0,"Belgium, France",2015.0,fr,5.7,0.0,5.0,2.0,1.0,Drama,September,30.0,0.2722,0.1609,0.0259,5.7,39687.0
355065.0,Germany,2015.0,de,6.8,0.0,5.0,3.0,1.0,History,September,13.0,0.2907,0.1246,0.0155,6.8,148461.0
338065.0,India,2015.0,hi,6.8,13000000.0,5.0,3.0,1.0,Drama,June,4.0,0.2636,0.1746,0.0305,6.8,22000000.0
348892.0,India,2015.0,hi,7.8,13000000.0,5.0,3.0,1.0,Comedy,July,17.0,0.2804,0.1462,0.0214,7.8,150000000.0
319993.0,"Bulgaria, Czech Republic, Romania",2015.0,ro,7.4,1379375.0,5.0,2.0,1.0,Drama,March,6.0,0.2753,0.1557,0.0242,7.4,105097.0
310135.0,"New Zealand, Canada",2015.0,en,6.5,0.0,5.0,4.0,3.0,Action,August,14.0,0.2828,0.1414,0.02,6.5,67132.0
245706.0,United States of America,2015.0,en,6.3,0.0,5.0,3.0,1.0,Crime,April,17.0,0.2681,0.1677,0.0281,6.3,5261595.0
316002.0,United States of America,2015.0,en,4.283,26000000.0,5.0,2.0,1.0,Romance,February,10.0,0.2396,0.2064,0.0426,4.283,24487.0
340819.0,South Korea,2015.0,ko,6.5,0.0,5.0,3.0,1.0,Drama,May,7.0,0.2469,0.1976,0.039,6.5,1520000.0
331588.0,United States of America,2015.0,en,6.6,5000000.0,5.0,3.0,1.0,Comedy,October,5.0,0.2546,0.1876,0.0352,6.6,97798.0
283698.0,Italy,2015.0,en,6.557,0.0,5.0,1.0,1.0,Drama,January,15.0,0.2588,0.1818,0.033,6.557,534549.0
362682.0,China,2015.0,zh,6.921,0.0,5.0,2.0,2.0,Romance,September,30.0,0.3031,0.09,0.0081,6.921,228549747.0
329805.0,France,2015.0,fr,7.1,10600000.0,5.0,2.0,1.0,Drama,October,21.0,0.2948,0.1144,0.0131,7.1,8000000.0
332835.0,India,2015.0,hi,7.0,5500000.0,5.0,2.0,1.0,Comedy,May,8.0,0.2556,0.1862,0.0347,7.0,22159216.0
285024.0,"France, United States of America",2015.0,en,6.5,0.0,5.0,2.0,2.0,Drama,May,29.0,0.2957,0.1122,0.0126,6.5,84417.0
327528.0,"Canada, United Kingdom",2015.0,en,6.6,0.0,5.0,2.0,1.0,Drama,September,13.0,0.2883,0.13,0.0169,6.6,830129.0
334304.0,France,2015.0,fr,6.9,15100000.0,5.0,2.0,1.0,Adventure,December,8.0,0.3027,0.0914,0.0084,6.9,14526807.0
253414.0,"Morocco, United States of America",2015.0,en,5.4,15000000.0,5.0,3.0,1.0,Comedy,October,22.0,0.286,0.1348,0.0182,5.4,3020664.0
336790.0,"India, United States of America",2015.0,hi,5.5,0.0,5.0,1.0,1.0,Drama,June,19.0,0.2517,0.1915,0.0367,5.5,892000.0
246127.0,"Canada, Germany, Norway, Sweden",2015.0,en,5.4,12000000.0,5.0,1.0,1.0,Drama,April,2.0,0.2646,0.1732,0.03,5.4,554953.0
370665.0,India,2015.0,hi,6.6,26000000.0,5.0,3.0,1.0,Crime,December,18.0,0.3015,0.0952,0.0091,6.6,61000000.0
314402.0,France,2015.0,fr,6.8,0.0,5.0,2.0,1.0,Crime,August,26.0,0.2885,0.1296,0.0168,6.8,7704357.0
319995.0,Chile,2015.0,es,6.9,0.0,5.0,3.0,1.0,Drama,May,28.0,0.248,0.1962,0.0385,6.9,52761.0
336804.0,"France, Germany, Turkey",2015.0,tr,7.7,1300000.0,5.0,1.0,1.0,Drama,June,17.0,0.2814,0.1443,0.0208,7.7,5300000.0
320588.0,United States of America,2015.0,en,6.414,1000000.0,5.0,3.0,1.0,Comedy,November,27.0,0.2846,0.1378,0.019,6.414,14659448.0
347945.0,"Mexico, United States of America",2015.0,en,5.7,0.0,5.0,3.0,1.0,Thriller,July,22.0,0.2911,0.1236,0.0153,5.7,4505.0
267480.0,"Denmark, Finland, Indonesia, Norway, United Kingdom, United States of America",2015.0,en,7.8,0.0,5.0,2.0,1.0,History,July,17.0,0.3095,0.0648,0.0042,7.8,332710.0
300153.0,"Australia, Canada, Germany, United Kingdom, United States of America",2015.0,en,6.0,12000000.0,5.0,1.0,1.0,Drama,September,9.0,0.2886,0.1293,0.0167,6.0,1231606.0
258363.0,"France, Mexico, United States of America",2015.0,en,6.2,0.0,5.0,2.0,1.0,Thriller,April,12.0,0.2906,0.1248,0.0156,6.2,4924990.0
273899.0,United States of America,2015.0,en,6.1,13500000.0,5.0,2.0,1.0,Drama,September,18.0,0.2655,0.1718,0.0295,6.1,187674.0
378373.0,Austria,2015.0,en,7.2,0.0,4.0,3.0,2.0,Adventure,December,24.0,0.3017,0.0948,0.009,7.2,3685708.0
338928.0,"United Arab Emirates, United States of America",2015.0,en,6.7,0.0,5.0,1.0,1.0,Documentary,September,12.0,0.2959,0.1116,0.0125,6.7,2642899.0
375742.0,Poland,2015.0,pl,6.3,1300000.0,5.0,3.0,1.0,Horror,December,25.0,0.2183,0.2288,0.0524,6.3,102986.0
324308.0,United States of America,2015.0,en,6.5,0.0,5.0,1.0,1.0,Documentary,August,7.0,0.2689,0.1664,0.0277,6.5,494506.0
317952.0,United States of America,2015.0,en,7.2,0.0,5.0,2.0,1.0,Drama,July,3.0,0.2789,0.1491,0.0222,7.2,1145923.0
254905.0,United States of America,2015.0,en,5.411,4000000.0,5.0,1.0,1.0,Drama,June,3.0,0.2907,0.1246,0.0155,5.411,143101.0
330298.0,"Belgium, France",2015.0,fr,5.1,0.0,5.0,4.0,1.0,Thriller,August,5.0,0.2236,0.2236,0.05,5.1,339461.0
305638.0,"Czech Republic, Denmark, Iceland, Norway, Sweden",2015.0,da,5.8,7500000.0,5.0,3.0,1.0,Fantasy,March,26.0,0.2945,0.1152,0.0133,5.8,2348712.0
306964.0,United States of America,2015.0,en,5.751,0.0,5.0,2.0,11.0,Horror,October,16.0,0.2846,0.1378,0.019,5.751,416792.0
329712.0,France,2015.0,fr,6.576,0.0,5.0,1.0,1.0,Drama,March,16.0,0.2746,0.1569,0.0246,6.576,106498.0
358895.0,United States of America,2015.0,en,6.2,0.0,5.0,2.0,1.0,Drama,September,14.0,0.2592,0.1811,0.0328,6.2,30400.0
271736.0,"France, United Kingdom",2015.0,en,6.367,0.0,5.0,1.0,1.0,Drama,September,16.0,0.2861,0.1346,0.0181,6.367,3286448.0
245846.0,"Australia, France, Ireland, United States of America",2015.0,en,5.3,10000000.0,5.0,3.0,1.0,Drama,July,1.0,0.273,0.1597,0.0255,5.3,111107.0
207936.0,United States of America,2015.0,en,6.2,0.0,5.0,4.0,1.0,Music,April,18.0,0.2795,0.1479,0.0219,6.2,135026.0
348674.0,"Denmark, Turkey, France",2015.0,da,6.636,0.0,5.0,2.0,1.0,Drama,September,10.0,0.2945,0.1153,0.0133,6.636,1113277.0
298721.0,"United Kingdom, United States of America, France, Thailand, Germany, Malaysia, South Korea, Mexico, Norway",2015.0,th,5.9,980000.0,5.0,2.0,1.0,Drama,September,2.0,0.3021,0.0934,0.0087,5.9,89487.0
352208.0,United States of America,2015.0,en,7.195,0.0,4.0,1.0,1.0,Documentary,December,23.0,0.2885,0.1295,0.0168,7.195,3820195.0
336029.0,"Israel, United States of America",2015.0,he,5.7,4000000.0,5.0,1.0,1.0,Drama,September,3.0,0.2673,0.169,0.0286,5.7,572212.0
253161.0,"Belgium, Germany, United States of America",2015.0,en,5.7,0.0,5.0,1.0,1.0,Drama,June,4.0,0.2517,0.1915,0.0367,5.7,658532.0
341744.0,"Argentina, Spain",2015.0,es,7.016,0.0,5.0,2.0,1.0,Drama,September,24.0,0.2999,0.1004,0.0101,7.016,9027600.0
309302.0,"China, France, United States of America",2015.0,zh,6.5,38000000.0,5.0,2.0,1.0,Adventure,February,19.0,0.2919,0.1216,0.0148,6.5,123205624.0
360203.0,United States of America,2015.0,en,5.9,25000.0,5.0,4.0,1.0,Action,November,6.0,0.2949,0.1143,0.0131,5.9,25000.0
318279.0,"India, United States of America",2015.0,en,7.38,0.0,5.0,2.0,2.0,Adventure,January,25.0,0.2626,0.1761,0.031,7.38,2334228.0
308024.0,United States of America,2015.0,en,5.971,0.0,5.0,2.0,1.0,Mystery,June,19.0,0.2764,0.1537,0.0236,5.971,1100000.0
333377.0,United States of America,2015.0,en,7.7,0.0,1.0,1.0,3.0,Documentary,April,18.0,0.2978,0.1063,0.0113,7.7,44695.0
352157.0,"Belgium, France, Czech Republic",2015.0,fr,6.4,0.0,5.0,3.0,1.0,Comedy,September,16.0,0.2889,0.1287,0.0166,6.4,497323.0
354275.0,South Korea,2015.0,ko,7.0,0.0,5.0,3.0,1.0,Drama,September,24.0,0.2462,0.1985,0.0394,7.0,680728.0
341392.0,France,2015.0,fr,5.332,0.0,5.0,1.0,1.0,Comedy,September,3.0,0.2994,0.1017,0.0103,5.332,24134.0
338517.0,Russia,2015.0,ru,6.9,3300000.0,5.0,2.0,1.0,Drama,April,30.0,0.2554,0.1865,0.0348,6.9,5249225.0
337677.0,France,2015.0,fr,6.1,0.0,5.0,1.0,1.0,Comedy,July,8.0,0.2877,0.1312,0.0172,6.1,63802.0
366566.0,France,2015.0,fr,4.9,0.0,5.0,1.0,1.0,Comedy,December,23.0,0.2881,0.1304,0.017,4.9,7862364.0
351037.0,"Belgium, Netherlands",2015.0,nl,6.641,2200000.0,5.0,3.0,1.0,Crime,October,14.0,0.2829,0.1413,0.02,6.641,1366879.0
334394.0,"Turkey, United States of America",2015.0,tr,5.8,350000.0,5.0,2.0,1.0,Horror,December,31.0,0.2985,0.1044,0.0109,5.8,318155.0
338913.0,United Kingdom,2015.0,en,6.815,0.0,5.0,2.0,1.0,Comedy,March,27.0,0.2583,0.1824,0.0333,6.815,968534.0
336211.0,India,2015.0,hi,6.9,0.0,5.0,2.0,1.0,Comedy,May,22.0,0.2942,0.1161,0.0135,6.9,4180081.0
286519.0,United States of America,2015.0,en,6.8,0.0,5.0,2.0,1.0,Music,March,27.0,0.2898,0.1266,0.016,6.8,3765773.0
371492.0,France,2015.0,fr,7.792,0.0,5.0,1.0,2.0,Documentary,November,15.0,0.2828,0.1414,0.02,7.792,43471.0
307931.0,United States of America,2015.0,en,6.792,0.0,5.0,1.0,1.0,Documentary,June,12.0,0.3006,0.0981,0.0096,6.792,1301696.0
336313.0,United States of America,2015.0,en,5.2,0.0,5.0,4.0,2.0,Fantasy,October,2.0,0.2724,0.1606,0.0258,5.2,157768.0
356191.0,Poland,2015.0,pl,5.851,0.0,5.0,3.0,1.0,Drama,October,16.0,0.2333,0.2134,0.0456,5.851,104038.0
315439.0,South Korea,2015.0,ko,7.117,0.0,5.0,2.0,1.0,Drama,September,16.0,0.2687,0.1668,0.0278,7.117,42165755.0
339145.0,United States of America,2015.0,en,5.8,8245.0,5.0,1.0,1.0,Drama,June,13.0,0.2832,0.1406,0.0198,5.8,81379.0
315575.0,France,2015.0,fr,6.7,0.0,5.0,1.0,1.0,Drama,May,20.0,0.2566,0.1849,0.0342,6.7,269144.0
293644.0,"India, Mexico",2015.0,es,6.7,8000000.0,5.0,3.0,1.0,Comedy,October,30.0,0.2767,0.153,0.0234,6.7,4668442.0
325848.0,"Belgium, France",2015.0,fr,5.82,0.0,5.0,1.0,2.0,Comedy,April,29.0,0.2621,0.1769,0.0313,5.82,8540288.0
358962.0,Russia,2015.0,ru,5.3,1000000.0,5.0,1.0,1.0,Horror,September,10.0,0.2937,0.1173,0.0138,5.3,2228115.0
333623.0,Japan,2015.0,ja,7.7,3000000.0,5.0,3.0,1.0,Animation,June,13.0,0.276,0.1544,0.0238,7.7,21000000.0
325844.0,France,2015.0,fr,5.325,17000000.0,5.0,1.0,1.0,Comedy,July,1.0,0.2736,0.1586,0.0251,5.325,25364150.0
365961.0,"Austria, Germany",2015.0,de,5.558,7000000.0,5.0,3.0,1.0,Comedy,December,17.0,0.2647,0.1731,0.0299,5.558,8521017.0
325388.0,Russia,2015.0,ru,7.0,0.0,5.0,2.0,1.0,Romance,February,7.0,0.2761,0.1542,0.0238,7.0,173616.0
320295.0,India,2015.0,hi,6.7,5100000.0,5.0,3.0,1.0,Action,April,2.0,0.2845,0.1381,0.0191,6.7,5200000.0
295592.0,United States of America,2015.0,en,6.9,0.0,1.0,1.0,2.0,Documentary,April,16.0,0.2475,0.1968,0.0387,6.9,16661077.0
362136.0,India,2015.0,hi,5.4,23400000.0,5.0,3.0,1.0,Romance,November,11.0,0.2866,0.1337,0.0179,5.4,67000000.0
393821.0,Turkey,2015.0,tr,6.108,700000.0,5.0,1.0,1.0,Horror,September,11.0,0.2981,0.1055,0.0111,6.108,3853240.0
323020.0,France,2015.0,fr,5.297,14000000.0,5.0,1.0,1.0,Comedy,February,18.0,0.27,0.1646,0.0271,5.297,10846026.0
339751.0,"France, United States of America",2015.0,en,7.3,0.0,5.0,1.0,1.0,Documentary,September,4.0,0.2782,0.1504,0.0226,7.3,302459.0
318954.0,United States of America,2015.0,en,5.5,0.0,5.0,3.0,1.0,Action,April,6.0,0.2863,0.1343,0.018,5.5,1236094.0
387844.0,South Korea,2015.0,ko,5.7,2000.0,5.0,2.0,1.0,Romance,November,19.0,0.2585,0.1822,0.0332,5.7,8000.0
307946.0,United States of America,2015.0,en,6.2,495000.0,5.0,1.0,1.0,Drama,October,23.0,0.2495,0.1943,0.0378,6.2,63373.0
341420.0,India,2015.0,ta,7.2,240000.0,5.0,1.0,1.0,Horror,May,22.0,0.2626,0.1761,0.031,7.2,2000000.0
315335.0,Germany,2015.0,de,6.1,0.0,5.0,1.0,1.0,Comedy,January,15.0,0.2771,0.1523,0.0232,6.1,9127383.0
335832.0,China,2015.0,zh,7.8,0.0,5.0,3.0,2.0,Animation,January,30.0,0.2668,0.1698,0.0288,7.8,47581416.0
412869.0,Japan,2015.0,ja,7.5,0.0,5.0,5.0,2.0,Family,December,19.0,0.299,0.1028,0.0106,7.5,92950446.0
254472.0,"Germany, United States of America",2015.0,en,5.3,2500000.0,5.0,3.0,1.0,Horror,July,3.0,0.2694,0.1656,0.0274,5.3,71085.0
323517.0,India,2015.0,hi,6.9,3700000.0,5.0,4.0,1.0,Crime,February,20.0,0.3016,0.0949,0.009,6.9,11480000.0
362739.0,Egypt,2015.0,ar,7.2,1368070.0,5.0,3.0,1.0,Action,July,16.0,0.2889,0.1286,0.0165,7.2,1249176.0
359108.0,"Ireland, Cuba",2015.0,es,7.4,0.0,5.0,1.0,1.0,Drama,November,8.0,0.2268,0.2204,0.0486,7.4,48995.0
330112.0,United States of America,2015.0,en,6.2,0.0,5.0,3.0,1.0,Drama,April,19.0,0.3011,0.0966,0.0093,6.2,4631.0
294132.0,United States of America,2015.0,en,5.0,0.0,5.0,1.0,1.0,Comedy,May,29.0,0.2796,0.1478,0.0218,5.0,104507.0
314420.0,United States of America,2015.0,en,5.3,0.0,5.0,3.0,2.0,Drama,December,11.0,0.2621,0.177,0.0313,5.3,2634.0
289143.0,France,2015.0,fr,7.5,8027100.0,5.0,5.0,2.0,Animation,November,7.0,0.2294,0.2177,0.0474,7.5,624747.0
319091.0,"United States of America, France",2015.0,en,7.4,0.0,5.0,1.0,1.0,Documentary,February,27.0,0.2655,0.1718,0.0295,7.4,411115.0
333112.0,"Ireland, Germany, Austria",2015.0,de,5.5,0.0,5.0,3.0,1.0,Comedy,April,2.0,0.275,0.1561,0.0244,5.5,2097768.0
179150.0,"Belgium, France",2015.0,fr,7.1,0.0,5.0,1.0,1.0,Comedy,February,18.0,0.276,0.1544,0.0238,7.1,423619.0
271110.0,United States of America,2016.0,en,7.444,250000000.0,5.0,3.0,2.0,Adventure,April,27.0,0.2891,0.1282,0.0164,7.444,1155046416.0
348893.0,Bulgaria,2016.0,en,7.2,0.0,5.0,3.0,1.0,Action,August,1.0,0.2774,0.1519,0.0231,7.2,413334.0
396535.0,South Korea,2016.0,ko,7.751,8500000.0,5.0,4.0,1.0,Horror,July,20.0,0.289,0.1284,0.0165,7.751,87547518.0
293660.0,United States of America,2016.0,en,7.622,58000000.0,5.0,3.0,1.0,Action,February,9.0,0.2769,0.1528,0.0233,7.622,782837347.0
269149.0,United States of America,2016.0,en,7.7,150000000.0,5.0,4.0,2.0,Animation,February,11.0,0.2753,0.1556,0.0242,7.7,1023784195.0
296096.0,United States of America,2016.0,en,7.9,20000000.0,5.0,2.0,1.0,Drama,June,1.0,0.2668,0.1698,0.0288,7.9,207945075.0
372058.0,Japan,2016.0,ja,8.5,0.0,5.0,3.0,1.0,Animation,August,26.0,0.277,0.1525,0.0233,8.5,358000000.0
324786.0,"Australia, United Kingdom, United States of America, China",2016.0,en,8.195,40000000.0,5.0,3.0,1.0,Drama,October,7.0,0.2479,0.1963,0.0385,8.195,175302354.0
259693.0,United States of America,2016.0,en,7.289,40000000.0,5.0,1.0,1.0,Horror,June,8.0,0.2835,0.1402,0.0196,7.289,322811702.0
209112.0,United States of America,2016.0,en,6.0,250000000.0,5.0,3.0,1.0,Action,March,23.0,0.2957,0.1121,0.0126,6.0,874362803.0
343611.0,"China, United States of America",2016.0,en,5.994,60000000.0,5.0,2.0,1.0,Action,October,19.0,0.2559,0.1858,0.0345,5.994,162100000.0
290098.0,South Korea,2016.0,ko,8.2,8575000.0,5.0,3.0,1.0,Thriller,June,1.0,0.292,0.1214,0.0147,8.2,38600000.0
313369.0,United States of America,2016.0,en,7.9,30000000.0,5.0,4.0,1.0,Comedy,December,1.0,0.2901,0.1258,0.0158,7.9,447407695.0
335797.0,"Japan, United States of America",2016.0,en,7.112,75000000.0,5.0,4.0,1.0,Animation,November,23.0,0.2692,0.1659,0.0275,7.112,634151679.0
47933.0,United States of America,2016.0,en,5.332,165000000.0,5.0,3.0,1.0,Action,June,22.0,0.296,0.1112,0.0124,5.332,389681935.0
300671.0,"United States of America, Malta",2016.0,en,7.273,50000000.0,5.0,5.0,1.0,War,January,14.0,0.2905,0.1249,0.0156,7.273,69411370.0
302946.0,United States of America,2016.0,en,7.1,44000000.0,5.0,3.0,1.0,Crime,October,13.0,0.2914,0.1227,0.0151,7.1,155160045.0
246655.0,United States of America,2016.0,en,6.512,178000000.0,5.0,4.0,1.0,Action,May,18.0,0.2491,0.1948,0.0379,6.512,543934787.0
329865.0,United States of America,2016.0,en,7.609,47000000.0,5.0,3.0,1.0,Drama,November,10.0,0.2885,0.1296,0.0168,7.609,203388186.0
140300.0,"China, United States of America",2016.0,en,6.9,145000000.0,5.0,5.0,2.0,Action,January,23.0,0.2937,0.1172,0.0137,6.9,521170825.0
284052.0,United States of America,2016.0,en,7.4,180000000.0,5.0,3.0,1.0,Action,October,25.0,0.2605,0.1793,0.0322,7.4,676343174.0
278924.0,"France, United States of America, Thailand",2016.0,en,6.0,40000000.0,5.0,3.0,1.0,Action,August,25.0,0.2688,0.1666,0.0278,6.0,125729635.0
68735.0,"United States of America, China, Poland",2016.0,en,6.38,160000000.0,5.0,3.0,1.0,Action,May,25.0,0.2907,0.1245,0.0155,6.38,433677183.0
381284.0,United States of America,2016.0,en,8.056,25000000.0,5.0,2.0,1.0,Drama,December,10.0,0.1964,0.2478,0.0614,8.056,235957472.0
258230.0,"Spain, United States of America",2016.0,en,7.3,43000000.0,5.0,3.0,1.0,Fantasy,October,7.0,0.2592,0.1811,0.0328,7.3,47300000.0
397243.0,"United Kingdom, United States of America",2016.0,en,6.808,4000000.0,5.0,2.0,1.0,Horror,December,21.0,0.2888,0.1288,0.0166,6.808,6170043.0
278927.0,"United Kingdom, United States of America",2016.0,en,6.865,175000000.0,5.0,4.0,1.0,Family,April,7.0,0.2903,0.1255,0.0158,6.865,966550600.0
259316.0,"United Kingdom, United States of America",2016.0,en,7.317,180000000.0,5.0,2.0,1.0,Fantasy,November,16.0,0.2964,0.1101,0.0121,7.317,809342332.0
310131.0,"Brazil, Canada, United Kingdom, United States of America",2016.0,en,6.978,4000000.0,5.0,3.0,1.0,Horror,February,19.0,0.2904,0.1251,0.0157,6.978,40423945.0
311324.0,"China, Japan, United States of America",2016.0,en,6.0,150000000.0,5.0,3.0,1.0,Action,December,16.0,0.2877,0.1313,0.0172,6.0,331957105.0
378064.0,Japan,2016.0,ja,8.4,0.0,5.0,3.0,1.0,Animation,September,17.0,0.3014,0.0957,0.0092,8.4,30819442.0
330459.0,United States of America,2016.0,en,7.493,200000000.0,5.0,3.0,1.0,Action,December,14.0,0.2475,0.1969,0.0387,7.493,1056057273.0
302699.0,United States of America,2016.0,en,6.416,50000000.0,5.0,2.0,1.0,Action,June,16.0,0.2331,0.2137,0.0457,6.416,216972543.0
136799.0,United States of America,2016.0,en,6.6,125000000.0,5.0,6.0,1.0,Family,October,13.0,0.285,0.1371,0.0188,6.6,347337803.0
205584.0,"Australia, Hong Kong, United States of America",2016.0,en,5.7,140000000.0,5.0,3.0,1.0,Action,February,25.0,0.2877,0.1312,0.0172,5.7,150680864.0
290250.0,United States of America,2016.0,en,7.1,50000000.0,5.0,3.0,1.0,Comedy,May,15.0,0.2883,0.1299,0.0169,7.1,71261763.0
43074.0,United States of America,2016.0,en,5.347,144000000.0,5.0,3.0,1.0,Action,July,14.0,0.2828,0.1414,0.02,5.347,229147509.0
278154.0,United States of America,2016.0,en,6.1,105000000.0,5.0,5.0,1.0,Adventure,June,23.0,0.254,0.1884,0.0355,6.1,408579038.0
333484.0,United States of America,2016.0,en,6.46,90000000.0,5.0,3.0,1.0,Adventure,September,14.0,0.2898,0.1265,0.016,6.46,162400000.0
95610.0,"France, United Kingdom",2016.0,en,6.4,35000000.0,5.0,3.0,1.0,Drama,September,14.0,0.2813,0.1445,0.0209,6.4,211952420.0
308531.0,United States of America,2016.0,en,6.0,135000000.0,5.0,5.0,1.0,Action,June,1.0,0.2475,0.1969,0.0387,6.0,245623848.0
267935.0,"India, United Kingdom, United States of America",2016.0,en,6.276,140000000.0,5.0,3.0,1.0,Adventure,June,1.0,0.2929,0.1193,0.0142,6.276,195243411.0
283366.0,United States of America,2016.0,en,6.8,110000000.0,5.0,2.0,1.0,Fantasy,September,27.0,0.2672,0.1691,0.0286,6.8,296482446.0
291805.0,"Hong Kong, United States of America",2016.0,en,6.825,120000000.0,5.0,4.0,1.0,Crime,June,2.0,0.2807,0.1457,0.0212,6.825,334897606.0
346672.0,United States of America,2016.0,en,5.9,35000000.0,5.0,3.0,1.0,Fantasy,November,24.0,0.299,0.1029,0.0106,5.9,81093313.0
127380.0,United States of America,2016.0,en,7.038,200000000.0,5.0,4.0,1.0,Adventure,June,16.0,0.2791,0.1488,0.0221,7.038,1028600000.0
324668.0,"China, United States of America",2016.0,en,6.361,120000000.0,5.0,2.0,1.0,Action,July,27.0,0.2939,0.1166,0.0136,6.361,415484914.0
188927.0,United States of America,2016.0,en,6.8,185000000.0,5.0,3.0,1.0,Action,July,7.0,0.2357,0.2108,0.0444,6.8,343471816.0
316727.0,"France, Japan, United States of America",2016.0,en,6.4,10000000.0,5.0,3.0,1.0,Action,June,29.0,0.283,0.1411,0.0199,6.4,118587880.0
340666.0,"United States of America, China",2016.0,en,7.4,22500000.0,5.0,2.0,1.0,Drama,November,4.0,0.2629,0.1757,0.0309,7.4,29300000.0
376867.0,United States of America,2016.0,en,7.4,4000000.0,5.0,1.0,1.0,Drama,October,21.0,0.3028,0.0911,0.0083,7.4,65046687.0
241259.0,"United Kingdom, United States of America",2016.0,en,6.559,170000000.0,5.0,3.0,1.0,Adventure,May,25.0,0.2658,0.1713,0.0293,6.559,299457024.0
153518.0,Finland,2016.0,en,6.2,73000000.0,5.0,4.0,2.0,Animation,May,11.0,0.3,0.1,0.01,6.2,349779543.0
299687.0,United States of America,2016.0,en,5.9,38000000.0,5.0,3.0,1.0,Science Fiction,January,14.0,0.2449,0.2,0.04,5.9,109906372.0
363676.0,United States of America,2016.0,en,7.196,60000000.0,5.0,2.0,1.0,Drama,September,7.0,0.2729,0.1597,0.0255,7.196,240800000.0
297761.0,United States of America,2016.0,en,5.918,175000000.0,5.0,3.0,1.0,Action,August,3.0,0.2863,0.1342,0.018,5.918,749200054.0
375794.0,Mexico,2016.0,es,7.67,5000000.0,5.0,1.0,1.0,Comedy,September,2.0,0.2746,0.1569,0.0246,7.67,23500000.0
356305.0,United States of America,2016.0,en,6.4,38000000.0,5.0,1.0,1.0,Comedy,December,22.0,0.2525,0.1904,0.0363,6.4,118102725.0
262504.0,United States of America,2016.0,en,6.101,110000000.0,5.0,4.0,1.0,Adventure,March,9.0,0.303,0.0904,0.0082,6.101,179246868.0
293670.0,"South Korea, United States of America",2016.0,ko,7.4,10951000.0,5.0,2.0,1.0,Horror,May,12.0,0.3,0.1,0.01,7.4,49851770.0
313297.0,United States of America,2016.0,en,7.633,60000000.0,5.0,3.0,1.0,Animation,August,18.0,0.3037,0.0882,0.0078,7.633,76249438.0
277834.0,United States of America,2016.0,en,7.566,150000000.0,5.0,4.0,2.0,Adventure,October,13.0,0.276,0.1543,0.0238,7.566,690860472.0
333371.0,United States of America,2016.0,en,6.991,15000000.0,5.0,4.0,1.0,Thriller,March,10.0,0.3052,0.0829,0.0069,6.991,110216998.0
274870.0,United States of America,2016.0,en,6.95,110000000.0,5.0,3.0,1.0,Drama,December,21.0,0.2843,0.1385,0.0192,6.95,303144152.0
267860.0,"Bulgaria, United States of America",2016.0,en,6.21,60000000.0,5.0,2.0,1.0,Action,March,2.0,0.2853,0.1364,0.0186,6.21,205754447.0
300669.0,United States of America,2016.0,en,7.0,9900000.0,5.0,2.0,1.0,Horror,June,8.0,0.3022,0.0932,0.0087,7.0,158906350.0
290595.0,"China, United States of America",2016.0,en,6.3,115000000.0,5.0,3.0,1.0,Action,April,6.0,0.2773,0.1521,0.0231,6.3,164989338.0
334541.0,United States of America,2016.0,en,7.547,9000000.0,5.0,1.0,1.0,Drama,November,17.0,0.2602,0.1797,0.0323,7.547,79000000.0
308266.0,United States of America,2016.0,en,6.923,50000000.0,5.0,3.0,1.0,Comedy,August,18.0,0.2753,0.1556,0.0242,6.923,86234523.0
310307.0,"Greece, United States of America",2016.0,en,7.13,15000000.0,5.0,2.0,1.0,Drama,November,24.0,0.2117,0.2349,0.0552,7.13,24121245.0
223702.0,"Canada, United States of America",2016.0,en,5.7,19000000.0,5.0,4.0,2.0,Adventure,July,11.0,0.2424,0.203,0.0412,5.7,140705322.0
121856.0,"France, United Kingdom, United States of America",2016.0,en,5.4,125000000.0,5.0,3.0,1.0,Action,December,21.0,0.2986,0.104,0.0108,5.4,240700000.0
332567.0,"Australia, Spain, United States of America",2016.0,en,6.346,17000000.0,5.0,3.0,1.0,Horror,June,24.0,0.2944,0.1154,0.0133,6.346,119100758.0
334533.0,United States of America,2016.0,en,7.9,5000000.0,5.0,2.0,1.0,Adventure,July,8.0,0.2889,0.1287,0.0166,7.9,23123592.0
321258.0,United States of America,2016.0,en,6.0,10000000.0,5.0,3.0,1.0,Horror,January,22.0,0.2951,0.1137,0.0129,6.0,73929392.0
346685.0,"India, United States of America",2016.0,en,6.4,45000000.0,5.0,4.0,1.0,Thriller,October,5.0,0.2874,0.132,0.0174,6.4,173200000.0
258489.0,"Canada, United Kingdom, United States of America",2016.0,en,5.9,180000000.0,5.0,3.0,1.0,Fantasy,June,29.0,0.2862,0.1345,0.0181,5.9,356743061.0
316152.0,"China, South Korea, United States of America",2016.0,en,6.8,50000000.0,5.0,4.0,1.0,Action,June,24.0,0.2592,0.1811,0.0328,6.8,25035950.0
408270.0,Japan,2016.0,ja,5.7,0.0,5.0,2.0,1.0,Drama,December,17.0,0.2898,0.1265,0.016,5.7,268.0
296524.0,"Hong Kong, United States of America",2016.0,en,6.877,110000000.0,5.0,2.0,1.0,Drama,September,28.0,0.2887,0.1291,0.0167,6.877,121790376.0
381890.0,"China, Hong Kong",2016.0,zh,6.556,60720000.0,5.0,3.0,1.0,Comedy,February,8.0,0.2911,0.1235,0.0152,6.556,553810228.0
342473.0,"Canada, France",2016.0,en,7.2,30000000.0,5.0,4.0,2.0,Animation,December,14.0,0.2546,0.1876,0.0352,7.2,109573511.0
345911.0,United States of America,2016.0,en,6.4,4900000.0,5.0,1.0,1.0,Horror,July,21.0,0.2987,0.1037,0.0108,6.4,149368835.0
271969.0,United States of America,2016.0,en,5.746,100000000.0,5.0,4.0,1.0,Action,August,17.0,0.2862,0.1345,0.0181,5.746,94061311.0
334543.0,"Australia, United Kingdom, United States of America",2016.0,en,8.1,12000000.0,5.0,1.0,1.0,Drama,November,24.0,0.2891,0.1282,0.0164,8.1,140312928.0
339984.0,United States of America,2016.0,en,7.4,16000000.0,5.0,2.0,1.0,Family,March,17.0,0.2837,0.1397,0.0195,7.4,74000000.0
315011.0,Japan,2016.0,ja,7.2,15000000.0,5.0,3.0,2.0,Action,July,29.0,0.2969,0.1088,0.0118,7.2,78053145.0
291870.0,United States of America,2016.0,en,5.927,11500000.0,5.0,1.0,1.0,Comedy,January,20.0,0.2305,0.2165,0.0469,5.927,94100000.0
58431.0,"United Kingdom, United States of America",2016.0,en,6.2,28000000.0,5.0,4.0,1.0,Romance,February,4.0,0.2868,0.1332,0.0178,6.2,16457494.0
323675.0,United States of America,2016.0,en,6.255,40000000.0,5.0,2.0,1.0,Action,January,14.0,0.2858,0.1354,0.0183,6.255,124827316.0
294272.0,United States of America,2016.0,en,6.4,65000000.0,5.0,3.0,1.0,Adventure,August,10.0,0.2692,0.1659,0.0275,6.4,143695338.0
372519.0,"Brazil, Morocco",2016.0,pt,7.2,39307171.0,5.0,1.0,1.0,Drama,January,28.0,0.284,0.139,0.0193,7.2,37070177.0
306947.0,United States of America,2016.0,en,6.43,1000000.0,5.0,2.0,1.0,Thriller,April,8.0,0.2849,0.1372,0.0188,6.43,354835.0
207932.0,United States of America,2016.0,en,6.075,75000000.0,5.0,3.0,1.0,Mystery,October,13.0,0.2921,0.1211,0.0147,6.075,220021259.0
345920.0,United States of America,2016.0,en,7.2,36000000.0,5.0,2.0,1.0,Drama,December,15.0,0.2866,0.1337,0.0179,7.2,88528280.0
393519.0,"Belgium, France, United States of America",2016.0,fr,7.056,3500000.0,5.0,2.0,1.0,Drama,November,11.0,0.2615,0.1778,0.0316,7.056,4100000.0
259694.0,United States of America,2016.0,en,6.3,38000000.0,5.0,2.0,1.0,Comedy,February,8.0,0.2796,0.1477,0.0218,6.3,112343513.0
336011.0,United States of America,2016.0,en,5.7,700000.0,5.0,1.0,1.0,Drama,September,2.0,0.2733,0.1591,0.0253,5.7,200242.0
146198.0,United States of America,2016.0,en,5.98,20000000.0,5.0,4.0,1.0,Action,February,19.0,0.2728,0.1599,0.0256,5.98,12600000.0
369885.0,"China, United States of America, United Kingdom",2016.0,en,6.794,106000000.0,5.0,5.0,1.0,Action,February,12.0,0.2812,0.1447,0.0209,6.794,119520023.0
388399.0,"Hong Kong, United States of America",2016.0,en,7.055,45000000.0,5.0,5.0,1.0,Action,December,12.0,0.286,0.1348,0.0182,7.055,50548152.0
168098.0,United States of America,2016.0,en,4.7,0.0,5.0,3.0,1.0,Horror,July,6.0,0.2692,0.1659,0.0275,4.7,1133031.0
335796.0,United States of America,2016.0,en,6.132,9000000.0,5.0,1.0,1.0,Horror,October,20.0,0.2722,0.161,0.0259,6.132,81700000.0
267193.0,"United Kingdom, United States of America",2016.0,en,5.95,35000000.0,5.0,2.0,1.0,Action,February,24.0,0.2712,0.1627,0.0265,5.95,28000000.0
371645.0,"New Zealand, United Kingdom",2016.0,en,7.655,2500000.0,5.0,3.0,1.0,Adventure,March,31.0,0.2878,0.1311,0.0172,7.655,23900000.0
332210.0,United States of America,2016.0,en,6.7,70000000.0,5.0,4.0,2.0,Adventure,September,22.0,0.2251,0.2221,0.0493,6.7,182379278.0
68730.0,"Mexico, Taiwan, United States of America",2016.0,en,7.1,46000000.0,5.0,2.0,1.0,Drama,December,23.0,0.2507,0.1928,0.0372,7.1,23834809.0
409502.0,United States of America,2016.0,en,7.2,1500000.0,5.0,1.0,1.0,Drama,October,21.0,0.3042,0.0862,0.0074,7.2,2082980.0
396263.0,Japan,2016.0,ja,7.305,0.0,5.0,3.0,2.0,Science Fiction,October,14.0,0.2741,0.1576,0.0248,7.305,2238600.0
303858.0,United States of America,2016.0,en,6.435,27000000.0,5.0,6.0,1.0,Thriller,May,12.0,0.2191,0.228,0.052,6.435,93282604.0
376660.0,United States of America,2016.0,en,7.2,9000000.0,5.0,2.0,1.0,Comedy,November,18.0,0.2255,0.2217,0.0492,7.2,18803648.0
382190.0,Japan,2016.0,ja,6.8,0.0,5.0,5.0,1.0,Family,July,16.0,0.3054,0.082,0.0067,6.8,19727392.0
338766.0,United States of America,2016.0,en,7.3,12000000.0,5.0,3.0,1.0,Western,August,11.0,0.2848,0.1375,0.0189,7.3,37600000.0
293767.0,"China, United Kingdom, United States of America",2016.0,en,6.028,40000000.0,5.0,2.0,1.0,Drama,November,10.0,0.2945,0.1152,0.0133,6.028,30930984.0
351819.0,United States of America,2016.0,en,4.9,20000000.0,5.0,2.0,1.0,Romance,January,28.0,0.2699,0.1648,0.0271,4.9,21164799.0
345009.0,"Italy, Spain, United States of America",2016.0,en,6.6,0.0,5.0,2.0,2.0,War,October,6.0,0.2458,0.1989,0.0396,6.6,1600000.0
360814.0,"India, United States of America",2016.0,hi,7.9,10400000.0,5.0,3.0,1.0,Drama,December,21.0,0.2646,0.1732,0.03,7.9,311000000.0
322240.0,"China, France",2016.0,en,5.8,30000000.0,5.0,3.0,1.0,Fantasy,August,3.0,0.24,0.2059,0.0424,5.8,57814445.0
525686.0,Bolivia,2016.0,es,6.8,15000.0,5.0,2.0,1.0,Comedy,July,20.0,0.2363,0.2102,0.0442,6.8,35749.0
369557.0,"Ireland, United Kingdom, United States of America",2016.0,en,7.9,4000000.0,5.0,3.0,1.0,Romance,March,11.0,0.2064,0.2396,0.0574,7.9,13624522.0
319888.0,"Germany, United Kingdom, United States of America",2016.0,en,7.2,23000000.0,5.0,4.0,1.0,Comedy,February,25.0,0.2777,0.1512,0.0229,7.2,46152411.0
351211.0,"Canada, United States of America",2016.0,en,5.219,5000000.0,5.0,2.0,1.0,Thriller,September,15.0,0.2942,0.116,0.0135,5.219,45172994.0
393457.0,"Canada, United States of America",2016.0,en,6.9,24000000.0,5.0,1.0,1.0,Drama,December,16.0,0.2801,0.1467,0.0215,6.9,64400000.0
301365.0,"Denmark, France, United States of America",2016.0,en,6.5,7000000.0,5.0,2.0,1.0,Thriller,May,31.0,0.2772,0.1523,0.0232,6.5,3400000.0
337703.0,"Belgium, France, Japan",2016.0,fr,7.5,0.0,4.0,4.0,1.0,Animation,March,27.0,0.2667,0.17,0.0289,7.5,921974.0
381341.0,Italy,2016.0,it,7.9,0.0,5.0,2.0,1.0,Comedy,February,11.0,0.3,0.1,0.01,7.9,32207491.0
341006.0,United States of America,2016.0,en,6.1,5000000.0,5.0,2.0,1.0,Horror,March,17.0,0.2762,0.154,0.0237,6.1,10166820.0
329833.0,United States of America,2016.0,en,4.9,50000000.0,5.0,3.0,1.0,Comedy,February,6.0,0.1826,0.2582,0.0667,4.9,56722693.0
353326.0,"United Kingdom, United States of America",2016.0,en,7.2,0.0,5.0,2.0,1.0,Drama,April,8.0,0.297,0.1086,0.0118,7.2,11472454.0
408355.0,"United States of America, China",2016.0,zh,7.6,0.0,5.0,3.0,2.0,Fantasy,July,31.0,0.253,0.1897,0.036,7.6,3916195.0
340945.0,United States of America,2016.0,en,5.882,40000000.0,5.0,2.0,1.0,Action,September,22.0,0.2341,0.2126,0.0452,5.882,2158568.0
303991.0,United States of America,2016.0,en,6.8,10000000.0,5.0,2.0,1.0,Comedy,April,6.0,0.2646,0.1732,0.03,6.8,4366460.0
348668.0,"Denmark, Germany, Norway, Sweden",2016.0,da,7.0,5210000.0,5.0,4.0,1.0,Crime,March,3.0,0.2958,0.1118,0.0125,7.0,9700000.0
270774.0,"China, Hong Kong, United States of America",2016.0,en,5.7,32000000.0,5.0,4.0,1.0,Action,July,21.0,0.2514,0.1918,0.0368,5.7,58500000.0
335778.0,United States of America,2016.0,en,6.179,20000000.0,5.0,4.0,1.0,Action,February,18.0,0.2687,0.1668,0.0278,6.179,46100000.0
323677.0,"Canada, Germany",2016.0,en,7.244,5000000.0,5.0,2.0,1.0,Drama,February,19.0,0.3003,0.099,0.0098,7.244,24804129.0
390497.0,South Korea,2016.0,ko,7.3,1000000.0,5.0,2.0,1.0,Thriller,August,10.0,0.2952,0.1134,0.0129,7.3,52444295.0
328387.0,"Hong Kong, United States of America",2016.0,en,7.0,19000000.0,5.0,3.0,2.0,Mystery,June,27.0,0.2294,0.2176,0.0474,7.0,85241496.0
300673.0,United States of America,2016.0,en,6.6,80000000.0,5.0,4.0,1.0,Action,January,27.0,0.2654,0.1719,0.0296,6.6,52099090.0
234004.0,"Canada, Hong Kong, United States of America",2016.0,en,5.8,20000000.0,5.0,4.0,2.0,Action,April,13.0,0.2649,0.1727,0.0298,5.8,8800000.0
263341.0,China,2016.0,en,6.111,20000000.0,5.0,3.0,1.0,Action,February,18.0,0.2894,0.1274,0.0162,6.111,38659039.0
262841.0,United States of America,2016.0,en,6.1,125000000.0,5.0,3.0,1.0,Action,December,21.0,0.2848,0.1374,0.0189,6.1,64493915.0
325133.0,United States of America,2016.0,en,5.8,35000000.0,5.0,1.0,1.0,Comedy,May,4.0,0.2749,0.1563,0.0244,5.8,108007109.0
413052.0,"Canada, Kazakhstan, Hong Kong, Thailand, United States of America",2016.0,en,6.3,2000000.0,5.0,3.0,1.0,Crime,September,15.0,0.261,0.1785,0.0319,6.3,11239.0
328111.0,United States of America,2016.0,en,6.289,75000000.0,5.0,4.0,1.0,Adventure,June,18.0,0.2333,0.2134,0.0456,6.289,875457937.0
376290.0,"France, United States of America",2016.0,en,7.4,13000000.0,5.0,2.0,1.0,Drama,November,25.0,0.2976,0.1069,0.0114,7.4,9101546.0
374205.0,Japan,2016.0,ja,7.2,0.0,5.0,4.0,1.0,Action,July,23.0,0.2974,0.1074,0.0115,7.2,66207073.0
390734.0,"Japan, United States of America",2016.0,ja,6.7,0.0,5.0,3.0,1.0,Animation,July,9.0,0.2888,0.1288,0.0166,6.7,269980.0
378108.0,Japan,2016.0,ja,7.901,0.0,5.0,5.0,1.0,Drama,November,12.0,0.2558,0.1859,0.0345,7.901,19496308.0
271706.0,"China, South Korea",2016.0,zh,7.4,4531653.0,5.0,3.0,2.0,Animation,July,8.0,0.29,0.1261,0.0159,7.4,84552250.0
376659.0,"United States of America, China",2016.0,en,6.5,20000000.0,5.0,1.0,2.0,Comedy,July,28.0,0.2954,0.1128,0.0127,6.5,183936074.0
381902.0,"Hong Kong, China",2016.0,zh,5.9,68490000.0,5.0,3.0,1.0,Action,January,22.0,0.3024,0.0924,0.0085,5.9,193677158.0
404378.0,"United Kingdom, United States of America",2016.0,en,7.912,8000000.0,5.0,2.0,1.0,Family,November,4.0,0.2734,0.1589,0.0253,7.912,17900000.0
399173.0,"France, United States of America",2016.0,en,5.5,5000000.0,5.0,3.0,1.0,Action,June,8.0,0.253,0.1897,0.036,5.5,388789.0
333669.0,"France, United Kingdom, United States of America",2016.0,en,6.3,20000000.0,5.0,1.0,1.0,Action,April,22.0,0.2622,0.1767,0.0312,6.3,14397593.0
302401.0,"France, Germany, United States of America",2016.0,en,7.104,40000000.0,5.0,4.0,1.0,Drama,September,15.0,0.2959,0.1115,0.0124,7.104,37357216.0
270487.0,"United Kingdom, United States of America",2016.0,en,5.923,22000000.0,5.0,3.0,2.0,Comedy,February,5.0,0.2324,0.2145,0.046,5.923,63647656.0
357786.0,Japan,2016.0,ja,7.7,0.0,5.0,5.0,1.0,Animation,January,8.0,0.2655,0.1718,0.0295,7.7,6319100.0
245703.0,"Greece, United States of America",2016.0,en,6.2,18000000.0,5.0,3.0,1.0,Adventure,February,18.0,0.2942,0.1159,0.0134,6.2,7112282.0
302156.0,"Bulgaria, France, United Kingdom, United States of America",2016.0,en,6.205,31500000.0,5.0,3.0,1.0,Action,April,7.0,0.2309,0.216,0.0467,6.205,14708696.0
241258.0,United States of America,2016.0,en,5.4,5000000.0,5.0,2.0,1.0,Horror,December,1.0,0.2513,0.192,0.0369,5.4,6341855.0
374052.0,United States of America,2016.0,en,6.4,0.0,5.0,3.0,1.0,Horror,November,11.0,0.2286,0.2185,0.0477,6.4,228894.0
351339.0,"Czech Republic, France, United States of America, United Kingdom",2016.0,en,7.136,0.0,5.0,3.0,1.0,History,August,12.0,0.3003,0.099,0.0098,7.136,4600000.0
309886.0,"United States of America, France",2016.0,en,6.2,13000000.0,5.0,3.0,1.0,Action,August,11.0,0.2821,0.1429,0.0204,6.2,6903033.0
286567.0,"United Kingdom, United States of America",2016.0,en,5.6,10000000.0,5.0,3.0,1.0,Action,October,14.0,0.2669,0.1695,0.0287,5.6,6272403.0
372751.0,Japan,2016.0,ja,6.1,0.0,5.0,3.0,1.0,Action,February,6.0,0.2818,0.1436,0.0206,6.1,369062.0
359784.0,"Ireland, Canada",2016.0,en,7.7,0.0,5.0,2.0,1.0,Drama,June,16.0,0.2895,0.1273,0.0162,7.7,6170998.0
329440.0,United States of America,2016.0,en,5.224,10000000.0,5.0,3.0,1.0,Horror,January,7.0,0.3052,0.0827,0.0068,5.224,37608299.0
317557.0,United States of America,2016.0,en,7.2,15000000.0,5.0,1.0,1.0,Drama,September,23.0,0.2475,0.1968,0.0387,7.2,10367161.0
347126.0,United States of America,2016.0,en,6.1,5000000.0,5.0,1.0,1.0,Drama,April,1.0,0.1961,0.2481,0.0615,6.1,24487848.0
245913.0,United States of America,2016.0,en,7.4,0.0,5.0,1.0,2.0,Drama,May,6.0,0.2811,0.1448,0.021,7.4,27312.0
313922.0,United States of America,2016.0,en,6.721,5000000.0,5.0,3.0,1.0,Horror,April,15.0,0.2209,0.2263,0.0512,6.721,3800000.0
382602.0,Japan,2016.0,ja,5.6,0.0,5.0,1.0,1.0,Horror,June,18.0,0.2849,0.1372,0.0188,5.6,9256114.0
341012.0,"United States of America, China",2016.0,en,6.619,20000000.0,5.0,2.0,2.0,Comedy,June,3.0,0.275,0.1561,0.0244,6.619,9500000.0
424656.0,Japan,2016.0,ja,6.6,0.0,5.0,5.0,1.0,Adventure,April,16.0,0.2353,0.2112,0.0446,6.6,21600242.0
366170.0,Japan,2016.0,ja,7.592,0.0,5.0,2.0,1.0,Adventure,April,23.0,0.2887,0.1291,0.0167,7.592,7445186.0
355066.0,Turkey,2016.0,tr,6.8,0.0,5.0,3.0,2.0,Comedy,February,5.0,0.2777,0.1512,0.0229,6.8,1656516.0
340485.0,"United Kingdom, United States of America",2016.0,en,6.8,3500000.0,5.0,1.0,1.0,Drama,September,30.0,0.2941,0.1163,0.0135,6.8,2290649.0
316023.0,United States of America,2016.0,en,6.1,33000000.0,5.0,1.0,1.0,Comedy,July,7.0,0.2588,0.1817,0.033,6.1,77100000.0
429450.0,South Korea,2016.0,ko,7.541,13938145.0,5.0,3.0,1.0,Thriller,December,7.0,0.2582,0.1826,0.0333,7.541,30169000.0
407887.0,South Korea,2016.0,ko,5.9,12700000.0,5.0,4.0,1.0,History,July,27.0,0.2944,0.1154,0.0133,5.9,49196532.0
353069.0,United States of America,2016.0,en,6.0,25000000.0,5.0,3.0,1.0,Comedy,April,28.0,0.274,0.1579,0.0249,6.0,48782670.0
184341.0,"Panama, United States of America",2016.0,en,6.6,20000000.0,5.0,1.0,1.0,Drama,August,26.0,0.2458,0.199,0.0396,6.6,5000000.0
374473.0,"Belgium, France, United Kingdom",2016.0,en,7.7,0.0,5.0,1.0,1.0,Drama,October,21.0,0.2848,0.1374,0.0189,7.7,15793051.0
335791.0,United States of America,2016.0,en,5.8,10000000.0,5.0,2.0,1.0,Drama,September,9.0,0.297,0.1085,0.0118,5.8,30658387.0
248705.0,France,2016.0,fr,4.1,25868826.0,5.0,2.0,1.0,Comedy,March,23.0,0.2605,0.1793,0.0322,4.1,18552314.0
302688.0,"Canada, United States of America",2016.0,en,6.0,18000000.0,5.0,2.0,1.0,Romance,March,23.0,0.2923,0.1206,0.0146,6.0,90632641.0
333667.0,"China, United States of America",2016.0,en,6.2,60000000.0,5.0,5.0,1.0,Animation,July,8.0,0.2759,0.1545,0.0239,6.2,23270926.0
330483.0,United States of America,2016.0,en,7.204,10000000.0,5.0,2.0,1.0,Drama,February,4.0,0.2703,0.1641,0.0269,7.204,23730891.0
331962.0,United States of America,2016.0,en,4.9,0.0,5.0,4.0,1.0,Drama,January,22.0,0.3002,0.0993,0.0099,4.9,269915.0
378018.0,Canada,2016.0,en,5.991,0.0,5.0,3.0,2.0,Mystery,September,22.0,0.2888,0.1289,0.0166,5.991,151042.0
391698.0,"United Kingdom, United States of America",2016.0,en,7.5,5.0,5.0,2.0,1.0,Documentary,September,15.0,0.25,0.1936,0.0375,7.5,12283800.0
377264.0,"United Kingdom, United States of America",2016.0,en,5.8,8000000.0,5.0,3.0,1.0,Horror,September,1.0,0.2854,0.1363,0.0186,5.8,8810591.0
382591.0,"France, United Kingdom",2016.0,fr,7.7,0.0,5.0,2.0,1.0,Drama,December,7.0,0.291,0.1237,0.0153,7.7,1447740.0
376812.0,India,2016.0,hi,6.9,10400000.0,5.0,3.0,1.0,Drama,July,6.0,0.2874,0.1319,0.0174,6.9,102000000.0
380111.0,"Cambodia, Russia",2016.0,ru,7.0,10000000.0,5.0,1.0,1.0,Action,April,21.0,0.266,0.171,0.0292,7.0,27305571.0
354216.0,"United Kingdom, United States of America",2016.0,en,6.275,0.0,5.0,2.0,1.0,Horror,December,15.0,0.2364,0.2101,0.0441,6.275,772319.0
291328.0,United States of America,2016.0,en,5.7,25000000.0,5.0,3.0,1.0,Romance,November,23.0,0.2916,0.1223,0.015,5.7,3900000.0
337674.0,"Belgium, France, Germany",2016.0,fr,6.7,9804690.0,5.0,2.0,1.0,Drama,May,25.0,0.2751,0.156,0.0243,6.7,2341534.0
363579.0,South Korea,2016.0,ko,7.2,9620000.0,5.0,2.0,1.0,Action,September,7.0,0.286,0.1348,0.0182,7.2,53165427.0
347031.0,United States of America,2016.0,en,6.928,3000000.0,5.0,5.0,2.0,Comedy,June,24.0,0.2925,0.1201,0.0144,6.928,5800000.0
325789.0,"United Kingdom, United States of America",2016.0,en,6.675,28000000.0,5.0,3.0,1.0,Crime,July,13.0,0.2792,0.1484,0.022,6.675,21011110.0
431808.0,Japan,2016.0,ja,6.6,0.0,5.0,4.0,1.0,Action,November,19.0,0.272,0.1614,0.026,6.6,183551.0
354859.0,"Spain, United States of America",2016.0,en,6.9,90000000.0,5.0,3.0,1.0,History,December,2.0,0.2345,0.2122,0.045,6.9,12448676.0
334524.0,United States of America,2016.0,en,6.6,20000000.0,5.0,3.0,1.0,Adventure,February,3.0,0.3005,0.0984,0.0097,6.6,14880939.0
364116.0,"India, United Kingdom",2016.0,en,5.549,5000000.0,5.0,2.0,1.0,Thriller,February,25.0,0.2828,0.1414,0.02,5.549,14332467.0
370755.0,"United States of America, Germany, France",2016.0,en,7.113,5000000.0,5.0,3.0,1.0,Drama,November,17.0,0.2714,0.1623,0.0263,7.113,2152738.0
259695.0,United States of America,2016.0,en,6.249,90000000.0,5.0,3.0,1.0,Crime,December,25.0,0.2774,0.1519,0.0231,6.249,22700000.0
375183.0,"Canada, United States of America",2016.0,en,6.7,0.0,5.0,1.0,1.0,Drama,September,13.0,0.2914,0.1227,0.0151,6.7,1641235.0
373476.0,United States of America,2016.0,en,5.1,0.0,5.0,3.0,1.0,Drama,August,26.0,0.2922,0.121,0.0146,5.1,187145.0
339419.0,"United Kingdom, United States of America",2016.0,en,6.7,9000000.0,5.0,2.0,1.0,Drama,November,4.0,0.3024,0.0926,0.0086,6.7,8996802.0
394759.0,Russia,2016.0,ru,6.2,0.0,5.0,6.0,2.0,Adventure,April,28.0,0.3024,0.0925,0.0086,6.2,4190750.0
295699.0,United States of America,2016.0,en,6.4,10000000.0,5.0,1.0,1.0,Comedy,March,30.0,0.2626,0.1761,0.031,6.4,3400278.0
419446.0,"Argentina, Italy",2016.0,es,4.5,0.0,5.0,1.0,1.0,Drama,August,25.0,0.2887,0.1291,0.0167,4.5,77451.0
340674.0,"Poland, United States of America",2016.0,en,4.6,4480393.0,5.0,2.0,1.0,Drama,October,12.0,0.2986,0.1042,0.0108,4.6,21216.0
283552.0,"India, United Kingdom, United States of America",2016.0,en,7.1,20000000.0,5.0,2.0,1.0,Drama,September,2.0,0.2905,0.125,0.0156,7.1,25975621.0
406429.0,"China, Hong Kong",2016.0,zh,5.6,38000000.0,5.0,2.0,1.0,Action,July,28.0,0.2772,0.1522,0.0232,5.6,43300000.0
402298.0,"United Kingdom, United States of America",2016.0,en,6.9,10000000.0,5.0,2.0,1.0,Drama,September,30.0,0.292,0.1214,0.0147,6.9,7994527.0
382322.0,United States of America,2016.0,en,6.594,3500000.0,5.0,4.0,1.0,Action,July,24.0,0.2735,0.1588,0.0252,6.594,3775000.0
384682.0,United States of America,2016.0,en,5.7,45000000.0,5.0,1.0,2.0,Comedy,November,25.0,0.2821,0.1428,0.0204,5.7,114500000.0
195590.0,"Germany, United Kingdom, United States of America",2016.0,en,5.5,21500000.0,5.0,2.0,1.0,Thriller,June,10.0,0.2897,0.1269,0.0161,5.5,6817535.0
369300.0,United Kingdom,2016.0,en,6.2,0.0,5.0,3.0,1.0,Horror,October,18.0,0.2719,0.1614,0.026,6.2,2225698.0
378462.0,Hong Kong,2016.0,cn,3.6,0.0,5.0,1.0,1.0,Drama,January,14.0,0.2845,0.138,0.019,3.6,321930.0
376166.0,"Belgium, France",2016.0,fr,6.6,10300000.0,5.0,2.0,1.0,Drama,October,19.0,0.2691,0.166,0.0276,6.6,47748.0
361159.0,United States of America,2016.0,en,5.2,1181389.0,5.0,2.0,1.0,Horror,March,18.0,0.2673,0.169,0.0286,5.2,56191.0
362584.0,Japan,2016.0,ja,8.1,0.0,5.0,3.0,1.0,Animation,August,19.0,0.3051,0.0831,0.0069,8.1,3546960.0
323676.0,United States of America,2016.0,en,5.8,29000000.0,5.0,1.0,1.0,Comedy,April,7.0,0.2853,0.1364,0.0186,5.8,78600000.0
342521.0,United States of America,2016.0,en,6.07,15000000.0,5.0,3.0,1.0,Action,April,29.0,0.3088,0.068,0.0046,6.07,20609977.0
326423.0,United States of America,2016.0,en,6.3,20000000.0,5.0,2.0,1.0,Comedy,April,15.0,0.303,0.0904,0.0082,6.3,55030051.0
326285.0,"Hong Kong, United States of America",2016.0,en,6.171,10000000.0,5.0,2.0,1.0,Crime,October,20.0,0.2928,0.1194,0.0143,6.171,1715728.0
291356.0,United States of America,2016.0,en,6.1,0.0,5.0,2.0,1.0,Western,October,21.0,0.3015,0.0955,0.0091,6.1,53647.0
213681.0,United States of America,2016.0,en,5.7,25000000.0,5.0,3.0,1.0,Action,September,29.0,0.2929,0.1193,0.0142,5.7,29200000.0
332979.0,United States of America,2016.0,en,6.8,6000000.0,5.0,1.0,1.0,Drama,November,4.0,0.2977,0.1065,0.0113,6.8,6174491.0
359628.0,Japan,2016.0,ja,7.2,0.0,5.0,3.0,1.0,Science Fiction,March,25.0,0.2794,0.1481,0.0219,7.2,31383050.0
342737.0,United States of America,2016.0,en,7.3,7000000.0,5.0,1.0,1.0,Drama,December,28.0,0.2841,0.1389,0.0193,7.3,5664764.0
399300.0,China,2016.0,zh,6.7,0.0,5.0,3.0,1.0,Action,July,15.0,0.2515,0.1917,0.0368,6.7,808237.0
369698.0,Russia,2016.0,ru,4.9,0.0,5.0,3.0,1.0,History,December,29.0,0.2623,0.1766,0.0312,4.9,29161298.0
296360.0,"United Kingdom, United States of America, Ireland, Netherlands, France",2016.0,en,6.1,3000000.0,5.0,3.0,1.0,Drama,May,26.0,0.2744,0.1572,0.0247,6.1,21401949.0
338189.0,"Canada, France",2016.0,fr,7.2,10000000.0,5.0,1.0,1.0,Drama,August,26.0,0.2941,0.1163,0.0135,7.2,9231823.0
382598.0,France,2016.0,fr,6.0,0.0,5.0,3.0,1.0,Family,November,11.0,0.3016,0.0951,0.0091,6.0,7268779.0
354979.0,"United Kingdom, United States of America",2016.0,en,5.1,0.0,5.0,3.0,1.0,Drama,November,4.0,0.2683,0.1673,0.028,5.1,184404.0
373314.0,United States of America,2016.0,en,5.6,11000000.0,5.0,2.0,1.0,Drama,February,5.0,0.2524,0.1906,0.0363,5.6,2049761.0
352162.0,"Venezuela, Mexico",2016.0,es,6.1,0.0,5.0,1.0,1.0,Drama,January,21.0,0.292,0.1215,0.0148,6.1,30169.0
393559.0,"France, Switzerland",2016.0,fr,7.8,8000000.0,5.0,4.0,1.0,Animation,September,22.0,0.2538,0.1886,0.0356,7.8,5873256.0
413543.0,India,2016.0,hi,7.0,4300000.0,5.0,2.0,1.0,Drama,November,23.0,0.2117,0.2349,0.0552,7.0,3376375.0
333385.0,United States of America,2016.0,en,6.468,8000000.0,5.0,4.0,1.0,Comedy,February,29.0,0.275,0.1561,0.0244,6.468,34694.0
359412.0,Canada,2016.0,en,5.8,15000000.0,5.0,3.0,1.0,Action,July,1.0,0.22,0.2272,0.0516,5.8,1616004.0
368940.0,"Belgium, France, United States of America",2016.0,de,5.8,13500000.0,5.0,4.0,1.0,Animation,February,4.0,0.283,0.1412,0.0199,5.8,40075446.0
301804.0,United States of America,2016.0,en,6.5,0.0,5.0,4.0,1.0,Drama,April,7.0,0.2883,0.1299,0.0169,6.5,3295624.0
353979.0,"Spain, United States of America",2016.0,en,5.8,0.0,5.0,2.0,1.0,Horror,September,24.0,0.2781,0.1505,0.0227,5.8,22003.0
312669.0,"United States of America, United Kingdom",2016.0,en,5.697,2000000.0,5.0,2.0,1.0,Drama,April,27.0,0.2897,0.1267,0.016,5.697,3400000.0
257345.0,United States of America,2016.0,en,4.8,4000000.0,5.0,2.0,1.0,Horror,May,13.0,0.2512,0.1921,0.0369,4.8,10900000.0
394684.0,Spain,2016.0,es,6.733,4000000.0,5.0,3.0,1.0,Thriller,October,28.0,0.2937,0.1172,0.0137,6.733,1598584.0
315664.0,"United Kingdom, United States of America",2016.0,en,6.667,29000000.0,5.0,2.0,1.0,Comedy,May,6.0,0.255,0.1871,0.035,6.667,48902953.0
408620.0,South Korea,2016.0,ko,6.8,0.0,5.0,3.0,1.0,Action,September,28.0,0.2928,0.1195,0.0143,6.8,18200000.0
340676.0,"Belgium, Czech Republic, France, Germany, United Kingdom",2016.0,fr,5.9,6000000.0,5.0,3.0,1.0,Drama,December,14.0,0.2703,0.1641,0.0269,5.9,1305195.0
331313.0,United States of America,2016.0,en,6.1,40000000.0,5.0,2.0,1.0,Action,October,20.0,0.3021,0.0935,0.0087,6.1,29900000.0
410117.0,United Kingdom,2016.0,en,6.6,0.0,5.0,1.0,1.0,Drama,December,12.0,0.2945,0.1153,0.0133,6.6,5245263.0
391629.0,"India, Thailand",2016.0,hi,6.4,5103000.0,5.0,4.0,1.0,Action,April,29.0,0.265,0.1725,0.0298,6.4,17377000.0
336455.0,United States of America,2016.0,en,5.6,0.0,5.0,3.0,2.0,Drama,February,18.0,0.294,0.1166,0.0136,5.6,551760.0
338964.0,"Canada, United Kingdom, United States of America",2016.0,en,5.4,26000000.0,5.0,3.0,1.0,Comedy,November,23.0,0.2588,0.1817,0.033,5.4,24100000.0
334538.0,Canada,2016.0,en,5.8,0.0,5.0,2.0,1.0,Drama,June,3.0,0.2573,0.1838,0.0338,5.8,9995.0
256569.0,"United Kingdom, United States of America",2016.0,en,5.8,0.0,5.0,3.0,1.0,Action,October,14.0,0.2668,0.1698,0.0288,5.8,517197.0
270010.0,"France, Germany, Mexico, Switzerland, United States of America, Cayman Islands",2016.0,en,5.8,30000000.0,5.0,2.0,1.0,Comedy,April,22.0,0.2832,0.1408,0.0198,5.8,9169507.0
332872.0,"Spain, United States of America",2016.0,es,6.983,1490000.0,5.0,2.0,1.0,Drama,April,8.0,0.279,0.1489,0.0222,6.983,22468044.0
392794.0,"Belgium, Czech Republic, France",2016.0,fr,6.6,8000000.0,5.0,2.0,1.0,Drama,September,28.0,0.2959,0.1115,0.0124,6.6,2000000.0
380124.0,United States of America,2016.0,en,5.8,20000000.0,5.0,1.0,1.0,Comedy,October,21.0,0.3087,0.0686,0.0047,5.8,74827344.0
291351.0,United States of America,2016.0,en,6.2,15000000.0,5.0,1.0,1.0,Drama,April,27.0,0.2778,0.1511,0.0228,6.2,909000.0
351809.0,"Argentina, France, Spain",2016.0,es,6.24,6700000.0,5.0,2.0,1.0,Crime,March,3.0,0.3031,0.0901,0.0081,6.24,9074836.0
339408.0,"Canada, United States of America",2016.0,en,6.5,8500000.0,5.0,1.0,1.0,Drama,September,9.0,0.2936,0.1175,0.0138,6.5,15861566.0
276905.0,"India, Ireland, United States of America",2016.0,en,4.6,7000000.0,5.0,4.0,1.0,Adventure,January,14.0,0.2761,0.1542,0.0238,4.6,17062499.0
318850.0,United States of America,2016.0,en,6.4,18500000.0,5.0,1.0,1.0,Drama,March,10.0,0.2753,0.1557,0.0242,6.4,6500000.0
376866.0,"Chile, China, United States of America",2016.0,en,6.456,9000000.0,5.0,1.0,1.0,Drama,December,2.0,0.2357,0.2108,0.0444,6.456,13960394.0
308453.0,United States of America,2016.0,en,6.041,3500000.0,5.0,2.0,1.0,Drama,January,22.0,0.2708,0.1633,0.0267,6.041,615816.0
257440.0,United States of America,2016.0,en,6.0,16500000.0,5.0,4.0,1.0,Thriller,April,29.0,0.2654,0.172,0.0296,6.0,21256.0
393184.0,"Egypt, France, United Arab Emirates",2016.0,ar,7.5,0.0,5.0,2.0,1.0,Thriller,July,27.0,0.2782,0.1504,0.0226,7.5,18215.0
329981.0,"Canada, France, United States of America",2016.0,en,5.3,10000000.0,5.0,2.0,1.0,Drama,November,11.0,0.2858,0.1354,0.0183,5.3,13082071.0
411638.0,Spain,2016.0,es,6.574,1200000.0,5.0,1.0,1.0,Thriller,September,9.0,0.313,0.0447,0.002,6.574,1813729.0
347033.0,United States of America,2016.0,en,5.6,0.0,5.0,1.0,1.0,Drama,July,29.0,0.2401,0.2058,0.0424,5.6,1605463.0
382399.0,"Romania, United States of America",2016.0,en,7.1,0.0,5.0,3.0,1.0,Music,April,8.0,0.2626,0.1761,0.031,7.1,2093725.0
376565.0,Russia,2016.0,ru,6.3,12800000.0,5.0,3.0,1.0,Adventure,September,29.0,0.2415,0.2042,0.0417,6.3,6101904.0
382663.0,India,2016.0,ml,5.8,0.0,5.0,2.0,1.0,Comedy,January,15.0,0.2598,0.1803,0.0325,5.8,240000.0
360365.0,"Argentina, Italy, Spain",2016.0,es,7.322,19201483.0,5.0,3.0,1.0,Comedy,May,4.0,0.2794,0.1481,0.0219,7.322,17000172.0
375867.0,"France, Japan, United Kingdom, United States of America",2016.0,en,5.8,5000000.0,5.0,3.0,1.0,Comedy,September,12.0,0.3013,0.0959,0.0092,5.8,13203541.0
340402.0,United States of America,2016.0,en,5.9,17000000.0,5.0,2.0,1.0,Comedy,November,11.0,0.2877,0.1313,0.0172,5.9,42580920.0
339397.0,United States of America,2016.0,en,6.5,30000000.0,5.0,3.0,1.0,Comedy,May,11.0,0.2974,0.1076,0.0116,6.5,43763247.0
371865.0,"France, Germany",2016.0,fr,5.6,8104734.0,5.0,1.0,1.0,Comedy,May,13.0,0.2886,0.1293,0.0167,5.6,920719.0
427008.0,Turkey,2016.0,tr,7.531,670000.0,5.0,2.0,1.0,War,November,4.0,0.2883,0.13,0.0169,7.531,11378898.0
398535.0,India,2016.0,hi,7.2,5980000.0,5.0,2.0,1.0,Crime,June,17.0,0.2646,0.1732,0.03,7.2,14900000.0
301348.0,United States of America,2016.0,en,6.0,5000000.0,5.0,3.0,1.0,Drama,March,22.0,0.2668,0.1698,0.0288,6.0,1100000.0
291264.0,United States of America,2016.0,en,5.837,0.0,5.0,3.0,1.0,Comedy,April,16.0,0.2474,0.197,0.0388,5.837,262921.0
377154.0,France,2016.0,fr,6.8,0.0,5.0,1.0,1.0,Drama,February,27.0,0.2895,0.1273,0.0162,6.8,2000000.0
416249.0,"China, Hong Kong",2016.0,cn,6.264,0.0,5.0,3.0,2.0,Action,July,8.0,0.2888,0.1288,0.0166,6.264,103197501.0
412924.0,United Kingdom,2016.0,en,7.4,0.0,5.0,3.0,1.0,Music,October,2.0,0.2475,0.1968,0.0387,7.4,226286.0
361777.0,Spain,2016.0,es,6.462,5000000.0,5.0,2.0,1.0,History,September,23.0,0.2535,0.189,0.0357,6.462,2387127.0
374856.0,Japan,2016.0,ja,6.9,0.0,5.0,4.0,1.0,Animation,April,16.0,0.2744,0.1572,0.0247,6.9,9953934.0
372411.0,United Kingdom,2016.0,en,5.3,0.0,5.0,1.0,1.0,Comedy,July,1.0,0.2709,0.1632,0.0266,5.3,37915971.0
374617.0,United States of America,2016.0,en,6.465,0.0,5.0,2.0,1.0,Crime,August,19.0,0.2414,0.2043,0.0417,6.465,302109.0
375315.0,"France, Iran",2016.0,fa,7.248,0.0,5.0,2.0,1.0,Drama,June,24.0,0.2394,0.2066,0.0427,7.248,6953604.0
377447.0,China,2016.0,zh,6.0,50000000.0,5.0,5.0,1.0,Action,December,23.0,0.2737,0.1584,0.0251,6.0,102205175.0
339405.0,United States of America,2016.0,en,6.9,0.0,5.0,1.0,1.0,Drama,October,14.0,0.2755,0.1552,0.0241,6.9,313465.0
376453.0,United States of America,2016.0,en,6.1,1250000.0,5.0,5.0,1.0,Thriller,July,29.0,0.2886,0.1292,0.0167,6.1,55000.0
262982.0,United States of America,2016.0,en,5.8,0.0,5.0,7.0,1.0,Action,December,16.0,0.2906,0.1247,0.0155,5.8,1271880.0
300667.0,United States of America,2016.0,en,6.379,10000000.0,5.0,2.0,1.0,Comedy,October,27.0,0.287,0.1328,0.0176,6.379,680351.0
369883.0,United States of America,2016.0,en,6.9,8500000.0,5.0,2.0,1.0,Family,October,7.0,0.2982,0.1051,0.0111,6.9,23316139.0
368031.0,"Germany, South Africa",2016.0,en,5.6,9900000.0,5.0,2.0,1.0,Horror,January,7.0,0.276,0.1543,0.0238,5.6,10975390.0
339927.0,United States of America,2016.0,en,6.5,9900000.0,5.0,3.0,2.0,Comedy,October,14.0,0.2774,0.1519,0.0231,6.5,23600000.0
380808.0,United States of America,2016.0,en,7.3,0.0,5.0,1.0,1.0,Documentary,July,8.0,0.2863,0.1342,0.018,7.3,109649.0
334522.0,"France, Germany, United Kingdom",2016.0,en,6.691,0.0,5.0,3.0,1.0,War,February,15.0,0.2932,0.1185,0.014,6.691,33125.0
205588.0,"France, United Kingdom",2016.0,en,6.0,4000000.0,5.0,1.0,1.0,Thriller,May,5.0,0.2574,0.1837,0.0337,6.0,9930095.0
328429.0,United States of America,2016.0,en,5.3,0.0,5.0,3.0,1.0,Thriller,June,3.0,0.2817,0.1437,0.0207,5.3,10232.0
332718.0,United Arab Emirates,2016.0,en,6.8,30000000.0,5.0,4.0,2.0,Action,September,8.0,0.2883,0.1299,0.0169,6.8,1750000.0
397520.0,Canada,2016.0,en,7.2,0.0,5.0,3.0,1.0,Drama,February,15.0,0.2901,0.1259,0.0158,7.2,127345.0
347026.0,"Czech Republic, France, United Kingdom, United States of America",2016.0,en,6.7,14000000.0,5.0,2.0,1.0,Drama,November,25.0,0.2714,0.1624,0.0264,6.7,13819139.0
339994.0,United States of America,2016.0,en,6.2,0.0,5.0,4.0,1.0,Drama,September,16.0,0.2897,0.1267,0.016,6.2,90573.0
279641.0,United States of America,2016.0,en,6.301,35000000.0,5.0,3.0,2.0,Comedy,March,4.0,0.2566,0.1849,0.0342,6.301,48000000.0
392142.0,"Belgium, France",2016.0,fr,6.3,12156348.0,5.0,3.0,1.0,Comedy,November,1.0,0.2838,0.1394,0.0194,6.3,8750678.0
371560.0,United States of America,2016.0,en,6.2,300000.0,5.0,2.0,1.0,Drama,December,2.0,0.2636,0.1746,0.0305,6.2,48539.0
384737.0,Canada,2016.0,en,5.1,10500000.0,5.0,3.0,1.0,Action,July,15.0,0.2898,0.1266,0.016,5.1,567064.0
389868.0,South Korea,2016.0,ko,6.534,0.0,5.0,5.0,1.0,Animation,August,17.0,0.2846,0.1378,0.019,6.534,2021735.0
377985.0,India,2016.0,hi,6.3,12750000.0,5.0,3.0,1.0,Action,April,14.0,0.2895,0.1273,0.0162,6.3,28000000.0
384345.0,Japan,2016.0,ja,6.8,0.0,5.0,5.0,1.0,Animation,March,5.0,0.2954,0.1129,0.0128,6.8,58400000.0
369697.0,"Israel, United States of America",2016.0,en,5.5,0.0,5.0,3.0,1.0,Comedy,April,14.0,0.2744,0.1572,0.0247,5.5,3814868.0
374671.0,Japan,2016.0,ja,7.213,0.0,5.0,1.0,1.0,Drama,May,21.0,0.253,0.1897,0.036,7.213,272132.0
388045.0,Mexico,2016.0,es,7.2,1600000.0,5.0,5.0,1.0,Animation,October,21.0,0.2496,0.1941,0.0377,7.2,5100000.0
390584.0,United States of America,2016.0,en,5.9,0.0,5.0,2.0,1.0,Crime,October,21.0,0.2858,0.1353,0.0183,5.9,81757.0
346134.0,United States of America,2016.0,en,6.5,0.0,5.0,2.0,1.0,Comedy,September,16.0,0.2813,0.1445,0.0209,6.5,4611.0
408360.0,South Korea,2016.0,ko,6.8,0.0,5.0,3.0,1.0,Action,August,3.0,0.2668,0.1698,0.0288,6.8,39695124.0
351454.0,"United States of America, Argentina, Chile, France, Spain",2016.0,es,6.3,0.0,5.0,1.0,1.0,Drama,August,11.0,0.2953,0.1132,0.0128,6.3,939101.0
368942.0,"Belgium, United States of America, United Kingdom",2016.0,en,6.067,8138338.0,5.0,1.0,1.0,Drama,October,7.0,0.2771,0.1523,0.0232,6.067,1864266.0
340487.0,United States of America,2016.0,en,6.0,2000000.0,5.0,1.0,1.0,Drama,September,25.0,0.2887,0.1291,0.0167,6.0,1215691.0
413666.0,Argentina,2016.0,es,7.0,0.0,5.0,3.0,2.0,Drama,August,18.0,0.2917,0.122,0.0149,7.0,2186.0
316000.0,United States of America,2016.0,en,6.4,0.0,5.0,3.0,1.0,Drama,January,22.0,0.3011,0.0966,0.0093,6.4,3460466.0
267192.0,"United Kingdom, United States of America",2016.0,en,6.5,0.0,5.0,2.0,1.0,History,June,10.0,0.2892,0.1279,0.0164,6.5,5681622.0
339116.0,United States of America,2016.0,en,4.9,0.0,5.0,6.0,1.0,Action,September,30.0,0.279,0.149,0.0222,4.9,4218.0
404791.0,Sweden,2016.0,sv,6.4,10000000.0,5.0,2.0,2.0,Adventure,December,25.0,0.2746,0.1569,0.0246,6.4,994901.0
370076.0,India,2016.0,ta,6.714,0.0,5.0,3.0,1.0,Action,April,14.0,0.2994,0.1017,0.0103,6.714,26000000.0
380762.0,Hong Kong,2016.0,cn,7.078,641000.0,5.0,2.0,3.0,Drama,April,7.0,0.2854,0.1362,0.0186,7.078,1180360.0
364051.0,"Belgium, France, Poland",2016.0,fr,7.1,0.0,5.0,2.0,1.0,Drama,February,10.0,0.2945,0.1152,0.0133,7.1,1063893.0
377263.0,"France, Germany",2016.0,fr,7.361,0.0,5.0,3.0,1.0,History,September,7.0,0.2715,0.1622,0.0263,7.361,7478354.0
396616.0,"Denmark, Ireland, Norway, Sweden",2016.0,no,6.9,7500000.0,5.0,3.0,1.0,War,September,29.0,0.2565,0.185,0.0342,6.9,9100000.0
412094.0,South Korea,2016.0,ko,7.4,0.0,5.0,1.0,1.0,Drama,October,6.0,0.2631,0.1754,0.0308,7.4,599913.0
381262.0,France,2016.0,fr,6.8,0.0,5.0,2.0,1.0,Drama,March,16.0,0.2869,0.1331,0.0177,6.8,1600000.0
381255.0,France,2016.0,fr,6.0,0.0,5.0,2.0,1.0,Drama,March,2.0,0.2837,0.1397,0.0195,6.0,53780.0
391700.0,France,2016.0,fr,6.33,0.0,5.0,2.0,1.0,Comedy,August,10.0,0.2857,0.1355,0.0183,6.33,5851195.0
284564.0,"United Kingdom, United States of America",2016.0,en,5.442,1500000.0,5.0,2.0,1.0,Horror,September,15.0,0.2878,0.1311,0.0172,5.442,850419.0
337874.0,United States of America,2016.0,en,5.4,0.0,5.0,1.0,1.0,Drama,September,23.0,0.3001,0.0998,0.01,5.4,23020.0
297806.0,United States of America,2016.0,en,6.3,13000000.0,5.0,2.0,1.0,Music,February,5.0,0.283,0.1411,0.0199,6.3,1646788.0
374458.0,"Belgium, France, Romania",2016.0,ro,6.8,2000000.0,5.0,1.0,1.0,Drama,May,20.0,0.2888,0.1288,0.0166,6.8,2015002.0
356298.0,United States of America,2016.0,en,6.4,0.0,5.0,2.0,1.0,Comedy,July,22.0,0.2502,0.1934,0.0374,6.4,4417667.0
415214.0,"Hong Kong, China",2016.0,zh,6.982,30200000.0,5.0,4.0,1.0,Action,September,30.0,0.2998,0.1006,0.0101,6.982,173000000.0
337154.0,United States of America,2016.0,en,6.0,3200000.0,5.0,2.0,1.0,Comedy,April,5.0,0.3,0.1,0.01,6.0,4267218.0
316021.0,"United States of America, France",2016.0,en,5.6,0.0,5.0,3.0,1.0,Drama,December,9.0,0.2592,0.1811,0.0328,5.6,9188.0
350060.0,"Denmark, Iceland",2016.0,is,7.164,0.0,5.0,2.0,1.0,Romance,December,28.0,0.2915,0.1226,0.015,7.164,361878.0
375572.0,Italy,2016.0,it,7.5,0.0,5.0,2.0,1.0,Drama,April,7.0,0.2795,0.1479,0.0219,7.5,2412312.0
353728.0,Canada,2016.0,en,7.095,0.0,5.0,3.0,1.0,Drama,July,15.0,0.2714,0.1624,0.0264,7.095,33962.0
408508.0,United States of America,2016.0,en,7.025,0.0,5.0,2.0,1.0,Drama,October,7.0,0.2915,0.1227,0.0151,7.025,21626.0
274504.0,United States of America,2016.0,en,5.35,0.0,5.0,2.0,1.0,Thriller,April,15.0,0.2236,0.2236,0.05,5.35,15364.0
424009.0,"Italy, Switzerland",2016.0,it,5.713,0.0,5.0,1.0,1.0,Comedy,November,3.0,0.2948,0.1144,0.0131,5.713,2359147.0
377587.0,United States of America,2016.0,en,4.7,900000.0,5.0,1.0,1.0,Comedy,April,1.0,0.2718,0.1616,0.0261,4.7,9097072.0
412190.0,China,2016.0,zh,6.5,0.0,5.0,3.0,1.0,Drama,August,12.0,0.2692,0.166,0.0275,6.5,39969537.0
376869.0,India,2016.0,hi,7.3,2900000.0,5.0,2.0,1.0,Drama,February,19.0,0.2761,0.1542,0.0238,7.3,17618280.0
325346.0,United States of America,2016.0,en,6.3,3800000.0,5.0,3.0,1.0,Comedy,August,25.0,0.2745,0.157,0.0246,6.3,1016985.0
333386.0,United States of America,2016.0,en,5.372,10000000.0,5.0,2.0,1.0,Western,June,24.0,0.2949,0.1142,0.013,5.372,20672.0
400411.0,United States of America,2016.0,en,4.3,0.0,5.0,3.0,1.0,Horror,July,1.0,0.2655,0.1718,0.0295,4.3,349183.0
414827.0,Turkey,2016.0,tr,5.872,0.0,5.0,1.0,1.0,Horror,September,2.0,0.284,0.139,0.0193,5.872,1000000.0
373072.0,New Zealand,2016.0,en,7.158,0.0,5.0,1.0,2.0,Documentary,May,26.0,0.2832,0.1408,0.0198,7.158,923000.0
371859.0,"France, Portugal, Spain",2016.0,fr,6.5,0.0,5.0,2.0,1.0,Drama,November,2.0,0.2879,0.1307,0.0171,6.5,17355.0
337844.0,United States of America,2016.0,en,5.9,10000000.0,5.0,1.0,1.0,Drama,October,8.0,0.2804,0.1463,0.0214,5.9,213982.0
403570.0,Australia,2016.0,en,6.467,0.0,5.0,3.0,1.0,Family,December,26.0,0.2929,0.1193,0.0142,6.467,6625303.0
391626.0,"Singapore, United States of America",2016.0,en,5.258,0.0,5.0,3.0,1.0,Mystery,May,6.0,0.3015,0.0953,0.0091,5.258,261895.0
375108.0,Russia,2016.0,ru,4.4,2570000.0,5.0,2.0,1.0,Action,January,1.0,0.28,0.147,0.0216,4.4,4026795.0
383807.0,"Belgium, France",2016.0,fr,6.5,10000000.0,5.0,1.0,1.0,Drama,November,1.0,0.2791,0.1488,0.0221,6.5,2225770.0
372752.0,Japan,2016.0,ja,7.0,0.0,5.0,6.0,1.0,Adventure,March,12.0,0.3027,0.0916,0.0084,7.0,1476624.0
393562.0,India,2016.0,hi,7.0,521873.0,5.0,2.0,1.0,Thriller,June,24.0,0.3014,0.0958,0.0092,7.0,1013926.0
411268.0,"China, Hong Kong",2016.0,cn,6.456,0.0,5.0,3.0,1.0,Action,August,11.0,0.2948,0.1145,0.0131,6.456,88658655.0
340611.0,United States of America,2016.0,en,6.354,0.0,5.0,2.0,1.0,Drama,July,29.0,0.2801,0.1469,0.0216,6.354,3924527.0
360139.0,Brazil,2016.0,pt,7.198,0.0,5.0,1.0,1.0,Drama,November,24.0,0.2982,0.1051,0.0111,7.198,2295553.0
374465.0,"Germany, France",2016.0,fr,6.5,2100000.0,5.0,1.0,1.0,Drama,April,6.0,0.2873,0.1322,0.0175,6.5,282382.0
326094.0,United States of America,2016.0,en,5.637,0.0,5.0,2.0,1.0,Comedy,June,24.0,0.2582,0.1826,0.0333,5.637,469311.0
350160.0,"Germany, Austria",2016.0,de,7.0,0.0,5.0,2.0,1.0,Comedy,August,11.0,0.26,0.18,0.0324,7.0,2571219.0
393857.0,"France, Italy",2016.0,it,5.972,0.0,5.0,2.0,1.0,Drama,April,21.0,0.3073,0.0747,0.0056,5.972,1859604.0
381028.0,United States of America,2016.0,en,7.616,0.0,5.0,3.0,1.0,Animation,March,13.0,0.2061,0.2399,0.0575,7.616,101987.0
377275.0,France,2016.0,fr,5.9,0.0,5.0,3.0,1.0,Comedy,September,14.0,0.2874,0.132,0.0174,5.9,4971428.0
364615.0,"Spain, France",2016.0,es,6.0,4000000.0,5.0,3.0,1.0,Drama,April,22.0,0.2359,0.2106,0.0443,6.0,1903083.0
347881.0,Canada,2016.0,en,6.4,0.0,5.0,2.0,1.0,Drama,March,18.0,0.2934,0.1181,0.0139,6.4,8382.0
405924.0,India,2016.0,te,7.3,7000000.0,5.0,2.0,1.0,Action,September,1.0,0.285,0.137,0.0188,7.3,21000000.0
383367.0,India,2016.0,mr,7.5,600000.0,5.0,2.0,1.0,Drama,April,29.0,0.2639,0.1742,0.0304,7.5,16500000.0
375290.0,India,2016.0,hi,7.1,4500000.0,5.0,3.0,1.0,Drama,January,22.0,0.3038,0.0877,0.0077,7.1,32000000.0
365997.0,United States of America,2016.0,en,7.0,0.0,4.0,3.0,1.0,Documentary,April,16.0,0.2969,0.1088,0.0118,7.0,24000000.0
401252.0,Spain,2016.0,es,5.1,11800000.0,5.0,1.0,1.0,Comedy,November,25.0,0.253,0.1897,0.036,5.1,1236731.0
356270.0,Spain,2016.0,es,6.6,869115.0,5.0,2.0,1.0,Drama,February,19.0,0.2779,0.1509,0.0228,6.6,1018486.0
332794.0,France,2016.0,fr,6.7,20000000.0,5.0,2.0,1.0,Adventure,October,12.0,0.3018,0.0944,0.0089,6.7,9722918.0
395452.0,France,2016.0,fr,6.9,3500000.0,2.0,2.0,1.0,Adventure,June,15.0,0.2593,0.181,0.0328,6.9,1492523.0
277710.0,United States of America,2016.0,en,5.8,0.0,5.0,2.0,1.0,Drama,January,8.0,0.2994,0.1017,0.0103,5.8,32163.0
402672.0,India,2016.0,hi,6.2,17000000.0,5.0,4.0,1.0,Adventure,August,11.0,0.2828,0.1414,0.02,6.2,16000000.0
371449.0,United States of America,2016.0,en,6.339,0.0,5.0,2.0,1.0,Comedy,September,9.0,0.26,0.18,0.0324,6.339,93000.0
392572.0,India,2016.0,hi,6.7,6114349.0,5.0,3.0,1.0,Thriller,August,12.0,0.3012,0.0962,0.0093,6.7,26309214.0
418399.0,"France, Italy, Switzerland",2016.0,it,7.0,0.0,5.0,1.0,1.0,Drama,November,3.0,0.3,0.1,0.01,7.0,593966.0
406000.0,"Czech Republic, Slovakia",2016.0,sk,6.9,0.0,5.0,2.0,1.0,Drama,July,21.0,0.2828,0.1414,0.02,6.9,1350426.0
437941.0,Russia,2016.0,ru,6.5,6411831.0,5.0,1.0,1.0,Drama,December,21.0,0.2507,0.1928,0.0372,6.5,4029886.0
377213.0,"India, South Korea",2016.0,hi,6.9,5069632.0,5.0,3.0,1.0,Mystery,June,10.0,0.2928,0.1195,0.0143,6.9,4817642.0
397365.0,India,2016.0,hi,7.3,0.0,5.0,2.0,1.0,Thriller,June,10.0,0.3035,0.0889,0.0079,7.3,4201176.0
377273.0,"Brazil, France",2016.0,pt,7.5,762241.0,5.0,1.0,1.0,Drama,September,1.0,0.283,0.141,0.0199,7.5,285930.0
352890.0,"United States of America, Germany",2016.0,en,6.1,0.0,5.0,2.0,1.0,Drama,August,19.0,0.2562,0.1854,0.0344,6.1,91151.0
375868.0,Spain,2016.0,es,5.0,3500000.0,5.0,3.0,1.0,Romance,December,2.0,0.267,0.1695,0.0287,5.0,12304617.0
366080.0,India,2016.0,ta,6.0,18700000.0,5.0,3.0,1.0,Action,July,22.0,0.2626,0.1762,0.031,6.0,74000000.0
354912.0,United States of America,2017.0,en,8.2,175000000.0,5.0,4.0,1.0,Family,October,27.0,0.2887,0.1291,0.0167,8.2,807816196.0
335984.0,"Canada, United Kingdom, United States of America",2017.0,en,7.573,150000000.0,5.0,2.0,1.0,Science Fiction,October,4.0,0.2513,0.192,0.0369,7.573,259239658.0
126889.0,United States of America,2017.0,en,6.2,97000000.0,5.0,3.0,1.0,Science Fiction,May,9.0,0.2709,0.1631,0.0266,6.2,240891763.0
370663.0,Canada,2017.0,en,6.8,0.0,5.0,2.0,1.0,Drama,February,10.0,0.2944,0.1154,0.0133,6.8,33673.0
181808.0,United States of America,2017.0,en,6.783,200000000.0,5.0,3.0,1.0,Adventure,December,13.0,0.3015,0.0954,0.0091,6.783,1332698830.0
321612.0,United States of America,2017.0,en,7.0,160000000.0,5.0,3.0,1.0,Family,March,16.0,0.286,0.1348,0.0182,7.0,1266115964.0
141052.0,United States of America,2017.0,en,6.076,300000000.0,5.0,3.0,1.0,Action,November,15.0,0.2797,0.1475,0.0218,6.076,661326987.0
315635.0,United States of America,2017.0,en,7.3,175000000.0,5.0,4.0,1.0,Action,July,5.0,0.2889,0.1287,0.0166,7.3,880166924.0
166426.0,United States of America,2017.0,en,6.652,230000000.0,5.0,3.0,2.0,Adventure,May,23.0,0.2967,0.1093,0.0119,6.652,795922298.0
260514.0,United States of America,2017.0,en,6.8,175000000.0,5.0,4.0,1.0,Family,June,15.0,0.3046,0.0848,0.0072,6.8,383925276.0
284053.0,United States of America,2017.0,en,7.6,180000000.0,5.0,3.0,1.0,Action,October,2.0,0.2774,0.1519,0.0231,7.6,855301806.0
283995.0,United States of America,2017.0,en,7.6,200000000.0,5.0,3.0,1.0,Science Fiction,April,19.0,0.2986,0.1042,0.0109,7.6,863756051.0
396422.0,United States of America,2017.0,en,6.593,15000000.0,5.0,1.0,1.0,Horror,August,3.0,0.2466,0.198,0.0392,6.593,306592201.0
381288.0,United States of America,2017.0,en,7.3,9000000.0,5.0,2.0,1.0,Horror,January,19.0,0.2772,0.1523,0.0232,7.3,278454358.0
353491.0,United States of America,2017.0,en,5.76,60000000.0,5.0,3.0,1.0,Fantasy,August,3.0,0.2694,0.1656,0.0274,5.76,113231078.0
337339.0,United States of America,2017.0,en,6.9,250000000.0,5.0,3.0,1.0,Action,April,12.0,0.2734,0.1589,0.0253,6.9,1236000000.0
324552.0,United States of America,2017.0,en,7.332,40000000.0,5.0,3.0,1.0,Action,February,8.0,0.2932,0.1185,0.0141,7.332,171539887.0
341174.0,"Japan, United States of America",2017.0,en,6.5,55000000.0,5.0,2.0,1.0,Drama,February,8.0,0.2787,0.1494,0.0223,6.5,381545846.0
346364.0,United States of America,2017.0,en,7.24,35000000.0,5.0,2.0,1.0,Horror,September,6.0,0.2742,0.1575,0.0248,7.24,703000000.0
335988.0,United States of America,2017.0,en,6.0,217000000.0,5.0,3.0,1.0,Action,June,16.0,0.2842,0.1388,0.0193,6.0,605425157.0
398818.0,"Brazil, France, Italy, United States of America",2017.0,en,8.121,3500000.0,5.0,2.0,1.0,Romance,July,28.0,0.2717,0.1617,0.0262,8.121,43143046.0
419430.0,United States of America,2017.0,en,7.6,4500000.0,5.0,3.0,1.0,Mystery,February,24.0,0.2588,0.1818,0.033,7.6,255407969.0
339846.0,United States of America,2017.0,en,6.1,69000000.0,5.0,3.0,1.0,Comedy,May,25.0,0.2848,0.1374,0.0189,6.1,177900000.0
339403.0,"United Kingdom, United States of America",2017.0,en,7.448,34000000.0,5.0,2.0,1.0,Action,June,28.0,0.2885,0.1295,0.0168,7.448,226945087.0
263115.0,United States of America,2017.0,en,7.8,97000000.0,5.0,3.0,1.0,Action,February,28.0,0.3024,0.0926,0.0086,7.8,619021436.0
345938.0,"Canada, Hong Kong, United States of America",2017.0,en,7.488,20000000.0,5.0,2.0,1.0,Drama,March,3.0,0.2705,0.1638,0.0268,7.488,96942115.0
346648.0,"France, United Kingdom",2017.0,en,7.5,40000000.0,5.0,3.0,1.0,Adventure,November,9.0,0.2834,0.1403,0.0197,7.5,283692036.0
316029.0,United States of America,2017.0,en,7.9,84000000.0,5.0,1.0,1.0,Drama,December,20.0,0.2982,0.1051,0.0111,7.9,459066134.0
297762.0,United States of America,2017.0,en,7.2,149000000.0,5.0,3.0,1.0,Action,May,30.0,0.2655,0.1718,0.0295,7.2,823970682.0
353486.0,United States of America,2017.0,en,6.821,90000000.0,5.0,3.0,1.0,Adventure,December,9.0,0.2814,0.1443,0.0208,6.821,995339117.0
406990.0,"Belgium, France, United States of America",2017.0,en,7.2,20000000.0,5.0,5.0,1.0,Science Fiction,August,18.0,0.2655,0.1718,0.0295,7.2,27975429.0
374720.0,"United Kingdom, United States of America",2017.0,en,7.45,150000000.0,5.0,3.0,1.0,War,July,19.0,0.2413,0.2044,0.0418,7.45,527000000.0
47971.0,"Canada, China, United States of America",2017.0,en,6.135,85000000.0,5.0,3.0,1.0,Action,January,13.0,0.2891,0.1282,0.0164,6.135,346118277.0
293167.0,"China, United States of America",2017.0,en,6.543,185000000.0,5.0,3.0,1.0,Action,March,8.0,0.2976,0.1069,0.0114,6.543,566652812.0
281338.0,United States of America,2017.0,en,7.2,150000000.0,5.0,3.0,1.0,Drama,July,11.0,0.2973,0.1079,0.0116,7.2,490719763.0
353070.0,United States of America,2017.0,en,6.706,25000000.0,5.0,2.0,1.0,Crime,April,6.0,0.2807,0.1456,0.0212,6.706,84618541.0
397567.0,South Korea,2017.0,ko,8.075,18300000.0,5.0,5.0,1.0,Action,December,20.0,0.2413,0.2044,0.0418,8.075,125983972.0
339964.0,"France, Germany, United Arab Emirates, United States of America, Belgium, Canada, China",2017.0,en,6.627,177200000.0,5.0,3.0,1.0,Adventure,July,20.0,0.281,0.1451,0.021,6.627,225973340.0
282035.0,"Japan, United States of America",2017.0,en,5.513,125000000.0,5.0,5.0,1.0,Fantasy,June,6.0,0.2626,0.1762,0.031,5.513,409231607.0
411088.0,Spain,2017.0,es,8.1,4000000.0,5.0,3.0,1.0,Drama,January,6.0,0.2965,0.1098,0.0121,8.1,30000000.0
392044.0,United States of America,2017.0,en,6.7,55000000.0,5.0,3.0,1.0,Mystery,November,3.0,0.2769,0.1528,0.0233,6.7,352800000.0
390043.0,"Bulgaria, Canada, France, Hong Kong, Netherlands, United States of America",2017.0,en,6.9,30000000.0,5.0,4.0,1.0,Action,August,16.0,0.2617,0.1775,0.0315,6.9,176586701.0
324852.0,United States of America,2017.0,en,6.5,80000000.0,5.0,5.0,2.0,Action,June,15.0,0.2721,0.1611,0.0259,6.5,1034800131.0
343668.0,"United Kingdom, United States of America",2017.0,en,6.962,104000000.0,5.0,3.0,1.0,Action,September,20.0,0.2795,0.148,0.0219,6.962,410902662.0
315837.0,"China, Hong Kong, India, United States of America",2017.0,en,6.087,110000000.0,5.0,3.0,1.0,Science Fiction,March,29.0,0.2894,0.1274,0.0162,6.087,169801921.0
379149.0,"China, India, United Kingdom, United States of America",2017.0,en,6.969,35000000.0,5.0,3.0,1.0,Action,September,28.0,0.2758,0.1546,0.0239,6.969,145374099.0
406997.0,"Canada, Hong Kong, United States of America",2017.0,en,8.1,20000000.0,5.0,2.0,1.0,Drama,November,13.0,0.254,0.1884,0.0355,8.1,315025930.0
399055.0,United States of America,2017.0,en,7.244,19500000.0,5.0,3.0,1.0,Drama,December,1.0,0.3,0.1,0.01,7.244,195300000.0
324849.0,"Australia, Denmark, United States of America",2017.0,en,7.2,80000000.0,5.0,4.0,1.0,Animation,February,8.0,0.2864,0.134,0.0179,7.2,311950384.0
274855.0,"Canada, Hong Kong, United States of America",2017.0,en,6.1,120000000.0,5.0,3.0,1.0,Action,October,12.0,0.2982,0.1053,0.0111,6.1,221600160.0
433808.0,"Canada, United Kingdom, United States of America",2017.0,en,6.3,1000000.0,5.0,3.0,1.0,Horror,October,11.0,0.2897,0.1267,0.016,6.3,1786396.0
479718.0,South Korea,2017.0,ko,7.7,5900000.0,5.0,3.0,1.0,Action,October,3.0,0.2907,0.1245,0.0155,7.7,52946454.0
274857.0,United States of America,2017.0,en,6.549,175000000.0,5.0,3.0,1.0,Action,May,10.0,0.2626,0.1762,0.031,6.549,148700000.0
395992.0,United States of America,2017.0,en,6.4,58000000.0,5.0,4.0,1.0,Horror,March,22.0,0.2121,0.2345,0.055,6.4,100541806.0
400928.0,"United Kingdom, United States of America",2017.0,en,8.0,7000000.0,5.0,2.0,1.0,Drama,April,7.0,0.3,0.1,0.01,8.0,40300000.0
364689.0,United States of America,2017.0,en,7.2,111000000.0,5.0,4.0,1.0,Animation,December,9.0,0.2832,0.1406,0.0198,7.2,295038508.0
268531.0,United States of America,2017.0,en,6.2,38000000.0,5.0,4.0,1.0,Action,June,1.0,0.2556,0.1862,0.0347,6.2,125427681.0
381289.0,"Canada, India, United States of America",2017.0,en,7.634,22000000.0,5.0,5.0,1.0,Adventure,January,19.0,0.2811,0.1448,0.021,7.634,205000000.0
415842.0,"Hong Kong, United States of America",2017.0,en,6.4,33000000.0,5.0,3.0,1.0,Action,September,14.0,0.2287,0.2183,0.0477,6.4,67200000.0
399366.0,"Spain, United States of America",2017.0,es,7.267,8000000.0,5.0,3.0,1.0,Thriller,October,27.0,0.293,0.119,0.0142,7.267,12294931.0
391713.0,United States of America,2017.0,en,7.258,10000000.0,5.0,2.0,1.0,Drama,September,1.0,0.2828,0.1414,0.02,7.258,79000000.0
390062.0,"Australia, Colombia, United Kingdom",2017.0,en,6.626,0.0,5.0,3.0,1.0,Adventure,June,27.0,0.2879,0.1309,0.0171,6.626,1906640.0
55341.0,United States of America,2017.0,en,4.895,6200000.0,5.0,3.0,1.0,Horror,September,26.0,0.291,0.1237,0.0153,4.895,4017852.0
340837.0,"Germany, United States of America",2017.0,en,6.3,40000000.0,5.0,3.0,1.0,Horror,February,15.0,0.255,0.1871,0.035,6.3,26620002.0
341013.0,"Germany, Hungary, Sweden, United States of America",2017.0,en,6.4,30000000.0,5.0,3.0,1.0,Action,July,26.0,0.2837,0.1396,0.0195,6.4,100014025.0
378236.0,United States of America,2017.0,en,5.4,50000000.0,5.0,3.0,1.0,Animation,July,23.0,0.2393,0.2067,0.0427,5.4,216909830.0
393345.0,"Canada, United States of America",2017.0,en,5.819,6500000.0,5.0,2.0,1.0,Horror,October,12.0,0.2814,0.1443,0.0208,5.819,2332018.0
395834.0,"France, United Kingdom, United States of America",2017.0,en,7.434,11000000.0,5.0,3.0,1.0,Crime,August,3.0,0.2794,0.1481,0.0219,7.434,44998252.0
395991.0,United States of America,2017.0,en,7.4,38000000.0,5.0,2.0,1.0,Drama,September,22.0,0.2907,0.1246,0.0155,7.4,25754775.0
399404.0,"United Kingdom, United States of America",2017.0,en,7.351,30000000.0,5.0,2.0,1.0,Drama,November,22.0,0.3,0.1,0.01,7.351,150847207.0
305470.0,"United States of America, Hong Kong",2017.0,en,6.3,105000000.0,5.0,3.0,1.0,Action,March,23.0,0.3104,0.0602,0.0036,6.3,142300000.0
419680.0,United States of America,2017.0,en,6.3,69000000.0,5.0,1.0,1.0,Comedy,November,9.0,0.2967,0.1093,0.0119,6.3,180613180.0
444090.0,"Czech Republic, Ireland, Norway",2017.0,no,6.8,0.0,5.0,2.0,1.0,Adventure,September,29.0,0.2921,0.1212,0.0147,6.8,4522950.0
425972.0,"Australia, United Kingdom, United States of America",2017.0,en,6.41,0.0,5.0,3.0,2.0,Drama,October,6.0,0.276,0.1544,0.0238,6.41,56385.0
137116.0,"China, United States of America",2017.0,en,6.3,60000000.0,5.0,4.0,1.0,Animation,March,23.0,0.2449,0.2,0.04,6.3,197183546.0
298250.0,United States of America,2017.0,en,6.2,10000000.0,5.0,3.0,2.0,Horror,October,25.0,0.2605,0.1793,0.0322,6.2,104223315.0
394117.0,United States of America,2017.0,en,7.423,2000000.0,5.0,1.0,1.0,Drama,October,6.0,0.2714,0.1623,0.0263,7.423,11303040.0
399057.0,"United Kingdom, United States of America, Ireland",2017.0,en,7.022,3000000.0,5.0,3.0,1.0,Drama,October,20.0,0.3021,0.0933,0.0087,7.022,10700000.0
274862.0,"Australia, Denmark, United States of America",2017.0,en,6.494,70000000.0,5.0,5.0,3.0,Family,September,21.0,0.2611,0.1784,0.0318,6.494,123081555.0
359940.0,"United Kingdom, United States of America",2017.0,en,8.068,15000000.0,5.0,2.0,1.0,Crime,December,1.0,0.2588,0.1817,0.033,8.068,162729321.0
14564.0,United States of America,2017.0,en,5.0,25000000.0,5.0,1.0,1.0,Horror,February,1.0,0.286,0.1348,0.0182,5.0,83080890.0
381283.0,United States of America,2017.0,en,7.0,30000000.0,5.0,3.0,1.0,Drama,September,13.0,0.2863,0.1344,0.0181,7.0,44516999.0
433498.0,"Czech Republic, Malta, Serbia, Spain, United States of America",2017.0,en,7.341,0.0,5.0,1.0,1.0,Drama,September,7.0,0.27,0.1646,0.0271,7.341,10060903.0
337170.0,"Luxembourg, United States of America",2017.0,en,6.882,50000000.0,5.0,3.0,1.0,Comedy,August,18.0,0.2236,0.2236,0.05,6.882,133511855.0
488623.0,South Korea,2017.0,ko,7.9,0.0,5.0,3.0,1.0,Thriller,November,29.0,0.2905,0.1249,0.0156,7.9,9968972.0
405775.0,United States of America,2017.0,en,6.376,3000000.0,3.0,4.0,1.0,War,May,12.0,0.2803,0.1464,0.0214,6.376,4500000.0
293768.0,"United Kingdom, United States of America",2017.0,en,6.213,21000000.0,5.0,2.0,1.0,Action,August,3.0,0.3034,0.0892,0.008,6.213,30718107.0
417678.0,United States of America,2017.0,en,7.2,10000000.0,5.0,2.0,1.0,Drama,May,18.0,0.2515,0.1917,0.0368,7.2,61621140.0
265339.0,"Mexico, India, Brazil, Argentina, United States of America",2017.0,es,7.6,0.0,5.0,3.0,1.0,Animation,September,1.0,0.3,0.1,0.01,7.6,976967.0
314095.0,"United Kingdom, United States of America",2017.0,en,6.402,30000000.0,5.0,3.0,1.0,Adventure,March,15.0,0.2709,0.1631,0.0266,6.402,8574339.0
390051.0,"United Kingdom, United States of America",2017.0,en,5.7,10500000.0,5.0,2.0,1.0,Drama,February,28.0,0.2794,0.1481,0.0219,5.7,840809.0
301337.0,United States of America,2017.0,en,5.4,68000000.0,5.0,2.0,1.0,Drama,December,22.0,0.2813,0.1445,0.0209,5.4,55003890.0
290512.0,United States of America,2017.0,en,6.7,35000000.0,5.0,3.0,1.0,Drama,October,5.0,0.3048,0.0841,0.0071,6.7,62832209.0
436931.0,Japan,2017.0,ja,7.1,0.0,5.0,4.0,1.0,Family,July,15.0,0.2908,0.1243,0.0155,7.1,37552144.0
400617.0,"United States of America, China",2017.0,en,7.3,35000000.0,5.0,2.0,1.0,Drama,December,25.0,0.3003,0.0992,0.0098,7.3,47756590.0
446354.0,United States of America,2017.0,en,7.0,50000000.0,5.0,2.0,1.0,Drama,December,22.0,0.2895,0.1273,0.0162,7.0,179769467.0
398181.0,"France, United Kingdom",2017.0,en,6.549,17000000.0,5.0,3.0,1.0,Crime,November,8.0,0.2887,0.129,0.0166,6.549,9400000.0
384680.0,United States of America,2017.0,en,6.9,55000000.0,5.0,3.0,1.0,Drama,December,22.0,0.2752,0.1557,0.0242,6.9,36976336.0
437109.0,South Korea,2017.0,ko,6.9,125000.0,5.0,4.0,1.0,Action,June,8.0,0.2974,0.1076,0.0116,6.9,8737458.0
396371.0,"Canada, China, United States of America",2017.0,en,7.1,30000000.0,5.0,2.0,1.0,Drama,December,7.0,0.2789,0.149,0.0222,7.1,59284015.0
353616.0,"United States of America, China",2017.0,en,6.5,45000000.0,5.0,2.0,1.0,Comedy,December,20.0,0.2771,0.1523,0.0232,6.5,185400345.0
452773.0,"Spain, United Kingdom",2017.0,es,6.7,10778400.0,5.0,4.0,2.0,Animation,March,25.0,0.2886,0.1294,0.0167,6.7,34156960.0
440021.0,United States of America,2017.0,en,6.7,4800000.0,5.0,3.0,1.0,Comedy,October,12.0,0.2525,0.1904,0.0363,6.7,125479266.0
389015.0,United States of America,2017.0,en,7.5,11000000.0,5.0,2.0,1.0,Drama,December,8.0,0.254,0.1884,0.0355,7.5,53900000.0
397422.0,United States of America,2017.0,en,5.7,20000000.0,5.0,2.0,1.0,Drama,June,15.0,0.265,0.1726,0.0298,5.7,45056771.0
418078.0,United States of America,2017.0,en,5.854,5000000.0,6.0,3.0,1.0,Drama,June,9.0,0.2594,0.1809,0.0327,5.854,19280931.0
339259.0,"Belgium, Czech Republic, France, United Kingdom, United States of America",2017.0,en,6.553,32679734.0,5.0,4.0,1.0,War,May,25.0,0.2872,0.1323,0.0175,6.553,4412639.0
411873.0,"Canada, United States of America",2017.0,en,5.829,0.0,5.0,1.0,1.0,Comedy,June,30.0,0.2828,0.1414,0.02,5.829,1647675.0
431530.0,"United States of America, China",2017.0,en,6.3,28000000.0,5.0,1.0,2.0,Comedy,August,4.0,0.2966,0.1095,0.012,6.3,130560428.0
335360.0,"Canada, United States of America",2017.0,en,7.2,6000000.0,5.0,4.0,1.0,Family,October,5.0,0.294,0.1165,0.0136,7.2,61294644.0
428449.0,United States of America,2017.0,en,7.106,100000.0,5.0,4.0,1.0,Drama,April,24.0,0.2272,0.22,0.0484,7.106,1929659.0
350312.0,India,2017.0,te,7.4,31000000.0,5.0,3.0,1.0,Action,April,27.0,0.2286,0.2185,0.0477,7.4,280700000.0
462883.0,"Brazil, Canada, United States of America",2017.0,en,6.6,10000000.0,5.0,3.0,1.0,Comedy,October,5.0,0.2463,0.1983,0.0393,6.6,15316635.0
477776.0,Japan,2017.0,ja,7.2,0.0,5.0,4.0,1.0,Science Fiction,October,21.0,0.2572,0.1839,0.0338,7.2,639812.0
417644.0,United States of America,2017.0,en,6.1,25000000.0,5.0,3.0,1.0,Action,March,23.0,0.2814,0.1443,0.0208,6.1,26800152.0
399170.0,United States of America,2017.0,en,6.727,29000000.0,5.0,2.0,1.0,Comedy,August,17.0,0.26,0.18,0.0324,6.727,48453605.0
452910.0,China,2017.0,zh,7.6,0.0,5.0,4.0,1.0,Fantasy,July,13.0,0.2705,0.1638,0.0268,7.6,103818506.0
335777.0,"Canada, South Korea, United States of America",2017.0,en,5.971,40000000.0,5.0,4.0,1.0,Animation,August,11.0,0.2852,0.1366,0.0187,5.971,65100000.0
300665.0,United States of America,2017.0,en,5.6,0.0,5.0,2.0,2.0,Horror,September,14.0,0.254,0.1884,0.0355,5.6,1476843.0
425134.0,"Mexico, United States of America",2017.0,en,6.9,0.0,5.0,1.0,1.0,Comedy,March,6.0,0.2646,0.1732,0.03,6.9,26251899.0
417830.0,United States of America,2017.0,en,5.3,22000000.0,5.0,2.0,1.0,Comedy,May,19.0,0.2991,0.1028,0.0106,5.3,40120144.0
401513.0,Russia,2017.0,ru,6.7,5027266.0,5.0,4.0,1.0,Drama,January,26.0,0.268,0.1678,0.0282,6.7,19454845.0
203835.0,United States of America,2017.0,en,5.3,12000000.0,5.0,2.0,1.0,Horror,June,30.0,0.2405,0.2053,0.0421,5.3,8481997.0
395458.0,"China, United States of America",2017.0,en,5.9,25000000.0,5.0,4.0,1.0,Thriller,October,26.0,0.2824,0.1423,0.0203,5.9,12751667.0
417870.0,United States of America,2017.0,en,6.8,19000000.0,5.0,3.0,1.0,Comedy,July,21.0,0.265,0.1726,0.0298,6.8,140376621.0
420622.0,United States of America,2017.0,en,7.173,7000000.0,5.0,2.0,1.0,Drama,October,13.0,0.2661,0.1709,0.0292,7.173,1600000.0
403119.0,"Dominican Republic, United Kingdom, United States of America",2017.0,en,5.8,5500000.0,5.0,1.0,1.0,Horror,May,25.0,0.2966,0.1096,0.012,5.8,62198461.0
180863.0,"United Kingdom, United States of America",2017.0,en,6.9,18000000.0,5.0,3.0,1.0,Drama,January,27.0,0.2903,0.1253,0.0157,6.9,41681746.0
429200.0,United States of America,2017.0,en,7.2,0.0,5.0,2.0,2.0,Crime,August,11.0,0.2475,0.1968,0.0387,7.2,3283369.0
440597.0,"Canada, United States of America",2017.0,en,5.7,12000000.0,5.0,3.0,1.0,Horror,July,7.0,0.2705,0.1638,0.0268,5.7,14300000.0
399019.0,United States of America,2017.0,en,5.9,10500000.0,5.0,1.0,1.0,Drama,June,23.0,0.2771,0.1523,0.0232,5.9,27869129.0
430231.0,United States of America,2017.0,en,6.3,1000000.0,5.0,3.0,2.0,Science Fiction,November,5.0,0.2678,0.1682,0.0283,6.3,956425.0
452970.0,Japan,2017.0,ja,6.9,0.0,5.0,3.0,1.0,Action,October,27.0,0.2739,0.1581,0.025,6.9,2732673.0
435800.0,"China, Hong Kong",2017.0,zh,5.776,63900000.0,5.0,3.0,1.0,Adventure,January,28.0,0.263,0.1757,0.0309,5.776,248805149.0
430447.0,Japan,2017.0,ja,7.1,0.0,5.0,4.0,1.0,Adventure,July,8.0,0.289,0.1284,0.0165,7.1,42170089.0
402897.0,"Belgium, Canada, France, United Kingdom",2017.0,en,7.003,13000000.0,5.0,3.0,1.0,Comedy,October,20.0,0.2949,0.1142,0.013,7.003,24600000.0
472454.0,Turkey,2017.0,tr,8.0,4200000.0,5.0,3.0,1.0,Drama,October,27.0,0.2925,0.1202,0.0145,8.0,21107423.0
413594.0,Japan,2017.0,ja,7.733,0.0,5.0,5.0,1.0,Animation,February,18.0,0.2753,0.1557,0.0242,7.733,29322339.0
436274.0,Canada,2017.0,en,6.5,0.0,5.0,3.0,2.0,Thriller,July,17.0,0.2746,0.1569,0.0246,6.5,14097.0
390061.0,United States of America,2017.0,en,6.2,0.0,5.0,3.0,1.0,Drama,September,28.0,0.2889,0.1286,0.0165,6.2,4372130.0
372343.0,"Sweden, United Kingdom, United States of America",2017.0,en,5.2,35000000.0,5.0,4.0,1.0,Crime,August,24.0,0.2556,0.1862,0.0347,5.2,43203413.0
382597.0,France,2017.0,fr,5.723,32400000.0,5.0,2.0,1.0,Action,February,1.0,0.2938,0.117,0.0137,5.723,34598750.0
453575.0,Japan,2017.0,ja,7.3,0.0,5.0,3.0,1.0,Family,April,15.0,0.2502,0.1934,0.0374,7.3,15216719.0
365942.0,"China, United States of America",2017.0,en,7.1,30000000.0,5.0,4.0,1.0,Romance,January,26.0,0.2593,0.181,0.0328,7.1,14793385.0
416477.0,United States of America,2017.0,en,7.3,5000000.0,5.0,3.0,1.0,Comedy,March,30.0,0.2596,0.1806,0.0326,7.3,56303596.0
445030.0,Japan,2017.0,ja,7.8,0.0,5.0,5.0,1.0,Adventure,July,15.0,0.2372,0.2091,0.0437,7.8,6356284.0
445954.0,"United States of America, Bulgaria",2017.0,en,5.9,10000000.0,5.0,3.0,1.0,Thriller,October,27.0,0.2734,0.1589,0.0253,5.9,320705.0
339988.0,"United Arab Emirates, United States of America",2017.0,en,5.5,18000000.0,5.0,3.0,1.0,Drama,April,27.0,0.2761,0.1542,0.0238,5.5,40651864.0
283984.0,Japan,2017.0,ja,7.5,0.0,5.0,5.0,1.0,Action,October,14.0,0.2273,0.2199,0.0483,7.5,17422935.0
429733.0,United States of America,2017.0,en,6.4,2500000.0,5.0,3.0,1.0,Action,November,10.0,0.2608,0.1789,0.032,6.4,17366.0
407445.0,"Switzerland, United Kingdom",2017.0,en,7.44,0.0,5.0,2.0,1.0,Drama,October,13.0,0.2874,0.132,0.0174,7.44,5026154.0
462677.0,Japan,2017.0,ja,6.5,8000000.0,5.0,4.0,1.0,Animation,March,4.0,0.2992,0.1023,0.0105,6.5,61153455.0
431819.0,Japan,2017.0,ja,6.6,0.0,5.0,4.0,1.0,Animation,August,18.0,0.2714,0.1623,0.0263,6.6,26617621.0
335788.0,"Germany, Belgium, France, United States of America",2017.0,en,5.6,66190000.0,5.0,2.0,1.0,Thriller,August,21.0,0.2841,0.1389,0.0193,5.6,2602149.0
418680.0,"United Kingdom, United States of America",2017.0,en,7.047,0.0,5.0,3.0,1.0,Family,September,29.0,0.2933,0.1181,0.0139,7.047,7299662.0
402529.0,United States of America,2017.0,en,6.7,40000000.0,5.0,3.0,1.0,History,June,12.0,0.2,0.2449,0.06,6.7,44922302.0
461078.0,Japan,2017.0,ja,6.26,0.0,5.0,3.0,1.0,Animation,August,25.0,0.272,0.1612,0.026,6.26,3891.0
428707.0,Japan,2017.0,ja,7.7,0.0,5.0,2.0,1.0,Animation,March,18.0,0.2667,0.17,0.0289,7.7,8261488.0
437068.0,South Korea,2017.0,ko,8.1,12820005.0,5.0,3.0,1.0,Action,August,2.0,0.2711,0.1629,0.0265,8.1,81927980.0
397415.0,United States of America,2017.0,en,5.5,7500000.0,5.0,3.0,1.0,Action,March,16.0,0.2816,0.1439,0.0207,5.5,4526.0
354556.0,Russia,2017.0,ru,5.0,5400000.0,5.0,6.0,1.0,Action,February,14.0,0.2919,0.1216,0.0148,5.0,9765483.0
324542.0,United States of America,2017.0,en,5.9,30000000.0,5.0,3.0,1.0,Action,January,12.0,0.2883,0.1299,0.0169,5.9,32540674.0
369192.0,"United Kingdom, United States of America",2017.0,en,6.8,25000000.0,5.0,3.0,2.0,Drama,September,22.0,0.2782,0.1504,0.0226,6.8,12638526.0
471968.0,Russia,2017.0,ru,6.9,8250000.0,5.0,5.0,1.0,Fantasy,October,19.0,0.2887,0.1291,0.0167,6.9,30060061.0
452557.0,China,2017.0,zh,6.5,29700000.0,5.0,3.0,1.0,War,July,27.0,0.2395,0.2065,0.0427,6.5,870322670.0
400710.0,United States of America,2017.0,en,5.655,19000000.0,5.0,3.0,1.0,Drama,September,28.0,0.2934,0.1179,0.0139,5.655,45158254.0
513434.0,Japan,2017.0,ja,7.629,52406.0,5.0,2.0,1.0,Comedy,November,4.0,0.2753,0.1557,0.0242,7.629,27590180.0
257785.0,"United Kingdom, United States of America",2017.0,en,6.5,25000000.0,5.0,2.0,1.0,Drama,July,13.0,0.2934,0.1181,0.0139,6.5,9204549.0
292280.0,United States of America,2017.0,en,5.2,7400000.0,5.0,2.0,1.0,Horror,January,12.0,0.2716,0.162,0.0262,5.2,26700000.0
455714.0,Thailand,2017.0,th,7.892,1839169.0,5.0,4.0,1.0,Drama,May,3.0,0.2949,0.114,0.013,7.892,42350000.0
424488.0,"Spain, United States of America",2017.0,en,7.3,0.0,5.0,2.0,1.0,Drama,June,9.0,0.2722,0.1609,0.0259,7.3,13406883.0
428493.0,United Kingdom,2017.0,en,7.8,0.0,5.0,2.0,1.0,Romance,August,31.0,0.2758,0.1546,0.0239,7.8,2559939.0
446791.0,"Italy, United States of America",2017.0,en,6.473,50000000.0,5.0,3.0,1.0,Crime,December,21.0,0.2882,0.1301,0.0169,6.473,56996304.0
429467.0,Ireland,2017.0,en,5.0,0.0,5.0,3.0,1.0,Horror,October,5.0,0.2887,0.1291,0.0167,5.0,916727.0
435577.0,Norway,2017.0,no,7.1,7806306.0,5.0,2.0,1.0,War,December,25.0,0.2929,0.1193,0.0142,7.1,9567121.0
433422.0,Japan,2017.0,ja,6.6,0.0,5.0,5.0,1.0,Action,May,6.0,0.2512,0.1921,0.0369,6.6,1420035.0
415381.0,Russia,2017.0,ru,6.1,5610000.0,5.0,3.0,2.0,Fantasy,November,30.0,0.2333,0.2134,0.0456,6.1,10657499.0
396810.0,United States of America,2017.0,en,6.6,0.0,5.0,2.0,1.0,Comedy,March,3.0,0.3025,0.0923,0.0085,6.6,1783421.0
334521.0,United Kingdom,2017.0,en,6.3,7000000.0,5.0,3.0,1.0,Action,March,31.0,0.2942,0.1159,0.0134,6.3,3719383.0
449664.0,United States of America,2017.0,en,4.5,0.0,5.0,2.0,1.0,Horror,June,19.0,0.25,0.1936,0.0375,4.5,1870824.0
373569.0,United States of America,2017.0,en,5.3,42000000.0,5.0,2.0,1.0,Action,May,3.0,0.261,0.1786,0.0319,5.3,60800000.0
339877.0,"United Kingdom, Poland",2017.0,en,7.995,5500000.0,5.0,4.0,2.0,Animation,June,22.0,0.2534,0.1892,0.0358,7.995,42187665.0
413644.0,"Belgium, France, United States of America",2017.0,en,6.5,30000000.0,5.0,3.0,2.0,Family,July,26.0,0.2941,0.1163,0.0135,6.5,46372519.0
397837.0,United States of America,2017.0,en,7.0,5000000.0,5.0,2.0,1.0,Drama,March,2.0,0.24,0.2059,0.0424,7.0,16373843.0
345915.0,United States of America,2017.0,en,5.2,0.0,5.0,4.0,2.0,Action,June,8.0,0.2857,0.1355,0.0183,5.2,855888.0
408266.0,"China, United States of America",2017.0,en,5.7,31000000.0,5.0,2.0,1.0,Action,August,25.0,0.2945,0.1153,0.0133,5.7,7125027.0
383785.0,"China, Hong Kong, Iceland, India, South Korea, United Arab Emirates",2017.0,zh,5.9,65000000.0,5.0,5.0,1.0,Comedy,January,27.0,0.2915,0.1226,0.015,5.9,254212245.0
450322.0,"Ireland, Canada",2017.0,en,6.8,17000000.0,5.0,4.0,1.0,Drama,October,12.0,0.2858,0.1353,0.0183,6.8,8100000.0
449574.0,Japan,2017.0,ja,6.4,0.0,5.0,3.0,2.0,Animation,November,17.0,0.3079,0.0721,0.0052,6.4,3300000.0
435129.0,"Canada, Ireland, Luxembourg, United States of America",2017.0,en,7.841,0.0,5.0,4.0,1.0,Animation,November,17.0,0.2688,0.1666,0.0278,7.841,312381.0
467012.0,"Indonesia, South Korea",2017.0,id,6.6,147983.0,5.0,3.0,1.0,Drama,September,28.0,0.2399,0.2061,0.0425,6.6,3888635.0
339967.0,"Canada, South Korea, Spain, United States of America",2017.0,en,6.3,0.0,5.0,3.0,1.0,Drama,April,6.0,0.2857,0.1355,0.0183,6.3,3029287.0
470114.0,"United States of America, South Africa, China",2017.0,en,5.9,0.0,5.0,4.0,1.0,Action,October,26.0,0.2949,0.1142,0.013,5.9,5800000.0
424998.0,United States of America,2017.0,en,6.8,3000000.0,5.0,1.0,1.0,Drama,April,7.0,0.2878,0.1311,0.0172,6.8,18200000.0
453354.0,France,2017.0,fr,6.3,3000000.0,5.0,1.0,1.0,Drama,June,21.0,0.2335,0.2133,0.0455,6.3,500000.0
354861.0,United States of America,2017.0,en,5.8,25000000.0,5.0,1.0,1.0,Comedy,December,21.0,0.2502,0.1934,0.0374,5.8,25601244.0
347629.0,United States of America,2017.0,en,6.5,20000000.0,5.0,2.0,1.0,Drama,October,26.0,0.2719,0.1615,0.0261,6.5,9995692.0
398924.0,"Belgium, Canada, Czech Republic, France",2017.0,fr,7.8,21400000.0,5.0,2.0,1.0,War,January,18.0,0.2772,0.1523,0.0232,7.8,10898998.0
426284.0,"Japan, South Korea, United Kingdom",2017.0,ja,6.703,0.0,5.0,3.0,1.0,Action,April,29.0,0.2598,0.1803,0.0325,6.703,150532.0
413998.0,"United Kingdom, United States of America",2017.0,en,5.7,0.0,5.0,2.0,1.0,Drama,June,8.0,0.2734,0.1589,0.0253,5.7,9200168.0
408648.0,United States of America,2017.0,en,6.1,3500000.0,5.0,7.0,1.0,Adventure,August,14.0,0.2685,0.167,0.0279,6.1,39091.0
437670.0,Germany,2017.0,de,6.033,0.0,5.0,1.0,1.0,Comedy,October,26.0,0.2741,0.1578,0.0249,6.033,64236772.0
269795.0,"Australia, United Kingdom, United States of America",2017.0,en,6.0,0.0,5.0,4.0,1.0,Science Fiction,June,29.0,0.2744,0.1572,0.0247,6.0,3945729.0
289222.0,"Czech Republic, United Kingdom, United States of America",2017.0,en,7.3,20000000.0,5.0,3.0,1.0,Drama,March,24.0,0.2469,0.1976,0.039,7.3,26152835.0
437031.0,Spain,2017.0,es,6.822,0.0,5.0,1.0,1.0,War,March,10.0,0.29,0.1262,0.0159,6.822,5000000.0
300687.0,United States of America,2017.0,en,6.9,0.0,5.0,1.0,1.0,Drama,October,20.0,0.2782,0.1504,0.0226,6.9,6423605.0
397538.0,"Denmark, Finland, Sweden, Czech Republic",2017.0,sv,6.9,7500000.0,5.0,2.0,1.0,Drama,September,8.0,0.2911,0.1235,0.0153,6.9,16657800.0
406994.0,"United States of America, Australia",2017.0,en,6.7,0.0,5.0,3.0,1.0,Comedy,October,6.0,0.2959,0.1115,0.0124,6.7,176288.0
416186.0,"Myanmar, France",2017.0,fr,6.6,12840746.0,5.0,3.0,1.0,Drama,June,24.0,0.2795,0.148,0.0219,6.6,82264.0
295693.0,United States of America,2017.0,en,6.446,125000000.0,5.0,3.0,1.0,Animation,March,23.0,0.2961,0.111,0.0123,6.446,527965936.0
345922.0,United States of America,2017.0,en,6.1,22000000.0,5.0,1.0,1.0,Comedy,February,16.0,0.299,0.1029,0.0106,6.1,41087017.0
427900.0,United States of America,2017.0,en,6.1,12000000.0,5.0,3.0,1.0,Comedy,September,7.0,0.3062,0.079,0.0062,6.1,27020284.0
413362.0,"United Arab Emirates, United States of America, Canada, China",2017.0,en,6.3,22000000.0,5.0,3.0,1.0,Drama,November,17.0,0.2871,0.1326,0.0176,6.3,13025860.0
425336.0,"Bulgaria, Spain",2017.0,es,6.3,4667008.0,5.0,2.0,1.0,Crime,October,12.0,0.2598,0.1803,0.0325,6.3,17535962.0
433945.0,Japan,2017.0,ja,7.1,0.0,5.0,3.0,1.0,Action,July,16.0,0.2492,0.1946,0.0379,7.1,5379371.0
362585.0,Japan,2017.0,ja,8.1,0.0,4.0,3.0,1.0,Animation,January,6.0,0.2811,0.1448,0.021,8.1,817874.0
418437.0,United States of America,2017.0,en,5.891,12000000.0,5.0,2.0,1.0,Drama,March,6.0,0.2435,0.2017,0.0407,5.891,17800000.0
390056.0,United States of America,2017.0,en,6.6,0.0,5.0,2.0,1.0,Drama,September,15.0,0.2782,0.1504,0.0226,6.6,944370.0
364733.0,United States of America,2017.0,en,6.1,0.0,5.0,2.0,1.0,Drama,July,14.0,0.2903,0.1254,0.0157,6.1,12522.0
336000.0,"Hong Kong, United States of America",2017.0,en,7.1,9000000.0,5.0,1.0,1.0,Drama,August,11.0,0.2111,0.2355,0.0555,7.1,22088533.0
414453.0,United States of America,2017.0,en,7.1,700000.0,5.0,1.0,1.0,Drama,August,4.0,0.2828,0.1414,0.02,7.1,1015744.0
436391.0,South Korea,2017.0,ko,7.1,21000000.0,5.0,4.0,1.0,Action,July,26.0,0.301,0.0971,0.0094,7.1,46183383.0
404733.0,"Belgium, France, United States of America",2017.0,en,6.1,28210303.0,5.0,3.0,1.0,Thriller,June,16.0,0.2973,0.1079,0.0116,6.1,11247280.0
401898.0,"Denmark, France, Norway, Sweden",2017.0,no,6.8,5700000.0,5.0,3.0,1.0,Drama,September,15.0,0.273,0.1597,0.0255,6.8,1500000.0
434119.0,South Korea,2017.0,ko,6.84,8520000.0,5.0,2.0,1.0,Action,January,18.0,0.2708,0.1633,0.0267,6.84,56100000.0
435901.0,Russia,2017.0,ru,5.5,2000000.0,5.0,3.0,1.0,Romance,March,23.0,0.2895,0.1273,0.0162,5.5,182710.0
438058.0,Japan,2017.0,ja,6.5,0.0,5.0,4.0,1.0,Animation,April,15.0,0.2668,0.1698,0.0288,6.5,63147576.0
297160.0,"United States of America, Canada",2017.0,en,5.0,0.0,5.0,1.0,4.0,Horror,February,17.0,0.2964,0.1103,0.0122,5.0,55668.0
454699.0,"United Kingdom, Germany",2017.0,en,5.9,0.0,5.0,4.0,1.0,Animation,August,24.0,0.2495,0.1943,0.0378,5.9,29230695.0
394830.0,"Romania, United Kingdom, United States of America",2017.0,en,5.7,0.0,5.0,3.0,1.0,Horror,April,27.0,0.2941,0.1163,0.0135,5.7,6554322.0
461714.0,China,2017.0,en,5.5,15119234.0,5.0,2.0,1.0,Action,June,16.0,0.2758,0.1547,0.0239,5.5,1637776.0
419835.0,"United Kingdom, United States of America",2017.0,en,6.379,0.0,5.0,3.0,1.0,Mystery,September,6.0,0.2751,0.156,0.0243,6.379,2049844.0
95608.0,United States of America,2017.0,en,6.375,0.0,5.0,1.0,1.0,Drama,July,27.0,0.2908,0.1243,0.0155,6.375,2600000.0
313943.0,United Kingdom,2017.0,en,5.5,4000000.0,5.0,2.0,1.0,Science Fiction,July,1.0,0.2874,0.132,0.0174,5.5,24416.0
426238.0,United States of America,2017.0,en,6.1,0.0,5.0,2.0,1.0,Drama,August,25.0,0.2557,0.186,0.0346,6.1,486623.0
445040.0,United States of America,2017.0,en,6.5,0.0,5.0,3.0,1.0,History,November,3.0,0.2683,0.1673,0.028,6.5,1361611.0
430474.0,"Belgium, China, Spain, Switzerland, United Kingdom, United States of America",2017.0,en,6.0,6000000.0,5.0,3.0,1.0,Animation,May,11.0,0.2595,0.1808,0.0327,6.0,10972300.0
316154.0,United States of America,2017.0,en,5.3,6000000.0,5.0,3.0,1.0,Drama,June,23.0,0.2828,0.1414,0.02,5.3,180851.0
371638.0,United States of America,2017.0,en,7.109,10000000.0,5.0,2.0,1.0,Comedy,March,12.0,0.264,0.1741,0.0303,7.109,29820616.0
339987.0,"United Kingdom, United States of America, Germany, Belgium",2017.0,en,6.9,0.0,5.0,2.0,1.0,War,June,2.0,0.2818,0.1435,0.0206,6.9,708973.0
429191.0,"Chile, Germany, Spain, United States of America",2017.0,es,7.026,0.0,5.0,1.0,1.0,Drama,April,6.0,0.2828,0.1414,0.02,7.026,1880736.0
425980.0,United States of America,2017.0,en,6.234,0.0,5.0,2.0,1.0,Comedy,September,14.0,0.2829,0.1413,0.02,6.234,2400000.0
301355.0,"Belgium, Canada, United Kingdom, United States of America",2017.0,en,6.3,10000000.0,5.0,3.0,1.0,Action,May,10.0,0.2916,0.1223,0.015,6.3,315132.0
334536.0,"Canada, France, United States of America",2017.0,en,5.842,0.0,5.0,3.0,1.0,Horror,March,31.0,0.2219,0.2253,0.0508,5.842,19980.0
480572.0,"United States of America, Bulgaria",2017.0,en,5.0,0.0,5.0,3.0,1.0,Crime,December,7.0,0.2449,0.2,0.04,5.0,87465.0
396940.0,United States of America,2017.0,en,6.5,0.0,5.0,2.0,1.0,Drama,September,29.0,0.2668,0.1698,0.0288,6.5,33109.0
451955.0,"Belgium, France",2017.0,fr,6.1,7110000.0,5.0,3.0,1.0,Romance,May,26.0,0.2506,0.1929,0.0372,6.1,4248574.0
455551.0,Canada,2017.0,en,4.6,5000000.0,5.0,2.0,1.0,Science Fiction,June,2.0,0.2811,0.1448,0.021,4.6,1319566.0
467433.0,United States of America,2017.0,en,7.3,0.0,5.0,1.0,1.0,Drama,September,29.0,0.2985,0.1043,0.0109,7.3,2587072.0
323368.0,United States of America,2017.0,en,5.791,0.0,5.0,3.0,1.0,Mystery,December,22.0,0.2608,0.1789,0.032,5.791,104503.0
383709.0,United States of America,2017.0,en,6.0,7000000.0,5.0,1.0,1.0,Drama,October,13.0,0.2593,0.181,0.0328,6.0,1947099.0
407448.0,United States of America,2017.0,en,7.275,34000000.0,5.0,4.0,1.0,Crime,July,28.0,0.2911,0.1235,0.0152,7.275,23400000.0
459202.0,United States of America,2017.0,en,5.7,25000000.0,5.0,1.0,1.0,Comedy,October,20.0,0.2748,0.1565,0.0245,5.7,48333932.0
395993.0,"Hong Kong, United States of America",2017.0,en,7.0,30000000.0,5.0,1.0,1.0,Drama,September,22.0,0.2372,0.2091,0.0437,7.0,8484418.0
430214.0,Japan,2017.0,ja,7.475,0.0,5.0,4.0,1.0,Comedy,April,7.0,0.2959,0.1115,0.0124,7.475,3878208.0
412547.0,"Canada, United States of America, United Kingdom",2017.0,en,4.8,0.0,5.0,2.0,1.0,Action,September,22.0,0.2946,0.1149,0.0132,4.8,197616.0
431572.0,"Japan, Spain, United States of America",2017.0,ja,6.8,0.0,5.0,4.0,1.0,Action,August,4.0,0.2183,0.2288,0.0524,6.8,2077113.0
283591.0,Ireland,2017.0,en,7.3,0.0,5.0,2.0,1.0,Drama,March,23.0,0.2853,0.1364,0.0186,7.3,152761.0
469721.0,Ireland,2017.0,en,5.5,0.0,5.0,3.0,1.0,Horror,November,24.0,0.2385,0.2076,0.0431,5.5,323776.0
420648.0,Spain,2017.0,es,6.3,6045750.0,5.0,3.0,1.0,Horror,February,15.0,0.3006,0.0983,0.0097,6.3,3662671.0
423453.0,"Canada, France",2017.0,fr,5.9,0.0,5.0,4.0,1.0,Adventure,February,1.0,0.2596,0.1806,0.0326,5.9,8061843.0
315064.0,"Australia, China, South Korea, Spain, United States of America",2017.0,en,6.216,17000000.0,5.0,4.0,3.0,Comedy,June,23.0,0.283,0.1412,0.0199,6.216,13285512.0
430424.0,"Canada, France",2017.0,fr,7.8,23000000.0,5.0,3.0,1.0,Drama,October,25.0,0.2771,0.1523,0.0232,7.8,15100000.0
453191.0,"Belgium, France",2017.0,fr,7.7,3000000.0,5.0,3.0,2.0,Family,June,21.0,0.265,0.1726,0.0298,7.7,19030780.0
330947.0,United States of America,2017.0,en,5.5,10000000.0,5.0,2.0,1.0,Romance,March,17.0,0.2976,0.1071,0.0115,5.5,1710528.0
452551.0,"China, Czech Republic, Hong Kong, United States of America",2017.0,cn,6.0,0.0,5.0,3.0,1.0,Action,August,11.0,0.2944,0.1155,0.0133,6.0,216556.0
432131.0,Japan,2017.0,ja,7.6,0.0,5.0,5.0,1.0,Animation,January,21.0,0.2862,0.1345,0.0181,7.6,511132.0
432985.0,Japan,2017.0,ja,6.819,0.0,5.0,3.0,1.0,Action,July,14.0,0.2759,0.1545,0.0239,6.819,47455832.0
398177.0,"Canada, United States of America",2017.0,en,4.9,22000000.0,5.0,2.0,1.0,Action,December,1.0,0.2797,0.1476,0.0218,4.9,6069605.0
441909.0,"Austria, India",2017.0,hi,6.1,20000000.0,5.0,3.0,1.0,Action,December,18.0,0.2705,0.1638,0.0268,6.1,87530000.0
432602.0,United States of America,2017.0,en,6.6,1000000.0,5.0,1.0,2.0,Documentary,July,28.0,0.2335,0.2133,0.0455,6.6,5398976.0
453364.0,"Germany, Austria",2017.0,fa,7.1,0.0,5.0,2.0,1.0,Drama,October,4.0,0.236,0.2105,0.0443,7.1,349886.0
398174.0,United Kingdom,2017.0,en,6.4,10000000.0,5.0,2.0,1.0,Romance,November,17.0,0.2779,0.1509,0.0228,6.4,3179847.0
337676.0,"France, Italy",2017.0,fr,6.713,0.0,5.0,2.0,1.0,Romance,September,7.0,0.2851,0.1369,0.0187,6.713,1200387.0
413765.0,United States of America,2017.0,en,6.9,179554.0,5.0,1.0,3.0,Documentary,February,15.0,0.2556,0.1862,0.0347,6.9,311470.0
438740.0,Russia,2017.0,ru,7.1,15000000.0,5.0,3.0,1.0,Action,September,22.0,0.2958,0.1119,0.0125,7.1,13767037.0
440642.0,Russia,2017.0,ru,7.0,7075038.0,5.0,4.0,1.0,Adventure,April,6.0,0.2801,0.1467,0.0215,7.0,9868942.0
466876.0,"Canada, United Kingdom, United States of America",2017.0,en,6.05,0.0,5.0,5.0,1.0,Family,November,2.0,0.297,0.1087,0.0118,6.05,10800715.0
444539.0,"Germany, Spain, United Kingdom",2017.0,en,6.488,5400000.0,5.0,1.0,1.0,Drama,November,10.0,0.2747,0.1567,0.0245,6.488,12055868.0
423899.0,"India, United Kingdom, United States of America",2017.0,en,6.9,22000000.0,5.0,2.0,1.0,Drama,September,13.0,0.2864,0.1341,0.018,6.9,65400000.0
413992.0,"United States of America, Canada",2017.0,en,5.8,0.0,5.0,2.0,1.0,Drama,November,17.0,0.2864,0.134,0.018,5.8,10456.0
432068.0,France,2017.0,fr,7.0,17200000.0,5.0,1.0,2.0,Comedy,October,4.0,0.2856,0.1357,0.0184,7.0,23800000.0
437103.0,South Korea,2017.0,ko,8.101,12308000.0,5.0,3.0,1.0,Drama,December,27.0,0.3028,0.0913,0.0083,8.101,49380115.0
451995.0,France,2017.0,fr,7.7,0.0,5.0,1.0,2.0,Documentary,June,28.0,0.2449,0.2,0.04,7.7,1108983.0
437081.0,South Korea,2017.0,ko,6.737,0.0,5.0,4.0,1.0,War,October,3.0,0.2556,0.1862,0.0347,6.737,28645448.0
456570.0,India,2017.0,hi,7.3,3213790.0,5.0,2.0,1.0,Comedy,May,19.0,0.2852,0.1366,0.0187,7.3,52390000.0
432616.0,"Belgium, France",2017.0,fr,7.279,0.0,5.0,4.0,1.0,Drama,December,20.0,0.2901,0.1259,0.0158,7.279,9242157.0
456048.0,United States of America,2017.0,en,4.8,6000000.0,5.0,2.0,1.0,Science Fiction,July,11.0,0.2853,0.1364,0.0186,4.8,17544173.0
452187.0,France,2017.0,fr,7.0,0.0,5.0,2.0,1.0,Drama,November,22.0,0.2649,0.1728,0.0299,7.0,10968212.0
412678.0,"Romania, United States of America",2017.0,en,5.0,7000000.0,5.0,4.0,1.0,Crime,January,23.0,0.2916,0.1223,0.015,5.0,37766.0
397852.0,Finland,2017.0,fi,5.53,1686858.0,5.0,3.0,1.0,Action,September,22.0,0.2777,0.1512,0.0229,5.53,1891907.0
369894.0,United States of America,2017.0,en,6.2,0.0,5.0,1.0,1.0,Drama,May,19.0,0.2928,0.1195,0.0143,6.2,798214.0
426338.0,Spain,2017.0,es,6.8,3144622.0,5.0,2.0,2.0,Comedy,September,29.0,0.2558,0.1859,0.0345,6.8,2963886.0
411741.0,United States of America,2017.0,en,6.4,0.0,5.0,2.0,1.0,Comedy,August,11.0,0.294,0.1165,0.0136,6.4,24931915.0
423646.0,"France, Germany, Italy",2017.0,de,6.9,0.0,5.0,2.0,1.0,Drama,November,23.0,0.2804,0.1462,0.0214,6.9,4997844.0
392982.0,"Hong Kong, United States of America",2017.0,en,7.2,12000000.0,5.0,1.0,1.0,Drama,October,13.0,0.2744,0.1572,0.0247,7.2,10051659.0
345923.0,United States of America,2017.0,en,5.2,30000000.0,5.0,3.0,1.0,Mystery,August,10.0,0.2828,0.1414,0.02,5.2,646946.0
401546.0,United States of America,2017.0,en,4.5,0.0,5.0,3.0,1.0,Drama,May,5.0,0.2846,0.1378,0.019,4.5,2500000.0
435841.0,South Korea,2017.0,ko,7.1,0.0,5.0,2.0,1.0,Action,December,14.0,0.2414,0.2043,0.0417,7.1,32783733.0
411976.0,United States of America,2017.0,en,6.4,0.0,5.0,1.0,1.0,Drama,October,27.0,0.2879,0.1307,0.0171,6.4,580346.0
382614.0,United States of America,2017.0,en,7.5,10000000.0,5.0,3.0,1.0,Drama,June,16.0,0.273,0.1597,0.0255,7.5,4596705.0
345914.0,United States of America,2017.0,en,5.6,40000000.0,5.0,1.0,1.0,Comedy,June,29.0,0.2832,0.1408,0.0198,5.6,34200000.0
353569.0,United States of America,2017.0,en,5.9,5000000.0,5.0,2.0,1.0,Comedy,March,3.0,0.2775,0.1517,0.023,5.9,5042014.0
378423.0,"Belgium, Germany, Luxembourg, Netherlands",2017.0,nl,6.5,0.0,5.0,3.0,1.0,Adventure,January,19.0,0.288,0.1306,0.0171,6.5,453511.0
420707.0,Australia,2017.0,en,4.6,0.0,5.0,3.0,1.0,Horror,August,11.0,0.2741,0.1576,0.0248,4.6,863413.0
448779.0,France,2017.0,fr,6.3,7300000.0,5.0,4.0,1.0,Adventure,July,26.0,0.2853,0.1364,0.0186,6.3,12400000.0
485894.0,Italy,2017.0,it,6.2,0.0,5.0,1.0,1.0,Thriller,December,28.0,0.2596,0.1806,0.0326,6.2,7197082.0
416160.0,United States of America,2017.0,en,4.9,5000000.0,5.0,2.0,1.0,Horror,September,1.0,0.2801,0.1469,0.0216,4.9,5728.0
455558.0,"Canada, United States of America",2017.0,en,5.1,5500000.0,5.0,2.0,1.0,Drama,September,7.0,0.2647,0.173,0.0299,5.1,200229.0
407449.0,United States of America,2017.0,en,7.3,0.0,5.0,1.0,1.0,Drama,September,29.0,0.2712,0.1627,0.0265,7.3,955925.0
451751.0,United States of America,2017.0,en,7.22,0.0,5.0,3.0,1.0,Thriller,October,13.0,0.2646,0.1732,0.03,7.22,237708.0
401246.0,"Denmark, France, Germany, Sweden, United States of America",2017.0,sv,6.8,0.0,5.0,1.0,1.0,Drama,August,25.0,0.2863,0.1342,0.018,6.8,9494535.0
428495.0,"Denmark, France, Germany, Morocco, Sweden",2017.0,en,6.6,4250000.0,5.0,3.0,1.0,Thriller,June,19.0,0.2994,0.1017,0.0103,6.6,81089.0
398929.0,France,2017.0,fr,6.473,7546570.0,5.0,2.0,1.0,Comedy,February,15.0,0.2855,0.1359,0.0185,6.473,29370592.0
459073.0,South Korea,2017.0,ko,7.812,0.0,5.0,3.0,1.0,Mystery,June,15.0,0.2726,0.1603,0.0257,7.812,8500000.0
429189.0,United States of America,2017.0,en,6.4,25000000.0,5.0,2.0,1.0,Drama,December,1.0,0.2926,0.1201,0.0144,6.4,15366466.0
451945.0,France,2017.0,fr,7.707,6600000.0,5.0,1.0,1.0,Drama,August,23.0,0.2785,0.1497,0.0224,7.707,7632420.0
438457.0,United States of America,2017.0,en,6.2,8000000.0,5.0,1.0,1.0,Western,December,15.0,0.2855,0.136,0.0185,6.2,7856.0
433356.0,"Turkey, United States of America",2017.0,en,6.1,40000000.0,5.0,3.0,1.0,Romance,March,28.0,0.2804,0.1463,0.0214,6.1,413844.0
429199.0,"Finland, Germany",2017.0,fi,6.9,0.0,5.0,2.0,1.0,Comedy,February,3.0,0.2946,0.1148,0.0132,6.9,1657449.0
461083.0,Japan,2017.0,ja,7.0,0.0,5.0,4.0,1.0,Action,August,26.0,0.2936,0.1175,0.0138,7.0,1118410.0
378111.0,"Belgium, Germany, Luxembourg, Norway, United States of America",2017.0,en,5.954,0.0,5.0,5.0,2.0,Animation,April,28.0,0.2631,0.1755,0.0308,5.954,14400000.0
367147.0,United States of America,2017.0,en,6.1,0.0,5.0,2.0,1.0,Mystery,May,28.0,0.279,0.1489,0.0222,6.1,73121.0
438703.0,Turkey,2017.0,tr,4.514,0.0,5.0,1.0,1.0,Comedy,February,16.0,0.254,0.1884,0.0355,4.514,28952258.0
461758.0,Japan,2017.0,ja,7.4,0.0,5.0,6.0,1.0,Adventure,September,30.0,0.2502,0.1934,0.0374,7.4,382119.0
444431.0,"France, Germany, Israel, Switzerland",2017.0,he,6.809,0.0,5.0,1.0,1.0,Drama,September,2.0,0.3015,0.0953,0.0091,6.809,1356159.0
450932.0,United States of America,2017.0,en,5.1,0.0,5.0,3.0,1.0,Action,August,4.0,0.2828,0.1414,0.02,5.1,52036.0
429107.0,"Canada, United States of America",2017.0,en,5.8,0.0,5.0,2.0,1.0,Comedy,June,9.0,0.291,0.1237,0.0153,5.8,7.0
411019.0,"Belgium, France, United States of America",2017.0,en,7.727,1000000.0,5.0,1.0,1.0,Documentary,February,3.0,0.3027,0.0914,0.0084,7.727,7123919.0
441728.0,United Kingdom,2017.0,en,6.0,0.0,5.0,2.0,1.0,Comedy,June,23.0,0.2913,0.1231,0.0152,6.0,6335171.0
405204.0,"Iceland, Finland, United States of America, Sweden, Denmark, Germany",2017.0,fi,6.7,4200000.0,5.0,1.0,1.0,Drama,February,24.0,0.2898,0.1265,0.016,6.7,1792414.0
415311.0,United States of America,2017.0,en,4.9,0.0,5.0,2.0,1.0,Thriller,April,23.0,0.2528,0.19,0.0361,4.9,5500000.0
373546.0,United States of America,2017.0,en,6.3,0.0,5.0,1.0,1.0,Drama,May,5.0,0.2735,0.1588,0.0252,6.3,502518.0
440777.0,United States of America,2017.0,en,6.3,2000000.0,5.0,1.0,1.0,Action,March,16.0,0.3032,0.0899,0.0081,6.3,22253.0
480881.0,United States of America,2017.0,en,5.6,3000000.0,5.0,1.0,1.0,Drama,October,27.0,0.2709,0.1632,0.0266,5.6,7240000.0
425942.0,"Spain, Argentina",2017.0,es,6.1,4000000.0,5.0,4.0,1.0,Mystery,January,19.0,0.2562,0.1854,0.0344,6.1,1440000.0
415401.0,"Denmark, United Kingdom",2017.0,en,6.3,0.0,5.0,2.0,1.0,Comedy,July,27.0,0.2898,0.1266,0.016,6.3,3300000.0
324538.0,United Kingdom,2017.0,en,5.528,0.0,5.0,2.0,1.0,Thriller,October,23.0,0.2932,0.1184,0.014,5.528,19532.0
340101.0,"France, Sweden, United Kingdom",2017.0,en,6.7,11795877.0,5.0,3.0,1.0,Romance,February,19.0,0.291,0.1237,0.0153,6.7,3603484.0
403431.0,United States of America,2017.0,en,7.1,0.0,5.0,2.0,1.0,Comedy,July,27.0,0.2913,0.123,0.0151,7.1,532669.0
346681.0,United States of America,2017.0,en,6.0,0.0,5.0,2.0,1.0,Comedy,March,24.0,0.2711,0.1629,0.0265,6.0,653951.0
475242.0,"United States of America, Italy",2017.0,it,7.046,0.0,5.0,1.0,1.0,Drama,September,18.0,0.2667,0.17,0.0289,7.046,338778.0
363126.0,Australia,2017.0,en,6.0,0.0,5.0,3.0,1.0,Mystery,April,20.0,0.2951,0.1136,0.0129,6.0,397783.0
470819.0,United States of America,2017.0,en,7.5,0.0,3.0,1.0,1.0,Documentary,December,28.0,0.2778,0.1511,0.0228,7.5,1723379.0
400728.0,"Iceland, Finland, Belgium",2017.0,fi,7.5,8000000.0,5.0,2.0,1.0,War,October,27.0,0.2851,0.1369,0.0187,7.5,15550000.0
345317.0,"United Kingdom, United States of America",2017.0,en,6.052,0.0,5.0,2.0,1.0,History,August,3.0,0.284,0.1391,0.0194,6.052,1725841.0
356500.0,"South Africa, United Kingdom",2017.0,en,6.3,0.0,5.0,2.0,1.0,Thriller,January,20.0,0.2857,0.1355,0.0183,6.3,1788.0
456565.0,India,2017.0,hi,5.4,10000000.0,5.0,3.0,1.0,Action,September,29.0,0.2935,0.1177,0.0138,5.4,34500000.0
405815.0,United States of America,2017.0,en,5.1,0.0,5.0,2.0,1.0,Comedy,August,27.0,0.2438,0.2014,0.0406,5.1,28245.0
473888.0,"Japan, United States of America",2017.0,ja,7.4,0.0,5.0,2.0,1.0,Documentary,November,4.0,0.2744,0.1571,0.0247,7.4,960212.0
429070.0,France,2017.0,fr,5.6,0.0,5.0,4.0,1.0,Drama,May,17.0,0.3051,0.0831,0.0069,5.6,3075562.0
488621.0,South Korea,2017.0,ko,6.685,0.0,5.0,4.0,1.0,Thriller,November,29.0,0.3071,0.0753,0.0057,6.685,3.0
445793.0,Italy,2017.0,it,6.6,0.0,5.0,1.0,1.0,Comedy,April,13.0,0.2245,0.2227,0.0496,6.6,2839240.0
354285.0,United Kingdom,2017.0,en,6.4,0.0,5.0,2.0,1.0,Mystery,March,10.0,0.28,0.147,0.0216,6.4,5081495.0
446132.0,France,2017.0,fr,5.7,0.0,5.0,2.0,1.0,Drama,September,20.0,0.2913,0.1231,0.0151,5.7,3389322.0
441906.0,India,2017.0,hi,6.5,16600000.0,5.0,3.0,1.0,Comedy,August,4.0,0.261,0.1786,0.0319,6.5,15360368.0
468988.0,Russia,2017.0,ru,6.3,0.0,5.0,4.0,1.0,Mystery,August,31.0,0.2822,0.1427,0.0204,6.3,7939761.0
422347.0,Japan,2017.0,ja,6.9,0.0,5.0,6.0,1.0,Adventure,February,25.0,0.2825,0.1421,0.0202,6.9,59114.0
421471.0,United States of America,2017.0,en,6.4,0.0,5.0,2.0,1.0,Comedy,March,16.0,0.2897,0.1267,0.016,6.4,327231.0
457251.0,China,2017.0,zh,7.3,0.0,5.0,2.0,1.0,Drama,December,15.0,0.2869,0.1331,0.0177,7.3,224160000.0
441889.0,India,2017.0,hi,7.3,286284.0,5.0,2.0,1.0,Drama,October,19.0,0.2728,0.1599,0.0256,7.3,137416709.0
429174.0,"Belgium, France, Germany, Russia",2017.0,ru,7.332,0.0,5.0,1.0,1.0,Drama,June,1.0,0.2694,0.1656,0.0274,7.332,3925992.0
355193.0,Canada,2017.0,en,5.3,0.0,5.0,3.0,1.0,Thriller,April,24.0,0.2786,0.1495,0.0224,5.3,52966.0
398947.0,"Belgium, France",2017.0,fr,5.2,9850941.0,5.0,2.0,1.0,Comedy,September,27.0,0.2592,0.1811,0.0328,5.2,3503943.0
447076.0,Portugal,2017.0,pt,4.2,535220.0,5.0,3.0,1.0,Adventure,May,18.0,0.2897,0.1267,0.016,4.2,199509.0
506576.0,Sri Lanka,2017.0,si,8.7,0.0,5.0,3.0,1.0,Drama,July,14.0,0.2765,0.1535,0.0236,8.7,1500000.0
443319.0,"United Kingdom, United States of America",2017.0,en,6.0,2800000.0,5.0,3.0,1.0,Horror,April,21.0,0.2848,0.1374,0.0189,6.0,3600000.0
430528.0,"Belgium, France",2017.0,fr,5.3,0.0,5.0,1.0,1.0,Comedy,February,22.0,0.2573,0.1838,0.0338,5.3,1162912.0
382595.0,"Belgium, France",2017.0,fr,6.7,0.0,5.0,2.0,1.0,Music,January,11.0,0.2402,0.2057,0.0423,6.7,3465.0
475149.0,Taiwan,2017.0,zh,7.8,0.0,5.0,2.0,1.0,Comedy,October,13.0,0.2817,0.1437,0.0207,7.8,990000.0
431017.0,"Belgium, France",2017.0,fr,5.2,2978000.0,5.0,3.0,1.0,Comedy,September,27.0,0.2782,0.1504,0.0226,5.2,4192590.0
333384.0,United States of America,2017.0,en,6.7,916000.0,5.0,3.0,1.0,Drama,April,28.0,0.307,0.076,0.0058,6.7,6179955.0
426030.0,"Italy, United Kingdom, United States of America",2017.0,en,7.1,7154497.0,5.0,5.0,1.0,Comedy,December,26.0,0.2852,0.1366,0.0187,7.1,15500000.0
426230.0,United States of America,2017.0,en,6.4,10000000.0,5.0,3.0,1.0,Comedy,June,2.0,0.2811,0.1448,0.021,6.4,248370.0
392011.0,United States of America,2017.0,tr,7.6,0.0,1.0,1.0,1.0,Documentary,January,8.0,0.2975,0.1071,0.0115,7.6,5037923.0
429662.0,"India, United Kingdom",2017.0,en,6.7,0.0,5.0,2.0,1.0,Drama,March,3.0,0.2928,0.1194,0.0143,6.7,11868221.0
403390.0,Canada,2017.0,en,6.0,20000000.0,5.0,4.0,1.0,War,January,31.0,0.3054,0.082,0.0067,6.0,557241.0
483165.0,Russia,2017.0,ru,6.9,6000000.0,5.0,4.0,3.0,Comedy,October,28.0,0.2777,0.1512,0.0229,6.9,8220990.0
436830.0,Spain,2017.0,es,5.6,7130000.0,5.0,4.0,1.0,Drama,November,10.0,0.2592,0.1811,0.0328,5.6,1528185.0
425751.0,United States of America,2017.0,en,6.1,0.0,5.0,1.0,1.0,Drama,June,9.0,0.3001,0.0997,0.0099,6.1,4077333.0
444218.0,Russia,2017.0,ru,7.1,0.0,5.0,1.0,1.0,Drama,December,28.0,0.2981,0.1055,0.0111,7.1,51169464.0
437078.0,South Korea,2017.0,ko,7.0,0.0,5.0,3.0,1.0,Crime,November,2.0,0.2828,0.1414,0.02,7.0,3600000.0
434245.0,Ukraine,2017.0,uk,7.2,2000000.0,5.0,6.0,1.0,Action,October,12.0,0.2665,0.1703,0.029,7.2,2745966.0
397601.0,United States of America,2017.0,en,7.0,0.0,5.0,3.0,1.0,Comedy,October,20.0,0.2901,0.1258,0.0158,7.0,106212.0
462115.0,United States of America,2017.0,en,3.7,10000000.0,5.0,2.0,2.0,Action,July,19.0,0.26,0.18,0.0324,3.7,151493.0
396774.0,United States of America,2017.0,en,7.115,0.0,5.0,2.0,1.0,Drama,March,31.0,0.2973,0.1077,0.0116,7.115,59000.0
437583.0,"Estonia, Poland, Netherlands",2017.0,et,7.1,1550000.0,5.0,4.0,1.0,Drama,February,3.0,0.3065,0.0778,0.006,7.1,19084.0
436167.0,Switzerland,2017.0,de,7.3,0.0,5.0,2.0,1.0,Comedy,March,9.0,0.2833,0.1404,0.0197,7.3,30071.0
271404.0,"Canada, China, Hong Kong, Indonesia, Singapore, United Kingdom, United States of America",2017.0,en,5.281,14000000.0,5.0,3.0,1.0,Action,October,26.0,0.2613,0.1782,0.0317,5.281,992181.0
473234.0,India,2017.0,te,7.2,780000.0,5.0,2.0,1.0,Drama,August,25.0,0.2668,0.1698,0.0288,7.2,8000000.0
449927.0,"Hong Kong, China",2017.0,cn,6.9,200000000.0,5.0,3.0,2.0,Action,September,28.0,0.2588,0.1818,0.033,6.9,87965942.0
460316.0,Mexico,2017.0,es,7.2,0.0,5.0,1.0,1.0,Comedy,August,11.0,0.3042,0.0862,0.0074,7.2,13610252.0
438421.0,Spain,2017.0,es,6.4,0.0,5.0,2.0,1.0,History,May,5.0,0.2953,0.1132,0.0128,6.4,244806.0
462477.0,United States of America,2017.0,en,8.047,0.0,5.0,5.0,1.0,Music,February,16.0,0.2829,0.1413,0.02,8.047,2827489.0
467106.0,India,2017.0,hi,6.8,2740700.0,5.0,2.0,1.0,Comedy,August,17.0,0.2713,0.1624,0.0264,6.8,8050806.0
371447.0,United States of America,2017.0,en,5.7,0.0,5.0,2.0,1.0,Drama,February,17.0,0.2621,0.1769,0.0313,5.7,6700.0
436334.0,France,2017.0,fr,6.3,0.0,5.0,3.0,1.0,Drama,April,26.0,0.2832,0.1406,0.0198,6.3,11722.0
426272.0,United States of America,2017.0,en,5.8,0.0,5.0,2.0,1.0,Comedy,May,5.0,0.2791,0.1486,0.0221,5.8,2583.0
427027.0,"Germany, Austria",2017.0,de,7.2,0.0,5.0,2.0,1.0,Comedy,August,3.0,0.238,0.2082,0.0433,7.2,7017501.0
464737.0,Italy,2017.0,it,6.1,0.0,5.0,1.0,1.0,Horror,August,14.0,0.2515,0.1917,0.0368,6.1,185469.0
317560.0,United States of America,2017.0,en,6.876,0.0,5.0,2.0,1.0,Comedy,March,31.0,0.3078,0.0724,0.0052,6.876,28430.0
468284.0,"France, Lebanon",2017.0,fr,7.5,3000000.0,5.0,2.0,1.0,Drama,September,14.0,0.2857,0.1355,0.0184,7.5,1001305.0
361142.0,Germany,2017.0,de,7.1,0.0,5.0,4.0,1.0,Family,February,2.0,0.2935,0.1177,0.0139,7.1,39670.0
615960.0,"China, South Korea",2017.0,zh,6.8,0.0,3.0,2.0,2.0,Animation,August,4.0,0.298,0.1059,0.0112,6.8,4903790.0
442405.0,India,2017.0,te,7.0,1900000.0,5.0,4.0,1.0,Action,February,17.0,0.2909,0.124,0.0154,7.0,4300000.0
441957.0,Russia,2017.0,ru,6.8,0.0,5.0,4.0,3.0,Adventure,April,20.0,0.3073,0.0744,0.0055,6.8,5970922.0
464458.0,India,2017.0,hi,6.9,4400000.0,5.0,3.0,1.0,Crime,November,3.0,0.2869,0.1331,0.0177,6.9,7900000.0
439154.0,"Belgium, France",2017.0,fr,6.1,7000000.0,5.0,1.0,1.0,Drama,March,22.0,0.2866,0.1337,0.0179,6.1,7286136.0
452447.0,India,2017.0,ta,5.4,0.0,5.0,2.0,1.0,Action,September,27.0,0.2891,0.1282,0.0164,5.4,27053505.0
420279.0,"India, Mexico",2017.0,en,5.3,0.0,5.0,4.0,1.0,Animation,July,21.0,0.2814,0.1443,0.0208,5.3,1913973.0
441875.0,India,2017.0,hi,6.8,3700000.0,5.0,3.0,1.0,Comedy,August,11.0,0.2402,0.2057,0.0423,6.8,13800000.0
299536.0,United States of America,2018.0,en,8.2,300000000.0,5.0,3.0,2.0,Adventure,April,25.0,0.2913,0.1231,0.0152,8.2,2052415039.0
335983.0,"China, United States of America",2018.0,en,6.829,116000000.0,5.0,2.0,1.0,Science Fiction,September,28.0,0.2429,0.2025,0.041,6.829,856085151.0
324857.0,United States of America,2018.0,en,8.397,90000000.0,5.0,4.0,3.0,Animation,December,6.0,0.2975,0.1071,0.0115,8.397,384298736.0
337167.0,United States of America,2018.0,en,6.7,55000000.0,5.0,2.0,1.0,Drama,January,17.0,0.3054,0.082,0.0067,6.7,371985018.0
351286.0,United States of America,2018.0,en,6.54,170000000.0,5.0,4.0,1.0,Action,June,6.0,0.261,0.1786,0.0319,6.54,1310466296.0
333339.0,United States of America,2018.0,en,7.591,175000000.0,5.0,3.0,1.0,Adventure,March,28.0,0.2875,0.1316,0.0173,7.591,607274134.0
284054.0,United States of America,2018.0,en,7.375,200000000.0,5.0,3.0,1.0,Action,February,13.0,0.2574,0.1836,0.0337,7.375,1349926083.0
449443.0,United States of America,2018.0,en,6.833,30000000.0,5.0,4.0,1.0,Action,January,18.0,0.2682,0.1676,0.0281,6.833,80509622.0
493922.0,United States of America,2018.0,en,7.292,10000000.0,5.0,3.0,1.0,Horror,June,7.0,0.2983,0.1049,0.011,7.292,87825916.0
447332.0,United States of America,2018.0,en,7.399,17000000.0,5.0,3.0,1.0,Horror,April,3.0,0.2626,0.1762,0.031,7.399,340955294.0
353081.0,United States of America,2018.0,en,7.429,178000000.0,5.0,2.0,1.0,Action,July,13.0,0.2294,0.2177,0.0474,7.429,791658205.0
345940.0,"China, United States of America",2018.0,en,6.251,150000000.0,5.0,3.0,1.0,Action,August,9.0,0.2972,0.1081,0.0117,6.251,530517320.0
400535.0,"Mexico, United States of America",2018.0,en,6.9,35000000.0,5.0,3.0,1.0,Action,June,27.0,0.2655,0.1718,0.0295,6.9,75836683.0
360920.0,United States of America,2018.0,en,6.9,75000000.0,5.0,4.0,2.0,Animation,November,8.0,0.3036,0.0886,0.0079,6.9,508600000.0
490132.0,United States of America,2018.0,en,8.236,23000000.0,5.0,2.0,1.0,Drama,November,16.0,0.2728,0.1599,0.0256,8.236,321752656.0
439079.0,United States of America,2018.0,en,5.892,22000000.0,5.0,1.0,1.0,Horror,September,5.0,0.2856,0.1357,0.0184,5.892,366082797.0
383498.0,United States of America,2018.0,en,7.489,110000000.0,5.0,3.0,1.0,Action,May,10.0,0.2829,0.1412,0.0199,7.489,785896632.0
480530.0,United States of America,2018.0,en,7.0,50000000.0,5.0,2.0,1.0,Drama,November,21.0,0.2862,0.1345,0.0181,7.0,214200000.0
260513.0,United States of America,2018.0,en,7.5,200000000.0,5.0,4.0,1.0,Action,June,14.0,0.3088,0.068,0.0046,7.5,1242805359.0
420634.0,United States of America,2018.0,en,6.354,35000.0,5.0,2.0,1.0,Horror,January,25.0,0.2682,0.1676,0.0281,6.354,421798.0
336843.0,United States of America,2018.0,en,7.094,62000000.0,5.0,4.0,1.0,Science Fiction,January,10.0,0.2832,0.1406,0.0198,7.094,288175335.0
345887.0,United States of America,2018.0,en,6.768,62000000.0,5.0,3.0,1.0,Action,July,19.0,0.2694,0.1656,0.0274,6.768,190400157.0
500664.0,"Australia, United States of America",2018.0,en,7.5,5000000.0,5.0,3.0,1.0,Action,May,31.0,0.2963,0.1105,0.0122,7.5,16706680.0
429415.0,United States of America,2018.0,en,6.0,0.0,5.0,4.0,1.0,Action,July,15.0,0.2673,0.169,0.0286,6.0,1451864.0
404368.0,United States of America,2018.0,en,7.171,175000000.0,5.0,4.0,2.0,Family,November,20.0,0.2945,0.1152,0.0133,7.171,529323962.0
300668.0,"United Kingdom, United States of America",2018.0,en,6.4,40000000.0,5.0,2.0,1.0,Science Fiction,February,22.0,0.2621,0.1769,0.0313,6.4,43070915.0
427641.0,United States of America,2018.0,en,6.5,120000000.0,5.0,3.0,1.0,Action,April,11.0,0.279,0.1489,0.0222,6.5,428028233.0
400155.0,United States of America,2018.0,en,6.9,80000000.0,5.0,4.0,1.0,Animation,June,28.0,0.2478,0.1965,0.0386,6.9,528600000.0
268896.0,United States of America,2018.0,en,6.1,150000000.0,5.0,4.0,1.0,Action,March,21.0,0.287,0.1328,0.0176,6.1,290061297.0
518068.0,South Korea,2018.0,ko,8.078,18300000.0,5.0,4.0,1.0,Action,August,1.0,0.2999,0.1004,0.0101,8.078,112790210.0
348350.0,United States of America,2018.0,en,6.6,250000000.0,5.0,3.0,1.0,Science Fiction,May,15.0,0.2769,0.1528,0.0233,6.6,392952373.0
424694.0,"United Kingdom, United States of America",2018.0,en,7.979,52000000.0,5.0,2.0,1.0,Music,October,24.0,0.2672,0.1691,0.0286,7.979,918355943.0
338970.0,"Japan, United Kingdom, United States of America",2018.0,en,6.4,94000000.0,5.0,3.0,1.0,Action,March,5.0,0.2953,0.1131,0.0128,6.4,274650803.0
346910.0,"Canada, United States of America",2018.0,en,5.6,88000000.0,5.0,3.0,1.0,Science Fiction,September,5.0,0.2619,0.1773,0.0314,5.6,160542134.0
297802.0,United States of America,2018.0,en,6.878,160000000.0,5.0,3.0,1.0,Action,December,7.0,0.2929,0.1191,0.0142,6.878,1152028393.0
530254.0,"Hong Kong, South Korea",2018.0,ko,7.859,5500000.0,5.0,3.0,1.0,Action,June,27.0,0.2941,0.1163,0.0135,7.859,24340302.0
505262.0,Japan,2018.0,ja,7.9,12000000.0,5.0,4.0,1.0,Animation,August,3.0,0.2881,0.1305,0.017,7.9,27507549.0
508642.0,South Korea,2018.0,ko,7.3,0.0,5.0,2.0,1.0,Horror,March,28.0,0.284,0.139,0.0193,7.3,21041950.0
442249.0,United States of America,2018.0,en,6.0,13000000.0,5.0,3.0,1.0,Action,July,4.0,0.3028,0.0911,0.0083,6.0,137056262.0
447665.0,United States of America,2018.0,en,5.4,13000000.0,5.0,2.0,1.0,Action,January,26.0,0.2851,0.1369,0.0187,5.4,4537.0
402900.0,United States of America,2018.0,en,7.0,70000000.0,5.0,3.0,1.0,Crime,June,7.0,0.2777,0.1513,0.0229,7.0,297718711.0
347375.0,"China, Colombia, United States of America",2018.0,en,6.2,35000000.0,5.0,2.0,1.0,Action,August,16.0,0.267,0.1695,0.0287,6.2,66308758.0
424783.0,"China, United States of America",2018.0,en,6.7,135000000.0,5.0,3.0,1.0,Action,November,22.0,0.2997,0.1009,0.0102,6.7,467989645.0
363088.0,United States of America,2018.0,en,6.9,140000000.0,5.0,3.0,1.0,Action,July,4.0,0.2818,0.1435,0.0206,6.9,622674139.0
409582.0,"Australia, China, Russia, Thailand",2018.0,en,5.4,0.0,5.0,3.0,1.0,Action,January,19.0,0.2373,0.209,0.0437,5.4,7910928.0
438799.0,United States of America,2018.0,en,6.7,38000000.0,5.0,3.0,1.0,Horror,November,1.0,0.283,0.1411,0.0199,6.7,41657844.0
406563.0,United States of America,2018.0,en,6.3,10000000.0,5.0,2.0,1.0,Horror,January,3.0,0.2835,0.1402,0.0196,6.3,172811971.0
332562.0,United States of America,2018.0,en,7.5,36000000.0,5.0,3.0,1.0,Music,October,3.0,0.2807,0.1457,0.0212,7.5,436388866.0
429351.0,United States of America,2018.0,en,6.334,35000000.0,5.0,4.0,1.0,War,January,18.0,0.2817,0.1437,0.0207,6.334,67450815.0
428078.0,"New Zealand, United States of America",2018.0,en,6.216,100000000.0,5.0,2.0,1.0,Adventure,November,27.0,0.2959,0.1115,0.0124,6.216,83869818.0
401981.0,United States of America,2018.0,en,6.5,69000000.0,5.0,2.0,1.0,Thriller,February,28.0,0.2979,0.106,0.0112,6.5,151572634.0
455207.0,United States of America,2018.0,en,7.1,30000000.0,5.0,2.0,1.0,Comedy,August,15.0,0.304,0.087,0.0076,7.1,238539198.0
451915.0,United States of America,2018.0,en,7.6,25000000.0,5.0,1.0,1.0,Drama,October,12.0,0.2907,0.1245,0.0155,7.6,7700000.0
419743.0,"Ireland, United Kingdom, United States of America",2018.0,en,6.9,6000000.0,5.0,2.0,1.0,Drama,April,24.0,0.2804,0.1463,0.0214,6.9,8000000.0
440471.0,"China, United Kingdom, United States of America",2018.0,en,5.154,20000000.0,5.0,2.0,1.0,Action,June,5.0,0.3004,0.0988,0.0098,5.154,17592626.0
554972.0,South Korea,2018.0,ko,7.3,0.0,5.0,3.0,1.0,Crime,November,22.0,0.189,0.2535,0.0643,7.3,9512390.0
381719.0,"Australia, United States of America",2018.0,en,6.7,50000000.0,5.0,3.0,1.0,Animation,February,7.0,0.3075,0.0738,0.0054,6.7,351266433.0
504253.0,Japan,2018.0,ja,8.235,0.0,5.0,3.0,1.0,Animation,September,1.0,0.2976,0.107,0.0115,8.235,33748006.0
424139.0,United States of America,2018.0,en,6.6,10000000.0,5.0,4.0,1.0,Horror,October,18.0,0.2435,0.2017,0.0407,6.6,259939869.0
467938.0,"Belgium, France",2018.0,fr,6.5,2900000.0,5.0,4.0,1.0,Action,February,7.0,0.2292,0.2179,0.0475,6.5,938055.0
445651.0,United States of America,2018.0,en,7.0,34000000.0,5.0,3.0,1.0,Action,July,25.0,0.2698,0.165,0.0272,7.0,41142379.0
399402.0,"France, United States of America",2018.0,en,6.895,40000000.0,5.0,3.0,1.0,Action,October,19.0,0.2835,0.1402,0.0196,6.895,31672678.0
454619.0,United States of America,2018.0,en,6.6,12000000.0,5.0,2.0,1.0,Romance,April,13.0,0.2626,0.1762,0.031,6.6,91244913.0
463272.0,"United Kingdom, United States of America",2018.0,en,6.3,25000000.0,5.0,3.0,1.0,Action,September,13.0,0.3049,0.084,0.007,6.3,158972570.0
338952.0,"United Kingdom, United States of America",2018.0,en,6.8,200000000.0,5.0,2.0,1.0,Fantasy,November,14.0,0.2915,0.1227,0.0151,6.8,654900000.0
459910.0,Canada,2018.0,en,6.2,5000000.0,5.0,3.0,1.0,Drama,February,1.0,0.2576,0.1835,0.0337,6.2,854319.0
361292.0,"Italy, United States of America",2018.0,en,6.905,20000000.0,5.0,3.0,1.0,Horror,October,26.0,0.2923,0.1206,0.0146,6.905,7900000.0
426543.0,United States of America,2018.0,en,6.1,120000000.0,5.0,3.0,2.0,Fantasy,October,26.0,0.2753,0.1556,0.0242,6.1,173961069.0
460019.0,United States of America,2018.0,en,5.9,3500000.0,5.0,2.0,1.0,Thriller,April,12.0,0.295,0.114,0.013,5.9,95330493.0
458423.0,"United Kingdom, United States of America",2018.0,en,7.095,75000000.0,5.0,2.0,1.0,Comedy,July,18.0,0.2902,0.1257,0.0158,7.095,395607854.0
369972.0,United States of America,2018.0,en,7.0,70000000.0,5.0,2.0,1.0,History,October,10.0,0.2548,0.1872,0.0351,7.0,105713218.0
399174.0,"Germany, United States of America",2018.0,en,7.8,62770198.0,5.0,3.0,1.0,Adventure,March,23.0,0.2907,0.1245,0.0155,7.8,64337744.0
504172.0,"Canada, United States of America",2018.0,en,6.854,50000000.0,5.0,2.0,1.0,Crime,December,14.0,0.25,0.1936,0.0375,6.854,174800000.0
454992.0,United States of America,2018.0,en,6.399,40000000.0,5.0,3.0,1.0,Comedy,August,2.0,0.2932,0.1184,0.014,6.399,33562069.0
567604.0,United States of America,2018.0,en,7.09,110000000.0,5.0,3.0,1.0,Comedy,December,11.0,0.2869,0.1331,0.0177,7.09,51349833.0
447200.0,"Canada, Japan, United States of America",2018.0,en,6.319,125000000.0,5.0,3.0,1.0,Action,July,11.0,0.2842,0.1387,0.0192,6.319,292400000.0
491418.0,United States of America,2018.0,en,7.516,48000000.0,5.0,2.0,1.0,Comedy,November,13.0,0.2598,0.1803,0.0325,7.516,121000000.0
417261.0,United States of America,2018.0,en,7.6,3500000.0,5.0,2.0,1.0,Romance,January,26.0,0.2894,0.1274,0.0162,7.6,16367326.0
442062.0,"United Kingdom, United States of America",2018.0,en,6.1,35000000.0,5.0,3.0,1.0,Comedy,October,11.0,0.2967,0.1095,0.012,6.1,93320380.0
463821.0,"Canada, India, United States of America",2018.0,en,6.2,42000000.0,5.0,3.0,1.0,Fantasy,September,15.0,0.2778,0.1511,0.0228,6.2,131523093.0
424781.0,United States of America,2018.0,en,6.8,3200000.0,5.0,3.0,1.0,Fantasy,July,6.0,0.2973,0.1078,0.0116,6.8,18200000.0
445571.0,United States of America,2018.0,en,6.9,37000000.0,5.0,3.0,2.0,Mystery,February,15.0,0.2949,0.1142,0.013,6.9,117501013.0
455980.0,United States of America,2018.0,en,6.7,28000000.0,5.0,2.0,1.0,Comedy,May,30.0,0.2592,0.1811,0.0328,6.7,75100000.0
460555.0,"China, Hong Kong, Morocco",2018.0,zh,7.373,70000000.0,5.0,4.0,1.0,Action,February,16.0,0.2585,0.1822,0.0332,7.373,579200000.0
399360.0,"Canada, United States of America",2018.0,en,6.522,51000000.0,5.0,2.0,1.0,Adventure,August,17.0,0.3031,0.0902,0.0081,6.522,99630675.0
399035.0,"United States of America, France",2018.0,en,6.365,30000000.0,5.0,3.0,1.0,Action,January,11.0,0.2668,0.1698,0.0288,6.365,119942387.0
507411.0,Japan,2018.0,ja,7.3,0.0,5.0,3.0,2.0,Animation,September,29.0,0.2571,0.1841,0.0339,7.3,17473797.0
484247.0,"Canada, United States of America",2018.0,en,6.6,20000000.0,5.0,3.0,1.0,Crime,August,29.0,0.2738,0.1583,0.0251,6.6,97644617.0
526051.0,Canada,2018.0,en,6.524,0.0,5.0,3.0,1.0,Horror,October,12.0,0.2677,0.1684,0.0284,6.524,1119537.0
438808.0,United States of America,2018.0,en,6.3,29000000.0,5.0,2.0,1.0,Crime,September,14.0,0.2375,0.2087,0.0436,6.3,26000000.0
505058.0,United States of America,2018.0,en,6.3,1000000.0,5.0,3.0,1.0,Horror,July,19.0,0.2609,0.1787,0.0319,6.3,16000000.0
446021.0,United States of America,2018.0,en,6.842,32000000.0,5.0,4.0,1.0,Thriller,October,4.0,0.2878,0.131,0.0172,6.842,31882724.0
419478.0,United States of America,2018.0,en,7.8,2800000.0,5.0,2.0,1.0,Romance,March,22.0,0.2891,0.1282,0.0164,7.8,27365467.0
416494.0,other,2018.0,en,7.3,0.0,5.0,3.0,1.0,Comedy,February,9.0,0.2945,0.1153,0.0133,7.3,416178.0
507076.0,"Belgium, France, United States of America",2018.0,fr,7.1,2900000.0,5.0,2.0,1.0,Horror,September,19.0,0.2857,0.1355,0.0184,7.1,1700000.0
474335.0,United States of America,2018.0,en,6.7,19000000.0,5.0,1.0,1.0,Comedy,June,27.0,0.2794,0.1481,0.0219,6.7,17700000.0
375262.0,"Ireland, United Kingdom, United States of America",2018.0,en,7.5,15000000.0,5.0,4.0,1.0,Drama,November,23.0,0.3,0.1,0.01,7.5,95918706.0
449176.0,United States of America,2018.0,en,7.997,17000000.0,5.0,3.0,1.0,Comedy,February,16.0,0.2796,0.1477,0.0218,7.997,66316289.0
398173.0,"Denmark, France, Germany, Sweden",2018.0,en,7.1,9800000.0,5.0,4.0,1.0,Drama,July,5.0,0.2712,0.1627,0.0265,7.1,5566776.0
491584.0,"Japan, South Korea",2018.0,ko,7.4,7280000.0,5.0,3.0,1.0,Mystery,May,17.0,0.2897,0.1269,0.0161,7.4,6591038.0
460885.0,"Belgium, United Kingdom, United States of America",2018.0,en,6.2,6000000.0,5.0,3.0,1.0,Fantasy,September,13.0,0.2897,0.1267,0.016,6.2,1653784.0
448776.0,"Cambodia, China, France, United Kingdom, United States of America",2018.0,en,6.7,0.0,5.0,3.0,1.0,Drama,May,24.0,0.2903,0.1254,0.0157,6.7,958883.0
300681.0,"Canada, China, Puerto Rico, United Kingdom, United States of America",2018.0,en,6.032,30000000.0,5.0,3.0,1.0,Science Fiction,October,25.0,0.2897,0.1267,0.016,6.032,8100000.0
531593.0,"United Kingdom, United States of America",2018.0,en,5.3,0.0,5.0,3.0,1.0,Action,August,31.0,0.2939,0.1166,0.0136,5.3,598625.0
513691.0,"United Kingdom, United States of America",2018.0,en,5.8,3000000.0,5.0,2.0,1.0,Action,June,5.0,0.2363,0.2102,0.0442,5.8,28645.0
495925.0,Japan,2018.0,ja,7.2,0.0,5.0,6.0,1.0,Animation,March,3.0,0.2722,0.1609,0.0259,7.2,80900000.0
474395.0,United States of America,2018.0,en,7.2,10000000.0,5.0,4.0,2.0,Animation,July,27.0,0.2598,0.1803,0.0325,7.2,52390236.0
497984.0,"China, Hong Kong",2018.0,zh,6.7,0.0,5.0,3.0,1.0,Adventure,February,16.0,0.2943,0.1157,0.0134,6.7,361682618.0
470044.0,United States of America,2018.0,en,8.1,23000000.0,5.0,2.0,1.0,Crime,October,19.0,0.254,0.1884,0.0355,8.1,34934009.0
494407.0,Japan,2018.0,ja,7.1,0.0,5.0,4.0,1.0,Animation,July,13.0,0.3087,0.0686,0.0047,7.1,23740788.0
458594.0,"China, United States of America",2018.0,en,6.7,25000000.0,5.0,2.0,1.0,Action,September,6.0,0.2692,0.1659,0.0275,6.7,53918723.0
430040.0,"United Kingdom, United States of America",2018.0,en,5.7,35000000.0,5.0,4.0,1.0,Action,February,28.0,0.275,0.1561,0.0244,5.7,32517248.0
476292.0,Japan,2018.0,ja,8.196,0.0,5.0,4.0,1.0,Animation,February,24.0,0.2393,0.2067,0.0427,8.196,4345395.0
412988.0,"China, United States of America",2018.0,en,5.8,40000000.0,5.0,3.0,1.0,Action,August,22.0,0.2702,0.1643,0.027,5.8,27500000.0
495193.0,"United Arab Emirates, United States of America",2018.0,en,6.9,6000000.0,5.0,4.0,1.0,Drama,March,16.0,0.2703,0.1641,0.0269,6.9,585333.0
440161.0,"France, United States of America, Spain, Belgium, Romania",2018.0,en,6.8,38000000.0,5.0,3.0,1.0,Western,September,19.0,0.282,0.143,0.0205,6.8,13143056.0
395990.0,United States of America,2018.0,en,6.2,30000000.0,5.0,4.0,1.0,Action,March,2.0,0.2596,0.1806,0.0326,6.2,34017028.0
450001.0,Hong Kong,2018.0,cn,6.5,0.0,5.0,3.0,1.0,Action,December,20.0,0.2935,0.1176,0.0138,6.5,21832649.0
446894.0,United States of America,2018.0,en,6.787,80000000.0,5.0,5.0,1.0,Family,September,20.0,0.2766,0.1534,0.0235,6.787,214115531.0
400650.0,United States of America,2018.0,en,6.5,130000000.0,5.0,3.0,1.0,Fantasy,December,13.0,0.2698,0.1649,0.0272,6.5,348807090.0
529216.0,Spain,2018.0,es,7.5,0.0,5.0,4.0,1.0,Thriller,November,30.0,0.2793,0.1482,0.022,7.5,17325485.0
505579.0,"Spain, United States of America",2018.0,en,5.2,0.0,5.0,2.0,1.0,Thriller,March,9.0,0.2654,0.1719,0.0296,5.2,55429.0
474392.0,United States of America,2018.0,en,5.8,3500000.0,5.0,3.0,1.0,Action,February,16.0,0.2986,0.1042,0.0109,5.8,4900000.0
434555.0,United States of America,2018.0,en,5.601,9500000.0,5.0,2.0,1.0,Horror,November,29.0,0.2933,0.1181,0.014,5.601,43000000.0
371608.0,"United States of America, United Kingdom",2018.0,en,5.7,12500000.0,5.0,2.0,1.0,Horror,March,7.0,0.2263,0.2209,0.0488,5.7,31039126.0
375588.0,United States of America,2018.0,en,5.9,100000000.0,5.0,4.0,1.0,Adventure,November,3.0,0.3028,0.0911,0.0083,5.9,86493046.0
220882.0,"United Kingdom, United States of America",2018.0,en,5.1,8000000.0,5.0,2.0,1.0,Crime,September,20.0,0.2359,0.2106,0.0443,5.1,487420.0
407439.0,"Australia, Italy, United Kingdom, United States of America",2018.0,en,6.3,20000000.0,5.0,2.0,1.0,Drama,March,15.0,0.2535,0.189,0.0357,6.3,11710110.0
470229.0,"United States of America, Canada",2018.0,en,6.9,1500000.0,5.0,3.0,3.0,Drama,August,10.0,0.2714,0.1624,0.0264,6.9,42027.0
370567.0,"United Kingdom, United States of America",2018.0,en,5.7,59000000.0,5.0,6.0,1.0,Animation,March,15.0,0.2744,0.1572,0.0247,5.7,90497778.0
506680.0,United States of America,2018.0,en,6.6,6000000.0,5.0,1.0,1.0,Drama,September,14.0,0.281,0.1451,0.0211,6.6,6200000.0
437586.0,United States of America,2018.0,en,7.493,1700000.0,5.0,2.0,1.0,Drama,October,19.0,0.2926,0.1199,0.0144,7.493,9303022.0
429300.0,"China, Iceland, United States of America",2018.0,en,6.8,35000000.0,5.0,3.0,1.0,Thriller,May,31.0,0.2675,0.1687,0.0284,6.8,59945012.0
499726.0,"Belgium, France",2018.0,fr,5.768,0.0,5.0,2.0,1.0,Comedy,May,2.0,0.3011,0.0966,0.0093,5.768,1100000.0
416234.0,"Australia, United States of America",2018.0,en,5.889,3500000.0,5.0,2.0,2.0,Horror,February,2.0,0.2294,0.2177,0.0474,5.889,44019588.0
385448.0,United States of America,2018.0,en,5.0,0.0,5.0,5.0,2.0,Family,August,2.0,0.2959,0.1115,0.0124,5.0,2614006.0
460668.0,"China, United States of America",2018.0,en,6.4,32000000.0,5.0,2.0,2.0,Comedy,April,19.0,0.2936,0.1174,0.0138,6.4,94539426.0
498248.0,"South Africa, Germany, France",2018.0,fr,7.3,9600000.0,5.0,3.0,1.0,Adventure,August,2.0,0.2982,0.1052,0.0111,7.3,35487190.0
517814.0,"France, Lebanon, United Kingdom, United States of America",2018.0,ar,8.157,4000000.0,5.0,1.0,1.0,Drama,September,20.0,0.2887,0.1291,0.0167,8.157,64978931.0
446807.0,"Germany, United Kingdom, United States of America",2018.0,en,6.1,43000000.0,5.0,3.0,1.0,Action,October,25.0,0.2812,0.1447,0.0209,6.1,35164920.0
543753.0,South Korea,2018.0,ko,5.5,0.0,5.0,1.0,1.0,Drama,August,29.0,0.2916,0.1223,0.015,5.5,4300000.0
453201.0,United States of America,2018.0,en,5.4,30000000.0,5.0,2.0,1.0,Drama,February,7.0,0.2769,0.1528,0.0233,5.4,57076286.0
396806.0,"United States of America, United Kingdom",2018.0,en,5.971,20000000.0,5.0,4.0,1.0,Science Fiction,May,3.0,0.2429,0.2024,0.041,5.971,1197741.0
453755.0,"Iceland, United States of America",2018.0,en,6.5,2000000.0,3.0,2.0,1.0,Drama,November,21.0,0.2782,0.1504,0.0226,6.5,4100000.0
481203.0,United Kingdom,2018.0,en,5.8,0.0,5.0,1.0,1.0,Action,May,12.0,0.2907,0.1246,0.0155,5.8,65829.0
396461.0,United States of America,2018.0,en,6.373,8500000.0,5.0,3.0,1.0,Crime,August,8.0,0.2143,0.2326,0.0541,6.373,2053469.0
467956.0,United States of America,2018.0,en,6.9,0.0,5.0,2.0,1.0,Comedy,May,17.0,0.2949,0.1142,0.013,6.9,3645308.0
467660.0,United States of America,2018.0,en,6.3,1500000.0,5.0,2.0,1.0,Horror,March,22.0,0.3,0.1,0.01,6.3,14293601.0
527729.0,France,2018.0,fr,6.8,36000000.0,5.0,4.0,2.0,Family,May,12.0,0.3104,0.0606,0.0037,6.8,74488686.0
437557.0,"China, Japan, United States of America",2018.0,en,6.3,21000000.0,5.0,1.0,1.0,Comedy,March,14.0,0.2939,0.1166,0.0136,6.3,94017294.0
470878.0,United States of America,2018.0,en,7.5,7000000.0,5.0,2.0,2.0,Music,February,14.0,0.2915,0.1225,0.015,7.5,86026201.0
534780.0,India,2018.0,hi,7.6,4500000.0,5.0,4.0,1.0,Crime,October,5.0,0.2687,0.1667,0.0278,7.6,40000000.0
503616.0,United States of America,2018.0,en,6.3,16000000.0,5.0,2.0,1.0,Romance,November,22.0,0.2881,0.1304,0.017,6.3,72282227.0
500919.0,United States of America,2018.0,en,5.315,0.0,5.0,3.0,1.0,Crime,May,30.0,0.2551,0.1869,0.0349,5.315,1052222.0
459928.0,United States of America,2018.0,en,6.0,0.0,5.0,1.0,1.0,Thriller,November,8.0,0.2517,0.1915,0.0367,6.0,6158.0
376865.0,"France, Germany, Poland, United Kingdom, United States of America",2018.0,en,5.738,8933400.0,5.0,3.0,1.0,Science Fiction,September,26.0,0.2795,0.148,0.0219,5.738,2133033.0
477779.0,Japan,2018.0,ja,7.4,0.0,5.0,4.0,1.0,Science Fiction,May,1.0,0.2898,0.1266,0.016,7.4,620280.0
536115.0,Japan,2018.0,ja,6.5,0.0,5.0,4.0,2.0,Animation,November,9.0,0.2828,0.1414,0.02,6.5,1500000.0
487558.0,United States of America,2018.0,en,7.5,15000000.0,5.0,3.0,1.0,Crime,August,9.0,0.253,0.1897,0.036,7.5,93411426.0
339380.0,United States of America,2018.0,en,7.4,20000000.0,5.0,2.0,1.0,Drama,December,25.0,0.2946,0.115,0.0132,7.4,38755968.0
347866.0,United States of America,2018.0,en,6.7,0.0,5.0,2.0,1.0,Drama,July,26.0,0.263,0.1757,0.0309,6.7,246133.0
434355.0,France,2018.0,fr,5.4,24625000.0,5.0,2.0,1.0,Action,April,7.0,0.2748,0.1564,0.0245,5.4,64497208.0
420814.0,"United Kingdom, United States of America",2018.0,en,7.302,75000000.0,5.0,4.0,1.0,Adventure,August,1.0,0.2462,0.1985,0.0394,7.302,99138899.0
489999.0,"Russia, United States of America",2018.0,en,7.6,1000000.0,5.0,3.0,1.0,Drama,August,24.0,0.2796,0.1478,0.0218,7.6,75462037.0
459616.0,France,2018.0,fr,4.807,18900000.0,5.0,3.0,1.0,Comedy,October,3.0,0.275,0.1561,0.0244,4.807,19000000.0
439015.0,United States of America,2018.0,en,4.3,10000000.0,5.0,3.0,1.0,Horror,May,17.0,0.2883,0.1299,0.0169,4.3,11817275.0
532444.0,South Korea,2018.0,ko,7.5,0.0,5.0,2.0,1.0,Romance,August,22.0,0.2903,0.1253,0.0157,7.5,20895905.0
517991.0,South Korea,2018.0,ko,7.38,17000000.0,5.0,3.0,1.0,Drama,August,8.0,0.2849,0.1372,0.0188,7.38,3175.0
535389.0,South Korea,2018.0,ko,6.784,13305000.0,5.0,3.0,1.0,War,September,19.0,0.279,0.1489,0.0222,6.784,41509280.0
506072.0,"Canada, United States of America, United Kingdom",2018.0,en,6.2,4000000.0,5.0,1.0,2.0,Science Fiction,October,2.0,0.2667,0.17,0.0289,6.2,22777.0
399796.0,United States of America,2018.0,en,6.1,30000000.0,5.0,1.0,1.0,Comedy,May,10.0,0.2685,0.1671,0.0279,6.1,61700416.0
432527.0,India,2018.0,hi,6.9,31000000.0,5.0,3.0,1.0,Drama,January,25.0,0.2557,0.1861,0.0346,6.9,81673897.0
465136.0,"Switzerland, United Kingdom, United States of America",2018.0,en,7.2,4900000.0,5.0,2.0,1.0,Romance,February,22.0,0.2923,0.1206,0.0146,7.2,10400000.0
493551.0,United States of America,2018.0,en,6.7,24000000.0,5.0,3.0,1.0,Drama,August,29.0,0.268,0.1678,0.0282,6.7,17506878.0
426426.0,"United Kingdom, United States of America",2018.0,es,7.6,15000000.0,5.0,1.0,1.0,Drama,November,21.0,0.2592,0.1811,0.0328,7.6,1140769.0
457136.0,"United Kingdom, United States of America",2018.0,en,6.6,25000000.0,5.0,2.0,1.0,Drama,December,7.0,0.2771,0.1523,0.0232,6.6,46712809.0
499028.0,South Korea,2018.0,ko,8.2,0.0,5.0,3.0,1.0,Romance,March,14.0,0.2869,0.133,0.0177,8.2,18588844.0
523931.0,United States of America,2018.0,en,5.5,130178.0,5.0,4.0,1.0,Action,August,10.0,0.2927,0.1197,0.0143,5.5,5303.0
497727.0,Russia,2018.0,ru,5.426,0.0,5.0,3.0,2.0,Adventure,March,1.0,0.3029,0.091,0.0083,5.426,2244848.0
400090.0,"Australia, United States of America",2018.0,en,7.0,0.0,5.0,3.0,1.0,Drama,September,23.0,0.2791,0.1488,0.0221,7.0,855756.0
549590.0,South Korea,2018.0,ko,7.3,0.0,5.0,4.0,1.0,Action,November,7.0,0.253,0.1897,0.036,7.3,3388675.0
426249.0,"United Kingdom, United States of America",2018.0,en,6.8,0.0,5.0,4.0,1.0,Drama,September,20.0,0.3005,0.0984,0.0097,6.8,365353.0
548066.0,Canada,2018.0,en,6.8,0.0,5.0,2.0,1.0,Science Fiction,February,20.0,0.2584,0.1823,0.0332,6.8,15575.0
464502.0,United States of America,2018.0,en,6.7,20000000.0,5.0,2.0,1.0,Drama,March,30.0,0.2593,0.181,0.0328,6.7,34800000.0
401469.0,"United Kingdom, United States of America",2018.0,en,6.5,42000000.0,5.0,2.0,1.0,Crime,November,6.0,0.2926,0.1199,0.0144,6.5,73900000.0
463116.0,Ukraine,2018.0,uk,6.9,0.0,5.0,4.0,1.0,Animation,March,7.0,0.2621,0.1769,0.0313,6.9,6914017.0
467632.0,United States of America,2018.0,en,6.72,0.0,5.0,4.0,1.0,Thriller,April,19.0,0.2538,0.1886,0.0356,6.72,3435047.0
477489.0,"Canada, France",2018.0,fr,6.323,13749400.0,5.0,3.0,1.0,Drama,April,4.0,0.2956,0.1124,0.0126,6.323,2842040.0
521296.0,Japan,2018.0,ja,7.2,0.0,5.0,6.0,1.0,Animation,September,12.0,0.2928,0.1194,0.0143,7.2,293385.0
425505.0,United States of America,2018.0,en,6.122,30000000.0,5.0,4.0,2.0,Science Fiction,August,29.0,0.2737,0.1583,0.0251,6.122,10023153.0
454286.0,United States of America,2018.0,en,6.6,5700000.0,5.0,1.0,1.0,Drama,March,30.0,0.3041,0.0866,0.0075,6.6,7414178.0
407451.0,United States of America,2018.0,en,5.1,103000000.0,5.0,4.0,1.0,Adventure,March,8.0,0.2779,0.1509,0.0228,5.1,132675864.0
406761.0,"United Kingdom, United States of America",2018.0,en,6.1,15000000.0,5.0,5.0,1.0,Thriller,June,7.0,0.2219,0.2253,0.0508,6.1,12371132.0
476926.0,"Spain, United Kingdom, United States of America",2018.0,en,5.3,0.0,5.0,2.0,1.0,Science Fiction,March,30.0,0.2972,0.108,0.0117,5.3,2635408.0
544431.0,United States of America,2018.0,en,6.4,0.0,5.0,3.0,1.0,Drama,November,16.0,0.24,0.2059,0.0424,6.4,167994.0
476968.0,United States of America,2018.0,en,7.6,5000000.0,5.0,1.0,1.0,Drama,March,23.0,0.2722,0.161,0.0259,7.6,25915966.0
489925.0,United States of America,2018.0,en,7.2,2000000.0,5.0,2.0,1.0,Comedy,January,19.0,0.2517,0.1915,0.0367,7.2,13539709.0
458302.0,"Belgium, France",2018.0,fr,7.9,0.0,5.0,3.0,1.0,Adventure,December,12.0,0.2903,0.1254,0.0157,7.9,7434840.0
437543.0,"China, Hong Kong",2018.0,zh,5.5,87000000.0,5.0,4.0,1.0,Adventure,February,16.0,0.2967,0.1094,0.012,5.5,115089944.0
482150.0,Japan,2018.0,ja,7.5,0.0,5.0,3.0,1.0,Animation,April,21.0,0.2887,0.1291,0.0167,7.5,737286.0
400579.0,"Canada, United States of America",2018.0,en,6.8,0.0,5.0,2.0,1.0,Comedy,May,4.0,0.2794,0.1481,0.0219,6.8,15636462.0
465914.0,United States of America,2018.0,en,6.9,12000000.0,5.0,2.0,1.0,Romance,December,14.0,0.2917,0.122,0.0149,6.9,20572691.0
457943.0,"United Kingdom, United States of America",2018.0,en,5.6,0.0,5.0,4.0,1.0,Action,October,31.0,0.2646,0.1732,0.03,5.6,730762.0
387592.0,"France, United Kingdom, United States of America",2018.0,en,6.1,50000000.0,5.0,4.0,1.0,Family,January,26.0,0.2949,0.1142,0.013,6.1,53431158.0
489931.0,"United Kingdom, United States of America",2018.0,en,6.7,3000000.0,5.0,3.0,1.0,Drama,June,1.0,0.2897,0.1268,0.0161,6.7,2847319.0
297725.0,"Belgium, France, Portugal, Spain, United Kingdom, United States of America",2018.0,en,6.8,19116000.0,5.0,2.0,1.0,Adventure,May,19.0,0.2855,0.1359,0.0185,6.8,2433457.0
444149.0,United States of America,2018.0,en,5.2,350000.0,5.0,2.0,1.0,Horror,February,13.0,0.2714,0.1623,0.0263,5.2,426290.0
429197.0,United States of America,2018.0,en,7.0,60000000.0,5.0,2.0,1.0,Comedy,December,25.0,0.274,0.1579,0.0249,7.0,76100000.0
524738.0,Indonesia,2018.0,id,6.3,0.0,5.0,3.0,1.0,Horror,August,9.0,0.2449,0.2,0.04,6.3,2900000.0
458737.0,United States of America,2018.0,en,7.0,3500000.0,5.0,1.0,1.0,Drama,May,18.0,0.2805,0.146,0.0213,7.0,3988612.0
471474.0,United States of America,2018.0,en,6.7,1000000.0,5.0,4.0,1.0,Thriller,January,12.0,0.2393,0.2067,0.0427,6.7,3469151.0
483184.0,"Italy, France",2018.0,it,7.534,0.0,5.0,3.0,1.0,Crime,May,17.0,0.2703,0.1641,0.0269,7.534,5080147.0
477777.0,Japan,2018.0,ja,7.2,0.0,5.0,4.0,1.0,Science Fiction,February,10.0,0.281,0.1451,0.021,7.2,526114.0
513347.0,"China, Japan",2018.0,zh,6.9,0.0,5.0,3.0,3.0,Animation,August,4.0,0.2946,0.115,0.0132,6.9,496334.0
457041.0,United States of America,2018.0,en,6.2,0.0,5.0,4.0,1.0,Science Fiction,August,10.0,0.2942,0.1159,0.0134,6.2,4973.0
429476.0,United States of America,2018.0,en,5.7,5500000.0,5.0,2.0,1.0,Horror,September,27.0,0.2935,0.1178,0.0139,5.7,18160930.0
339103.0,United States of America,2018.0,en,5.3,10000000.0,5.0,4.0,1.0,Crime,June,14.0,0.2944,0.1155,0.0133,5.3,4343227.0
506763.0,"China, Hong Kong",2018.0,zh,6.2,0.0,5.0,4.0,1.0,Action,July,27.0,0.2934,0.1179,0.0139,6.2,84168923.0
505954.0,Russia,2018.0,ru,7.2,8000000.0,5.0,4.0,1.0,Action,December,27.0,0.2903,0.1254,0.0157,7.2,36220872.0
426613.0,"United Kingdom, United States of America",2018.0,en,6.9,900000.0,5.0,1.0,1.0,Drama,July,18.0,0.2287,0.2184,0.0477,6.9,2019874.0
385332.0,"United States of America, United Kingdom, Hong Kong, Ireland, Hungary",2018.0,en,5.5,0.0,5.0,3.0,1.0,Crime,May,10.0,0.2925,0.1201,0.0144,5.5,843970.0
340022.0,United States of America,2018.0,en,5.9,10000000.0,5.0,3.0,1.0,Comedy,March,8.0,0.2842,0.1387,0.0192,5.9,11001627.0
433501.0,United States of America,2018.0,en,6.4,0.0,5.0,3.0,1.0,Crime,September,6.0,0.2896,0.1271,0.0161,6.4,2534122.0
417643.0,"United Kingdom, United States of America",2018.0,en,6.1,0.0,5.0,2.0,1.0,Thriller,May,25.0,0.2263,0.2209,0.0488,6.1,217427.0
528949.0,"Hungary, Spain",2018.0,es,6.986,0.0,5.0,3.0,1.0,Drama,October,26.0,0.2817,0.1437,0.0207,6.986,2701645.0
494656.0,Mexico,2018.0,es,8.1,0.0,5.0,5.0,1.0,Animation,January,19.0,0.2751,0.156,0.0243,8.1,5300000.0
461615.0,"France, Japan",2018.0,fr,7.155,0.0,5.0,5.0,2.0,Science Fiction,May,23.0,0.2745,0.157,0.0246,7.155,461724.0
460399.0,Japan,2018.0,ja,7.8,0.0,5.0,3.0,1.0,Animation,January,6.0,0.2449,0.2,0.04,7.8,1822043.0
455605.0,Germany,2018.0,de,5.5,0.0,5.0,1.0,2.0,Horror,February,22.0,0.2988,0.1036,0.0107,5.5,2330777.0
440626.0,Russia,2018.0,ru,6.551,0.0,5.0,2.0,1.0,War,May,3.0,0.2967,0.1094,0.012,6.551,4988176.0
418879.0,"Russia, United Kingdom, United States of America",2018.0,en,6.7,30000000.0,5.0,2.0,1.0,Drama,February,1.0,0.2956,0.1124,0.0126,6.7,12217160.0
454293.0,"United States of America, China",2018.0,en,6.143,29000000.0,5.0,1.0,1.0,Comedy,September,27.0,0.2711,0.1629,0.0265,6.143,33157615.0
457955.0,France,2018.0,fr,6.047,0.0,5.0,3.0,1.0,Drama,March,7.0,0.2704,0.1639,0.0269,6.047,95208.0
489929.0,United States of America,2018.0,en,5.8,7000000.0,5.0,3.0,1.0,Romance,August,2.0,0.2772,0.1521,0.0231,5.8,2183025.0
451480.0,"United Kingdom, United States of America, France",2018.0,en,7.429,0.0,5.0,3.0,1.0,Romance,April,19.0,0.3005,0.0984,0.0097,7.429,23148937.0
506863.0,United Kingdom,2018.0,en,5.9,10000000.0,5.0,3.0,1.0,War,September,7.0,0.2958,0.1119,0.0125,5.9,2137751.0
397722.0,United States of America,2018.0,en,6.4,5000000.0,5.0,2.0,1.0,Drama,March,9.0,0.2502,0.1934,0.0374,6.4,2830775.0
446696.0,"Spain, United States of America",2018.0,en,7.2,10000000.0,5.0,2.0,1.0,Drama,September,21.0,0.2725,0.1604,0.0257,7.2,7997774.0
454652.0,"United Kingdom, United States of America",2018.0,en,6.9,0.0,5.0,2.0,1.0,Drama,September,21.0,0.2772,0.1523,0.0232,6.9,14273033.0
446101.0,"Canada, United States of America",2018.0,en,6.3,7000000.0,5.0,3.0,1.0,Thriller,September,21.0,0.2496,0.1941,0.0377,6.3,2900000.0
401847.0,United States of America,2018.0,en,6.8,0.0,5.0,3.0,1.0,Drama,October,19.0,0.2861,0.1346,0.0181,6.8,8586944.0
456929.0,Spain,2018.0,es,7.5,4920975.0,5.0,3.0,1.0,Comedy,April,6.0,0.2804,0.1463,0.0214,7.5,20121318.0
351044.0,"Canada, Japan, United States of America",2018.0,en,6.522,39000000.0,5.0,2.0,1.0,Drama,December,21.0,0.238,0.2082,0.0433,6.522,13061491.0
438689.0,"Germany, Canada, United States of America",2018.0,en,4.7,2000000.0,5.0,3.0,1.0,Crime,July,13.0,0.2385,0.2076,0.0431,4.7,2006704.0
354279.0,"Canada, United States of America",2018.0,en,6.4,20000000.0,5.0,6.0,1.0,Animation,March,26.0,0.2887,0.1291,0.0167,6.4,8751856.0
500475.0,United States of America,2018.0,en,6.8,16000000.0,5.0,2.0,1.0,Action,June,13.0,0.2435,0.2018,0.0407,6.8,20545116.0
420426.0,Japan,2018.0,ja,6.609,0.0,5.0,3.0,1.0,Action,July,20.0,0.2914,0.1229,0.0151,6.609,3729856.0
505513.0,China,2018.0,zh,6.175,63000000.0,5.0,2.0,1.0,Comedy,February,16.0,0.2891,0.1281,0.0164,6.175,544185156.0
417812.0,United States of America,2018.0,en,6.646,0.0,5.0,1.0,1.0,Drama,September,23.0,0.2626,0.1762,0.031,6.646,3097257.0
514619.0,United States of America,2018.0,en,6.2,19000000.0,5.0,2.0,1.0,Comedy,October,31.0,0.2771,0.1525,0.0232,6.2,29200000.0
571446.0,China,2018.0,zh,6.1,0.0,5.0,3.0,1.0,Action,December,29.0,0.2611,0.1784,0.0318,6.1,22381583.0
401545.0,"Spain, France, Italy",2018.0,es,6.5,11318430.0,5.0,3.0,1.0,Crime,May,9.0,0.2488,0.1952,0.0381,6.5,17997350.0
425148.0,"United Kingdom, United States of America",2018.0,en,6.0,5500000.0,5.0,4.0,1.0,Adventure,May,18.0,0.2578,0.1832,0.0336,6.0,38830219.0
485296.0,Netherlands,2018.0,nl,6.316,8155000.0,5.0,4.0,1.0,Adventure,June,28.0,0.3025,0.0921,0.0085,6.316,482806.0
423612.0,Germany,2018.0,de,7.8,0.0,5.0,3.0,1.0,Drama,October,3.0,0.2824,0.1423,0.0202,7.8,4831836.0
457915.0,Spain,2018.0,es,5.4,5200000.0,5.0,1.0,1.0,Comedy,November,23.0,0.2832,0.1408,0.0198,5.4,12496155.0
461928.0,United Kingdom,2018.0,en,6.0,0.0,5.0,3.0,1.0,Horror,November,30.0,0.2814,0.1443,0.0208,6.0,673523.0
496328.0,"India, United States of America",2018.0,hi,7.2,21918618.0,5.0,2.0,1.0,Drama,June,29.0,0.2654,0.1719,0.0296,7.2,67414985.0
467936.0,"United Kingdom, United States of America",2018.0,en,6.6,0.0,5.0,1.0,1.0,Drama,August,1.0,0.246,0.1987,0.0395,6.6,17696794.0
472269.0,United Kingdom,2018.0,en,6.1,0.0,5.0,3.0,1.0,Drama,October,26.0,0.2777,0.1512,0.0229,6.1,33225.0
433627.0,"United Kingdom, United States of America",2018.0,en,5.8,0.0,5.0,3.0,1.0,Thriller,March,15.0,0.2975,0.1071,0.0115,5.8,9196740.0
475132.0,"United Kingdom, United States of America",2018.0,en,6.8,0.0,5.0,2.0,1.0,Drama,November,16.0,0.299,0.1029,0.0106,6.8,3944165.0
426563.0,United States of America,2018.0,en,4.3,42000000.0,5.0,3.0,1.0,Comedy,December,25.0,0.2823,0.1426,0.0203,4.3,40500000.0
381237.0,United States of America,2018.0,en,5.3,2500000.0,5.0,3.0,1.0,Comedy,June,19.0,0.2898,0.1265,0.016,5.3,165623.0
426618.0,United Kingdom,2018.0,en,7.9,0.0,5.0,3.0,1.0,War,September,14.0,0.2822,0.1427,0.0204,7.9,128269.0
570352.0,United Kingdom,2018.0,en,6.319,0.0,5.0,2.0,1.0,Drama,December,23.0,0.3054,0.082,0.0067,6.319,77542.0
476764.0,"Canada, United States of America",2018.0,en,5.9,25000000.0,5.0,2.0,1.0,Drama,November,6.0,0.2678,0.1682,0.0283,5.9,3300000.0
401561.0,"United Kingdom, United States of America",2018.0,en,5.4,0.0,5.0,3.0,1.0,Comedy,January,19.0,0.28,0.147,0.0216,5.4,169209.0
502682.0,United States of America,2018.0,en,6.243,10000000.0,5.0,3.0,1.0,Romance,May,18.0,0.2842,0.1387,0.0192,6.243,78720293.0
440298.0,"Poland, United Kingdom, France, Belgium, India",2018.0,pl,7.4,4954500.0,5.0,3.0,1.0,Romance,June,8.0,0.2887,0.1291,0.0167,7.4,18754051.0
50022.0,United States of America,2018.0,en,5.865,13500000.0,5.0,3.0,1.0,Comedy,April,19.0,0.2867,0.1334,0.0178,5.865,31626386.0
519176.0,Japan,2018.0,ja,7.109,0.0,5.0,4.0,1.0,Comedy,August,4.0,0.2915,0.1226,0.015,7.109,30896653.0
517839.0,"Denmark, Sweden",2018.0,sv,6.7,0.0,5.0,3.0,1.0,Fantasy,September,27.0,0.303,0.0906,0.0082,6.7,2000000.0
542836.0,South Korea,2018.0,ko,7.0,0.0,5.0,3.0,1.0,Crime,September,19.0,0.281,0.1451,0.021,7.0,15229193.0
473149.0,United States of America,2018.0,en,6.137,4000000.0,5.0,2.0,1.0,Horror,April,20.0,0.2935,0.1178,0.0139,6.137,5132274.0
475215.0,Japan,2018.0,ja,7.2,0.0,5.0,5.0,1.0,Animation,June,16.0,0.2741,0.1578,0.0249,7.2,29863754.0
485189.0,France,2018.0,fr,6.9,0.0,5.0,3.0,1.0,Comedy,May,9.0,0.2836,0.1399,0.0196,6.9,1631910.0
443009.0,"France, United States of America",2018.0,en,6.7,3500000.0,5.0,2.0,1.0,Comedy,April,4.0,0.3015,0.0953,0.0091,6.7,4200000.0
433150.0,Italy,2018.0,it,6.4,0.0,5.0,1.0,1.0,Fantasy,January,4.0,0.2829,0.1413,0.02,6.4,1500000.0
429202.0,United States of America,2018.0,en,5.8,7000000.0,5.0,2.0,1.0,Drama,September,7.0,0.2843,0.1385,0.0192,5.8,1300000.0
472553.0,"United Kingdom, Ireland",2018.0,en,6.7,4000000.0,5.0,3.0,1.0,Family,June,8.0,0.2704,0.164,0.0269,6.7,231719.0
463319.0,"China, Hong Kong",2018.0,zh,6.7,44005000.0,5.0,2.0,1.0,Action,September,30.0,0.2688,0.1666,0.0277,6.7,91708374.0
442064.0,United States of America,2018.0,en,5.492,14000000.0,5.0,3.0,1.0,Thriller,January,12.0,0.2683,0.1673,0.028,5.492,21753365.0
483983.0,"France, Germany",2018.0,de,7.5,0.0,5.0,3.0,1.0,Thriller,September,27.0,0.2916,0.1223,0.015,7.5,11859396.0
472451.0,"Australia, China, United States of America",2018.0,en,7.0,15000000.0,5.0,1.0,1.0,Drama,September,24.0,0.2786,0.1496,0.0224,7.0,7900000.0
399248.0,United States of America,2018.0,en,6.3,0.0,5.0,3.0,1.0,Action,April,11.0,0.25,0.1936,0.0375,6.3,7509436.0
479226.0,"Denmark, Germany, Norway, Sweden",2018.0,da,7.2,6000000.0,5.0,4.0,1.0,Crime,October,4.0,0.2556,0.1863,0.0347,7.2,470000.0
534939.0,Spain,2018.0,es,5.7,0.0,5.0,2.0,1.0,Drama,November,9.0,0.2832,0.1406,0.0198,5.7,414202.0
505177.0,United Kingdom,2018.0,en,5.2,0.0,5.0,3.0,1.0,Drama,March,16.0,0.2857,0.1355,0.0184,5.2,68260.0
340613.0,"Sweden, Switzerland, United Kingdom, United States of America",2018.0,en,7.1,7000000.0,5.0,1.0,1.0,Drama,August,2.0,0.2688,0.1666,0.0277,7.1,20000000.0
546230.0,Malaysia,2018.0,ms,7.644,2243662.0,5.0,6.0,1.0,Action,September,27.0,0.2942,0.1159,0.0134,7.644,6748935.0
436387.0,Germany,2018.0,de,6.6,0.0,5.0,4.0,1.0,Thriller,October,11.0,0.2903,0.1255,0.0158,6.6,1228051.0
407447.0,"Belgium, France, India, Singapore, United States of America",2018.0,en,6.9,0.0,5.0,3.0,1.0,Comedy,May,9.0,0.2776,0.1515,0.023,6.9,3267486.0
466411.0,"Puerto Rico, United States of America",2018.0,en,5.5,15000000.0,5.0,3.0,2.0,Crime,November,16.0,0.2632,0.1753,0.0307,5.5,5812.0
421792.0,"Spain, United States of America",2018.0,en,5.567,0.0,5.0,5.0,1.0,Horror,August,1.0,0.2895,0.1273,0.0162,5.567,2707199.0
417670.0,"France, Italy",2018.0,it,6.8,21000000.0,5.0,1.0,1.0,Drama,April,24.0,0.2828,0.1414,0.02,6.8,4746815.0
492719.0,Japan,2018.0,ja,6.5,0.0,5.0,2.0,2.0,Animation,May,18.0,0.2956,0.1124,0.0126,6.5,876000.0
455108.0,"France, Ireland, United Kingdom, United States of America",2018.0,en,5.7,0.0,5.0,2.0,1.0,Mystery,August,30.0,0.3001,0.0996,0.0099,5.7,1824902.0
540158.0,"United States of America, Romania",2018.0,en,7.32,0.0,5.0,3.0,1.0,Music,September,13.0,0.281,0.1451,0.021,7.32,235066.0
515042.0,United States of America,2018.0,en,7.9,0.0,5.0,2.0,2.0,Documentary,September,28.0,0.2889,0.1287,0.0166,7.9,21790193.0
432301.0,"Sweden, United States of America",2018.0,en,6.087,34000000.0,5.0,3.0,1.0,History,April,6.0,0.2463,0.1983,0.0393,6.087,17904202.0
454650.0,United States of America,2018.0,en,4.4,0.0,5.0,4.0,1.0,Action,February,23.0,0.2759,0.1545,0.0239,4.4,52973.0
514277.0,"United Kingdom, United States of America",2018.0,en,5.7,5000000.0,5.0,3.0,1.0,Crime,August,22.0,0.2743,0.1573,0.0247,5.7,661769.0
513386.0,China,2018.0,zh,6.7,0.0,5.0,3.0,1.0,Animation,April,5.0,0.2887,0.1291,0.0167,6.7,16828814.0
394741.0,"Canada, United Kingdom, United States of America",2018.0,en,7.0,10000000.0,5.0,2.0,1.0,Comedy,December,28.0,0.2677,0.1683,0.0283,7.0,24420923.0
508747.0,China,2018.0,zh,7.6,0.0,5.0,2.0,1.0,Drama,April,28.0,0.2853,0.1363,0.0186,7.6,209221331.0
391714.0,United Kingdom,2018.0,en,6.2,745971.0,5.0,2.0,1.0,Drama,January,19.0,0.2449,0.2,0.04,6.2,3335913.0
432165.0,"United Kingdom, Latvia",2018.0,lv,6.41,2400000.0,5.0,3.0,1.0,History,January,17.0,0.2794,0.1481,0.0219,6.41,18598.0
493099.0,United States of America,2018.0,en,7.5,0.0,5.0,1.0,2.0,Documentary,May,4.0,0.2739,0.1581,0.025,7.5,2002767.0
491629.0,India,2018.0,hi,7.2,4500000.0,5.0,4.0,1.0,Thriller,May,10.0,0.2906,0.1248,0.0156,7.2,23800000.0
479040.0,Canada,2018.0,en,5.6,0.0,5.0,3.0,1.0,Action,January,12.0,0.2898,0.1265,0.016,5.6,386790.0
523593.0,South Korea,2018.0,ko,6.521,0.0,5.0,4.0,1.0,Action,September,12.0,0.2807,0.1457,0.0212,6.521,5577666.0
427214.0,"Italy, United Kingdom, Germany, Belgium",2018.0,en,6.3,0.0,5.0,1.0,1.0,Drama,April,12.0,0.2729,0.1597,0.0255,6.3,2621992.0
508422.0,Japan,2018.0,ja,7.2,0.0,5.0,4.0,1.0,Animation,August,17.0,0.2411,0.2046,0.0419,7.2,3902796.0
538061.0,"Austria, Germany",2018.0,de,6.5,0.0,5.0,2.0,1.0,Drama,October,12.0,0.3032,0.0899,0.0081,6.5,360996.0
458027.0,Russia,2018.0,ru,5.9,2500000.0,5.0,5.0,1.0,Action,January,18.0,0.283,0.141,0.0199,5.9,1053002.0
300906.0,Mexico,2018.0,es,6.486,7000.0,5.0,2.0,1.0,Horror,October,26.0,0.2885,0.1296,0.0168,6.486,74.0
407890.0,United Kingdom,2018.0,en,6.9,8000000.0,5.0,2.0,1.0,Drama,April,6.0,0.2032,0.2423,0.0587,6.9,2400000.0
506596.0,"Belgium, Iceland",2018.0,en,6.1,0.0,5.0,2.0,1.0,Animation,March,30.0,0.2873,0.1322,0.0175,6.1,6110461.0
425373.0,United States of America,2018.0,en,7.2,0.0,5.0,1.0,1.0,Drama,April,13.0,0.2578,0.1832,0.0336,7.2,10230620.0
414001.0,United Kingdom,2018.0,en,5.9,18000000.0,5.0,2.0,1.0,Drama,February,9.0,0.2626,0.1762,0.031,5.9,4536348.0
454283.0,"South Africa, United States of America",2018.0,en,5.4,19000000.0,5.0,1.0,1.0,Comedy,June,1.0,0.2906,0.1246,0.0155,5.4,5059608.0
538331.0,China,2018.0,zh,6.9,0.0,5.0,1.0,2.0,Comedy,July,27.0,0.2999,0.1004,0.0101,6.9,376000000.0
499319.0,United States of America,2018.0,en,5.4,0.0,5.0,3.0,1.0,Drama,April,27.0,0.2722,0.161,0.0259,5.4,6877.0
451657.0,France,2018.0,fr,7.5,0.0,5.0,2.0,1.0,Drama,February,7.0,0.2779,0.1509,0.0228,7.5,81455.0
492452.0,United States of America,2018.0,en,6.6,13000000.0,5.0,1.0,1.0,Drama,December,5.0,0.2972,0.108,0.0117,6.6,12616995.0
563103.0,South Korea,2018.0,ko,7.4,0.0,5.0,3.0,1.0,Thriller,December,5.0,0.2941,0.1163,0.0135,7.4,11.0
497814.0,United States of America,2018.0,en,6.0,6000000.0,5.0,3.0,1.0,Thriller,May,5.0,0.2668,0.1698,0.0288,6.0,49078000.0
477666.0,Argentina,2018.0,es,7.0,0.0,5.0,2.0,1.0,Drama,November,8.0,0.28,0.147,0.0216,7.0,14193.0
551591.0,Japan,2018.0,ja,6.3,0.0,5.0,6.0,1.0,Animation,October,27.0,0.2785,0.1497,0.0224,6.3,10378014.0
396321.0,"United Kingdom, United States of America",2018.0,en,5.6,2500000.0,5.0,3.0,2.0,Horror,August,17.0,0.2994,0.1017,0.0103,5.6,780846.0
457435.0,"Belgium, France",2018.0,fr,6.259,10800000.0,5.0,2.0,1.0,History,February,14.0,0.2688,0.1666,0.0277,6.259,7362730.0
541660.0,"France, Italy",2018.0,it,6.689,21000000.0,5.0,1.0,1.0,Drama,September,13.0,0.2572,0.1839,0.0338,6.689,1681525.0
460071.0,United States of America,2018.0,en,6.2,0.0,5.0,3.0,1.0,Crime,September,14.0,0.2927,0.1197,0.0143,6.2,844786.0
533991.0,India,2018.0,hi,6.9,1700000.0,5.0,2.0,1.0,Horror,August,31.0,0.2789,0.149,0.0222,6.9,22000000.0
513919.0,Italy,2018.0,it,5.2,0.0,5.0,1.0,1.0,Drama,April,25.0,0.2942,0.116,0.0135,5.2,32955.0
433694.0,"Canada, France, Ireland, United Kingdom, United States of America",2018.0,en,7.8,25000000.0,5.0,5.0,1.0,Animation,April,13.0,0.2843,0.1384,0.0192,7.8,4900000.0
470333.0,United States of America,2018.0,en,7.0,2000000.0,5.0,4.0,1.0,Music,June,8.0,0.2793,0.1483,0.022,7.0,2115765.0
517331.0,"France, Spain",2018.0,es,7.103,4552700.0,5.0,3.0,1.0,Thriller,September,28.0,0.3031,0.0901,0.0081,7.103,1932261.0
429417.0,United Kingdom,2018.0,en,6.443,0.0,5.0,2.0,2.0,Horror,January,20.0,0.3072,0.0751,0.0056,6.443,135095.0
502406.0,United States of America,2018.0,en,5.6,0.0,5.0,2.0,1.0,Horror,April,20.0,0.2864,0.1341,0.018,5.6,1468454.0
472138.0,"India, Malta, Thailand",2018.0,hi,5.4,31000000.0,5.0,2.0,1.0,Adventure,November,7.0,0.2556,0.1862,0.0347,5.4,3136000.0
507505.0,"Argentina, Spain",2018.0,es,7.4,3000000.0,5.0,2.0,1.0,Drama,August,9.0,0.2864,0.134,0.0179,7.4,10452324.0
493006.0,Japan,2018.0,ja,6.2,0.0,5.0,4.0,1.0,Animation,April,13.0,0.2828,0.1414,0.02,6.2,101860359.0
543580.0,"New Zealand, Turkey, United Kingdom",2018.0,en,7.8,0.0,5.0,3.0,1.0,Documentary,November,9.0,0.276,0.1543,0.0238,7.8,20904188.0
469284.0,Russia,2018.0,ru,6.3,0.0,5.0,3.0,1.0,Mystery,April,5.0,0.283,0.141,0.0199,6.3,7471349.0
489988.0,United Kingdom,2018.0,en,7.3,0.0,5.0,1.0,1.0,Documentary,June,29.0,0.2688,0.1666,0.0278,7.3,1041955.0
454545.0,"Austria, Germany",2018.0,de,5.244,7600000.0,5.0,3.0,1.0,Comedy,January,18.0,0.3065,0.0777,0.006,5.244,8400000.0
503314.0,Japan,2018.0,ja,7.9,1000000.0,5.0,3.0,1.0,Action,December,14.0,0.2558,0.1859,0.0345,7.9,125002821.0
482712.0,"Belgium, France",2018.0,fr,6.1,9661157.0,5.0,1.0,1.0,Drama,February,14.0,0.281,0.1451,0.0211,6.1,3562793.0
492550.0,France,2018.0,fr,5.608,0.0,5.0,2.0,1.0,Drama,January,10.0,0.2401,0.2058,0.0424,5.608,5360820.0
429203.0,United States of America,2018.0,en,6.434,15800000.0,5.0,3.0,1.0,Comedy,September,27.0,0.3042,0.0862,0.0074,6.434,11277120.0
486101.0,Italy,2018.0,it,6.2,0.0,5.0,2.0,1.0,Comedy,February,14.0,0.2555,0.1863,0.0347,6.2,8198518.0
519255.0,"Mexico, United States of America",2018.0,en,5.4,0.0,5.0,4.0,1.0,Drama,September,13.0,0.2813,0.1445,0.0209,5.4,176746000.0
449749.0,"France, Italy, United States of America",2018.0,en,7.1,0.0,5.0,3.0,1.0,Drama,January,3.0,0.2942,0.1159,0.0134,7.1,3009621.0
486070.0,Italy,2018.0,it,6.0,0.0,5.0,2.0,1.0,Comedy,January,11.0,0.26,0.18,0.0324,6.0,4154000.0
492998.0,United States of America,2018.0,en,6.5,0.0,5.0,1.0,1.0,Drama,July,27.0,0.2778,0.1511,0.0228,6.5,2266853.0
438146.0,"Colombia, Mexico, Denmark, France, Switzerland",2018.0,es,7.3,0.0,5.0,2.0,2.0,Drama,August,2.0,0.2929,0.1193,0.0142,7.3,2517405.0
373449.0,India,2018.0,ta,5.9,77000000.0,5.0,3.0,1.0,Action,November,29.0,0.2876,0.1314,0.0173,5.9,114629169.0
434358.0,France,2018.0,fr,6.6,13500000.0,5.0,2.0,1.0,Adventure,February,7.0,0.2789,0.149,0.0222,6.6,33895230.0
515911.0,France,2018.0,fr,6.4,0.0,5.0,2.0,1.0,Drama,September,12.0,0.2921,0.1211,0.0147,6.4,4100000.0
544814.0,South Korea,2018.0,ko,7.4,0.0,5.0,3.0,1.0,Drama,October,11.0,0.3,0.1,0.01,7.4,5400000.0
493623.0,India,2018.0,hi,7.6,2000000.0,5.0,2.0,1.0,Drama,March,23.0,0.2954,0.1129,0.0127,7.6,25629954.0
518764.0,China,2018.0,zh,7.0,125000.0,5.0,4.0,1.0,Drama,June,29.0,0.2933,0.1183,0.014,7.0,69885700.0
447682.0,"Canada, United States of America",2018.0,en,5.7,0.0,5.0,2.0,1.0,Comedy,June,22.0,0.2887,0.1291,0.0167,5.7,557169.0
456086.0,United States of America,2018.0,en,6.1,0.0,5.0,2.0,1.0,Drama,August,24.0,0.2799,0.1472,0.0217,6.1,129124.0
490003.0,United States of America,2018.0,en,8.012,0.0,5.0,1.0,1.0,Documentary,June,29.0,0.3032,0.0897,0.008,8.012,22835787.0
470894.0,Canada,2018.0,en,5.7,0.0,5.0,2.0,1.0,Thriller,October,5.0,0.2928,0.1194,0.0143,5.7,26338.0
477510.0,United States of America,2018.0,en,6.7,10000000.0,5.0,2.0,1.0,Romance,August,10.0,0.284,0.139,0.0193,6.7,6842356.0
506464.0,Brazil,2018.0,pt,6.3,3500000.0,5.0,4.0,1.0,Thriller,November,1.0,0.2741,0.1578,0.0249,6.3,2000000.0
544627.0,South Korea,2018.0,ko,6.732,7120949.0,5.0,2.0,1.0,Crime,October,3.0,0.2694,0.1656,0.0274,6.732,29433930.0
378107.0,"Belgium, Germany, Hungary, Poland, Spain",2018.0,en,7.453,5000000.0,5.0,3.0,2.0,Animation,October,26.0,0.3008,0.0976,0.0095,7.453,134801.0
543033.0,Hungary,2018.0,hu,7.4,0.0,5.0,4.0,1.0,Animation,June,22.0,0.2491,0.1948,0.0379,7.4,218184.0
387836.0,Mexico,2018.0,es,7.944,900000.0,5.0,2.0,2.0,Animation,March,9.0,0.278,0.1507,0.0227,7.944,1180000.0
493675.0,"Russia, United States of America",2018.0,en,7.0,0.0,5.0,3.0,1.0,Thriller,March,11.0,0.2641,0.1739,0.0302,7.0,1763278.0
526997.0,"Germany, Austria",2018.0,de,7.1,0.0,5.0,2.0,1.0,Comedy,August,9.0,0.268,0.1678,0.0282,7.1,8900000.0
507256.0,"United Kingdom, United States of America",2018.0,en,7.4,0.0,5.0,2.0,1.0,Music,July,5.0,0.2714,0.1623,0.0263,7.4,1251945.0
447856.0,"India, United States of America, Hong Kong",2018.0,hi,7.4,10000000.0,5.0,2.0,1.0,Comedy,February,9.0,0.2475,0.1969,0.0387,7.4,23000000.0
500378.0,South Korea,2018.0,ko,5.7,0.0,5.0,4.0,1.0,Comedy,February,8.0,0.2925,0.1203,0.0145,5.7,18603476.0
341735.0,United States of America,2018.0,en,5.5,0.0,5.0,3.0,1.0,Drama,May,11.0,0.2982,0.1052,0.0111,5.5,1057421.0
543688.0,Philippines,2018.0,tl,6.842,0.0,5.0,2.0,1.0,Drama,August,29.0,0.254,0.1884,0.0355,6.842,1397388.0
450766.0,"South Africa, United Kingdom",2018.0,en,6.1,15000000.0,5.0,2.0,1.0,Thriller,March,9.0,0.2712,0.1627,0.0265,6.1,42213.0
468735.0,United States of America,2018.0,en,5.795,0.0,5.0,1.0,1.0,Drama,August,10.0,0.29,0.126,0.0159,5.795,185576.0
459713.0,India,2018.0,te,7.6,4346100.0,5.0,1.0,1.0,Drama,May,9.0,0.2853,0.1364,0.0186,7.6,11589600.0
437316.0,France,2018.0,fr,4.5,0.0,5.0,2.0,1.0,Adventure,February,21.0,0.2909,0.124,0.0154,4.5,1894378.0
520358.0,"Hong Kong, South Korea",2018.0,ko,6.6,0.0,5.0,2.0,1.0,Drama,May,1.0,0.2739,0.158,0.025,6.6,8974547.0
508003.0,United Kingdom,2018.0,en,7.528,0.0,5.0,1.0,2.0,Documentary,June,8.0,0.2685,0.1671,0.0279,7.528,1243177.0
420818.0,United States of America,2019.0,en,7.1,260000000.0,5.0,4.0,1.0,Adventure,July,12.0,0.2933,0.1183,0.014,7.1,1662020819.0
299534.0,United States of America,2019.0,en,8.2,356000000.0,5.0,3.0,2.0,Adventure,April,24.0,0.2766,0.1534,0.0235,8.2,2799439100.0
496243.0,South Korea,2019.0,ko,8.5,11363000.0,5.0,3.0,1.0,Comedy,May,30.0,0.2741,0.1578,0.0249,8.5,257591776.0
581528.0,South Korea,2019.0,ko,7.8,6500000.0,5.0,3.0,1.0,Crime,May,15.0,0.2818,0.1435,0.0206,7.8,25775371.0
615453.0,China,2019.0,zh,7.896,22000000.0,5.0,3.0,1.0,Animation,July,26.0,0.2979,0.106,0.0112,7.896,742718496.0
181812.0,United States of America,2019.0,en,6.3,416000000.0,5.0,3.0,1.0,Adventure,December,18.0,0.2734,0.1589,0.0253,6.3,1074144248.0
384018.0,United States of America,2019.0,en,6.85,200000000.0,5.0,3.0,1.0,Action,August,1.0,0.2286,0.2185,0.0477,6.85,760098996.0
166428.0,United States of America,2019.0,en,7.7,129000000.0,5.0,3.0,1.0,Animation,January,3.0,0.2984,0.1047,0.011,7.7,524580592.0
475557.0,"Canada, United States of America",2019.0,en,8.1,55000000.0,5.0,3.0,1.0,Crime,October,1.0,0.2818,0.1434,0.0206,8.1,1078958629.0
429617.0,United States of America,2019.0,en,7.4,160000000.0,5.0,3.0,1.0,Action,June,28.0,0.2841,0.1389,0.0193,7.4,1131927996.0
537915.0,United States of America,2019.0,en,7.122,14000000.0,5.0,2.0,1.0,Romance,April,11.0,0.2834,0.1403,0.0197,7.122,69497587.0
458156.0,United States of America,2019.0,en,7.443,55000000.0,5.0,3.0,1.0,Action,May,15.0,0.2739,0.158,0.025,7.443,326709727.0
330457.0,United States of America,2019.0,en,7.2,150000000.0,5.0,5.0,2.0,Family,November,20.0,0.28,0.147,0.0216,7.2,1453683476.0
474350.0,United States of America,2019.0,en,6.839,79000000.0,5.0,2.0,1.0,Horror,September,4.0,0.2668,0.1698,0.0288,6.839,473123154.0
522938.0,"China, United States of America",2019.0,en,6.534,50000000.0,5.0,3.0,1.0,Action,September,19.0,0.2914,0.1227,0.0151,6.534,91500000.0
546554.0,United States of America,2019.0,en,7.844,40000000.0,5.0,3.0,1.0,Comedy,November,27.0,0.2546,0.1876,0.0352,7.844,312897920.0
521029.0,United States of America,2019.0,en,6.401,27000000.0,5.0,1.0,1.0,Horror,June,26.0,0.2927,0.1197,0.0143,6.401,231252591.0
299537.0,United States of America,2019.0,en,6.8,152000000.0,5.0,3.0,2.0,Action,March,6.0,0.265,0.1726,0.0298,6.8,1131416446.0
399579.0,United States of America,2019.0,en,7.238,170000000.0,5.0,3.0,1.0,Action,January,31.0,0.2812,0.1447,0.0209,7.238,405000000.0
512200.0,United States of America,2019.0,en,6.898,125000000.0,5.0,3.0,1.0,Adventure,December,4.0,0.2981,0.1054,0.0111,6.898,801693929.0
290859.0,"China, Hungary, Spain, United States of America",2019.0,en,6.4,185000000.0,5.0,4.0,1.0,Science Fiction,October,23.0,0.2654,0.1719,0.0296,6.4,261119292.0
420817.0,United States of America,2019.0,en,7.095,183000000.0,5.0,4.0,1.0,Adventure,May,22.0,0.2929,0.1193,0.0142,7.095,1054300000.0
420809.0,United States of America,2019.0,en,7.303,185000000.0,5.0,4.0,1.0,Family,October,16.0,0.2995,0.1015,0.0103,7.303,491730089.0
530385.0,"Sweden, United States of America",2019.0,en,7.2,9000000.0,5.0,3.0,1.0,Horror,July,3.0,0.2864,0.1341,0.018,7.2,48015416.0
466272.0,"China, United Kingdom, United States of America",2019.0,en,7.4,95000000.0,5.0,3.0,1.0,Comedy,July,24.0,0.283,0.1411,0.0199,7.4,392105159.0
301528.0,United States of America,2019.0,en,7.5,175000000.0,5.0,5.0,1.0,Family,June,19.0,0.2668,0.1698,0.0288,7.5,1073841394.0
619264.0,Spain,2019.0,es,7.0,1203235.0,5.0,3.0,1.0,Drama,November,8.0,0.253,0.1897,0.036,7.0,1090116.0
373571.0,"China, Japan, United States of America",2019.0,en,6.693,170000000.0,5.0,2.0,1.0,Science Fiction,May,29.0,0.2828,0.1414,0.02,6.693,387300138.0
359724.0,United States of America,2019.0,en,8.0,97600000.0,5.0,3.0,1.0,Drama,November,13.0,0.2919,0.1216,0.0148,8.0,225508210.0
527641.0,United States of America,2019.0,en,8.242,7000000.0,5.0,2.0,1.0,Romance,March,14.0,0.2804,0.1463,0.0214,8.242,92600000.0
820232.0,Japan,2019.0,ja,7.885,0.0,5.0,4.0,1.0,Animation,March,29.0,0.216,0.2309,0.0533,7.885,480522.0
479455.0,"China, United States of America",2019.0,en,5.909,110000000.0,5.0,3.0,1.0,Comedy,June,12.0,0.2655,0.1718,0.0295,5.909,253890701.0
157433.0,United States of America,2019.0,en,5.7,21000000.0,5.0,2.0,2.0,Horror,April,4.0,0.2353,0.2112,0.0446,5.7,113118226.0
567609.0,United States of America,2019.0,en,7.039,6000000.0,5.0,2.0,2.0,Horror,August,21.0,0.2783,0.1502,0.0226,7.039,57600000.0
320288.0,United States of America,2019.0,en,5.973,200000000.0,5.0,3.0,1.0,Science Fiction,June,5.0,0.2538,0.1886,0.0356,5.973,252442974.0
287947.0,United States of America,2019.0,en,7.0,80000000.0,5.0,3.0,1.0,Action,March,29.0,0.2914,0.1228,0.0151,7.0,367799011.0
412117.0,United States of America,2019.0,en,6.955,80000000.0,5.0,4.0,1.0,Adventure,May,24.0,0.2712,0.1627,0.0265,6.955,429434163.0
338967.0,United States of America,2019.0,en,6.923,42000000.0,5.0,3.0,1.0,Comedy,October,9.0,0.2887,0.1291,0.0167,6.923,122800000.0
522681.0,United States of America,2019.0,en,6.5,9000000.0,5.0,3.0,1.0,Horror,January,3.0,0.2818,0.1435,0.0206,6.5,155712077.0
503919.0,"Brazil, United States of America",2019.0,en,7.5,11000000.0,5.0,3.0,1.0,Drama,October,18.0,0.2385,0.2076,0.0431,7.5,18262464.0
530915.0,"India, Spain, United Kingdom, United States of America",2019.0,en,8.0,100000000.0,5.0,4.0,1.0,War,December,25.0,0.2997,0.1009,0.0102,8.0,394638258.0
398978.0,United States of America,2019.0,en,7.6,159000000.0,5.0,3.0,1.0,Crime,November,1.0,0.3036,0.0885,0.0078,7.6,968853.0
480414.0,United States of America,2019.0,en,5.7,9000000.0,5.0,1.0,1.0,Horror,April,17.0,0.2557,0.186,0.0346,5.7,123233739.0
331482.0,United States of America,2019.0,en,7.9,40000000.0,5.0,3.0,1.0,Drama,December,25.0,0.293,0.119,0.0142,7.9,216600000.0
447404.0,"Japan, United States of America",2019.0,en,6.92,150000000.0,5.0,3.0,1.0,Action,May,3.0,0.3038,0.0877,0.0077,6.92,449762638.0
592350.0,Japan,2019.0,ja,8.162,0.0,5.0,4.0,1.0,Animation,December,20.0,0.2907,0.1245,0.0155,8.162,30017163.0
454640.0,"Finland, United States of America",2019.0,en,7.067,65000000.0,5.0,6.0,1.0,Animation,August,2.0,0.2796,0.1477,0.0218,7.067,137792047.0
423204.0,United States of America,2019.0,en,6.593,40000000.0,5.0,2.0,1.0,Action,August,21.0,0.2787,0.1493,0.0223,6.593,146661977.0
554596.0,Mexico,2019.0,es,7.9,5000000.0,5.0,1.0,1.0,Comedy,March,15.0,0.2811,0.1449,0.021,7.9,26500000.0
450465.0,United States of America,2019.0,en,6.7,20000000.0,5.0,3.0,1.0,Thriller,January,16.0,0.2554,0.1865,0.0348,6.7,246999039.0
499701.0,"Australia, United States of America",2019.0,en,6.6,49000000.0,5.0,4.0,1.0,Adventure,August,8.0,0.2902,0.1257,0.0158,6.6,120600000.0
456740.0,"Bulgaria, United States of America, France, Canada",2019.0,en,5.6,50000000.0,5.0,4.0,1.0,Fantasy,April,10.0,0.2898,0.1266,0.016,5.6,55065289.0
517093.0,"Russia, Serbia",2019.0,ru,7.5,3500000.0,5.0,3.0,1.0,Drama,March,21.0,0.2835,0.1402,0.0196,7.5,4944386.0
531428.0,France,2019.0,fr,8.1,5740000.0,5.0,3.0,1.0,Drama,September,18.0,0.2805,0.1461,0.0213,8.1,9923127.0
531309.0,United States of America,2019.0,en,6.1,6000000.0,5.0,4.0,1.0,Horror,May,9.0,0.2728,0.1599,0.0256,6.1,33224654.0
484641.0,"France, Guadaloupe, Russia, Serbia, United States of America",2019.0,en,6.7,34000000.0,5.0,3.0,1.0,Action,June,19.0,0.2593,0.181,0.0328,6.7,31626978.0
458897.0,United States of America,2019.0,en,6.4,48000000.0,5.0,3.0,1.0,Action,November,14.0,0.2741,0.1576,0.0248,6.4,73279888.0
522162.0,"Canada, Hong Kong, United States of America",2019.0,en,7.123,100000000.0,5.0,3.0,1.0,Action,November,6.0,0.2502,0.1934,0.0374,7.123,127400000.0
329996.0,"Australia, Canada, United Kingdom, United States of America",2019.0,en,6.606,170000000.0,5.0,3.0,1.0,Family,March,27.0,0.2646,0.1732,0.03,6.606,353284621.0
511987.0,"Canada, Serbia, United States of America",2019.0,en,6.324,13500000.0,5.0,3.0,1.0,Horror,July,11.0,0.2377,0.2085,0.0435,6.324,91500000.0
571891.0,Japan,2019.0,ja,6.8,0.0,5.0,5.0,2.0,Animation,July,12.0,0.2784,0.1499,0.0225,6.8,26654184.0
568160.0,Japan,2019.0,ja,8.001,0.0,5.0,4.0,1.0,Animation,June,19.0,0.2376,0.2086,0.0435,8.001,186965409.0
431580.0,"China, Japan, United States of America",2019.0,en,7.5,75000000.0,5.0,4.0,1.0,Family,September,19.0,0.2667,0.17,0.0289,7.5,190304772.0
487297.0,United States of America,2019.0,en,6.2,20000000.0,5.0,2.0,1.0,Comedy,February,8.0,0.2935,0.1176,0.0138,6.2,69766483.0
417384.0,"Canada, Hong Kong, United States of America",2019.0,en,6.5,25000000.0,5.0,3.0,1.0,Horror,August,8.0,0.2829,0.1412,0.0199,6.5,104545505.0
473033.0,United States of America,2019.0,en,7.156,19000000.0,5.0,3.0,2.0,Drama,August,30.0,0.2956,0.1124,0.0126,7.156,50023780.0
481084.0,"Canada, United States of America",2019.0,en,6.61,40000000.0,5.0,4.0,2.0,Family,October,10.0,0.2556,0.1863,0.0347,6.61,204394183.0
637920.0,Turkey,2019.0,tr,8.3,10000000.0,5.0,1.0,1.0,Drama,October,10.0,0.2973,0.1079,0.0116,8.3,28000000.0
458723.0,United States of America,2019.0,en,6.964,20000000.0,5.0,2.0,1.0,Horror,March,14.0,0.2345,0.2121,0.045,6.964,256067149.0
486589.0,South Korea,2019.0,en,7.7,0.0,5.0,6.0,1.0,Animation,July,25.0,0.2972,0.1081,0.0117,7.7,10054356.0
480105.0,"United Kingdom, United States of America",2019.0,en,5.7,12000000.0,5.0,1.0,1.0,Horror,August,15.0,0.2673,0.169,0.0286,5.7,47582563.0
533444.0,"Canada, United States of America",2019.0,en,7.4,6000000.0,6.0,2.0,1.0,Romance,November,15.0,0.2863,0.1343,0.018,7.4,2576990.0
575813.0,"China, Hong Kong, United Kingdom",2019.0,zh,8.1,0.0,5.0,3.0,1.0,Drama,October,25.0,0.2867,0.1334,0.0178,8.1,225879065.0
522924.0,United States of America,2019.0,en,8.2,18000000.0,5.0,2.0,1.0,Drama,August,8.0,0.2994,0.1017,0.0103,8.2,33800000.0
441282.0,"Canada, United Kingdom, United States of America",2019.0,en,6.6,0.0,5.0,2.0,1.0,Drama,August,29.0,0.293,0.1188,0.0141,6.6,1012932.0
522518.0,"Canada, China, India, United States of America",2019.0,en,8.1,16000000.0,5.0,3.0,1.0,Family,May,3.0,0.2828,0.1414,0.02,8.1,78871079.0
515001.0,"New Zealand, United States of America",2019.0,en,8.0,14000000.0,5.0,3.0,1.0,Comedy,October,18.0,0.2945,0.1153,0.0133,8.0,82468705.0
453405.0,"China, United States of America",2019.0,en,6.282,140000000.0,5.0,4.0,1.0,Science Fiction,October,2.0,0.2952,0.1135,0.0129,6.282,173469516.0
652722.0,Dominican Republic,2019.0,es,7.8,0.0,5.0,2.0,1.0,Romance,December,6.0,0.275,0.1561,0.0244,7.8,425332.0
573699.0,China,2019.0,zh,7.7,11936735.0,5.0,3.0,2.0,Romance,January,11.0,0.286,0.135,0.0182,7.7,61631776.0
514439.0,United States of America,2019.0,en,7.6,14000000.0,5.0,1.0,1.0,Drama,April,10.0,0.2829,0.1413,0.02,7.6,49200000.0
574982.0,Russia,2019.0,ru,6.5,0.0,5.0,3.0,1.0,Thriller,November,21.0,0.2474,0.197,0.0388,6.5,2746207.0
501170.0,United States of America,2019.0,en,7.144,45000000.0,5.0,3.0,1.0,Horror,October,30.0,0.3019,0.094,0.0088,7.144,72381712.0
540901.0,United States of America,2019.0,en,6.5,20000000.0,5.0,3.0,1.0,Drama,September,12.0,0.2959,0.1115,0.0124,6.5,157563598.0
535292.0,"United States of America, China",2019.0,en,6.8,33000000.0,5.0,3.0,1.0,Crime,October,24.0,0.2617,0.1775,0.0315,6.8,49900000.0
431693.0,United States of America,2019.0,en,7.583,100000000.0,5.0,5.0,2.0,Animation,December,4.0,0.2651,0.1725,0.0297,7.583,171616764.0
438650.0,"Canada, France, Norway, United Kingdom, United States of America",2019.0,en,5.83,60000000.0,5.0,5.0,1.0,Action,February,7.0,0.2689,0.1664,0.0277,5.83,76419755.0
553837.0,Japan,2019.0,ja,7.3,0.0,5.0,5.0,1.0,Animation,February,9.0,0.2916,0.1223,0.015,7.3,9982083.0
428045.0,"China, Russia",2019.0,ru,6.1,49000000.0,5.0,4.0,1.0,Action,August,16.0,0.3005,0.0984,0.0097,6.1,8685794.0
280217.0,"Canada, Denmark, United States of America",2019.0,en,6.666,99000000.0,5.0,5.0,1.0,Action,February,6.0,0.3,0.1,0.01,6.666,199603202.0
508763.0,"China, United States of America",2019.0,en,7.4,18000000.0,5.0,3.0,1.0,Drama,January,10.0,0.2638,0.1743,0.0304,7.4,17643857.0
416144.0,"Australia, India, Singapore, United States of America, Indonesia",2019.0,en,7.548,25000000.0,5.0,4.0,1.0,Thriller,March,14.0,0.2951,0.1136,0.0129,7.548,16900000.0
440472.0,United States of America,2019.0,en,7.1,37500000.0,5.0,2.0,1.0,Comedy,January,10.0,0.2977,0.1067,0.0114,7.1,125000000.0
615165.0,Japan,2019.0,ja,7.3,0.0,5.0,2.0,1.0,Animation,October,11.0,0.2572,0.184,0.0339,7.3,4736031.0
492188.0,United Kingdom,2019.0,en,7.7,18000000.0,5.0,1.0,1.0,Drama,September,28.0,0.265,0.1725,0.0298,7.7,2300000.0
484468.0,France,2019.0,fr,7.553,22400000.0,5.0,3.0,1.0,Thriller,February,20.0,0.281,0.1451,0.0211,7.553,12652790.0
512196.0,United States of America,2019.0,en,6.3,9000000.0,5.0,3.0,1.0,Comedy,February,13.0,0.2807,0.1457,0.0212,6.3,64600152.0
504608.0,"United Kingdom, United States of America",2019.0,en,7.327,40000000.0,5.0,2.0,1.0,Music,May,17.0,0.2953,0.1131,0.0128,7.327,167300000.0
570503.0,South Korea,2019.0,ko,7.8,0.0,5.0,2.0,1.0,Romance,August,28.0,0.2892,0.1279,0.0164,7.8,8631781.0
481880.0,United States of America,2019.0,en,6.9,0.0,5.0,2.0,1.0,Drama,May,17.0,0.2667,0.17,0.0289,6.9,130000.0
553600.0,Japan,2019.0,ja,7.0,0.0,5.0,3.0,1.0,Animation,May,24.0,0.2906,0.1246,0.0155,7.0,9869306.0
599975.0,United States of America,2019.0,en,6.2,6500000.0,5.0,2.0,1.0,Horror,October,24.0,0.2991,0.1026,0.0105,6.2,48021766.0
458305.0,"Belgium, Denmark, Ireland, United States of America",2019.0,en,6.062,4000000.0,5.0,4.0,1.0,Science Fiction,September,7.0,0.2932,0.1184,0.014,6.062,488000.0
525661.0,"Canada, United States of America",2019.0,en,6.8,32000000.0,5.0,1.0,1.0,Drama,December,13.0,0.2805,0.1461,0.0213,6.8,61404394.0
461130.0,"Canada, United Kingdom, United States of America",2019.0,en,6.3,15000000.0,5.0,3.0,1.0,Science Fiction,December,6.0,0.2753,0.1557,0.0242,6.3,157209.0
548473.0,"Malaysia, Portugal, United States of America",2019.0,en,6.041,6000000.0,5.0,4.0,1.0,Horror,September,7.0,0.2578,0.1832,0.0336,6.041,1023510.0
552178.0,United States of America,2019.0,en,7.543,20000000.0,5.0,2.0,1.0,Drama,November,22.0,0.2782,0.1503,0.0226,7.543,13601384.0
581387.0,South Korea,2019.0,ko,6.813,17700000.0,5.0,3.0,2.0,Action,December,19.0,0.3003,0.0992,0.0098,6.813,61321941.0
449562.0,"Spain, United States of America",2019.0,en,6.2,21000000.0,5.0,2.0,1.0,Comedy,May,9.0,0.2183,0.2288,0.0524,6.2,97400000.0
533642.0,"Canada, United States of America",2019.0,en,6.0,10000000.0,5.0,2.0,1.0,Horror,June,19.0,0.2969,0.1088,0.0118,6.0,44902237.0
292011.0,United States of America,2019.0,en,7.4,45000000.0,5.0,1.0,1.0,Drama,December,13.0,0.2895,0.1273,0.0162,7.4,33900000.0
480042.0,"China, United States of America",2019.0,en,5.4,3600000.0,5.0,2.0,1.0,Action,June,20.0,0.299,0.103,0.0106,5.4,1766092.0
620249.0,China,2019.0,zh,8.355,0.0,5.0,3.0,1.0,Animation,August,27.0,0.2853,0.1364,0.0186,8.355,48045728.0
500852.0,"Mexico, United States of America",2019.0,en,6.4,15000000.0,5.0,1.0,1.0,Action,February,1.0,0.2858,0.1354,0.0183,6.4,15200000.0
400157.0,"Spain, United States of America",2019.0,en,6.5,100000000.0,5.0,5.0,1.0,Comedy,March,13.0,0.2683,0.1673,0.028,6.5,119559110.0
535581.0,"United States of America, Sweden, Japan",2019.0,en,5.4,11000000.0,5.0,2.0,1.0,Comedy,May,15.0,0.2739,0.158,0.025,5.4,15800000.0
302349.0,"Finland, Germany",2019.0,en,5.128,17500000.0,5.0,4.0,1.0,Action,January,25.0,0.2931,0.1186,0.0141,5.128,392166.0
519010.0,Spain,2019.0,es,7.4,10769016.0,5.0,1.0,1.0,Drama,March,22.0,0.2778,0.1511,0.0228,7.4,37359689.0
621191.0,United Kingdom,2019.0,en,7.3,1600000.0,5.0,3.0,1.0,Crime,November,22.0,0.2885,0.1296,0.0168,7.3,5750000.0
466081.0,"United Kingdom, United States of America",2019.0,en,6.5,60000000.0,5.0,3.0,1.0,Drama,August,30.0,0.3029,0.0909,0.0083,6.5,2927708.0
468816.0,"Ukraine, United States of America",2019.0,en,5.9,2900000.0,5.0,3.0,2.0,Action,October,10.0,0.2708,0.1633,0.0267,5.9,1560697.0
521777.0,United States of America,2019.0,en,6.9,20000000.0,5.0,1.0,1.0,Comedy,August,14.0,0.2886,0.1292,0.0167,6.9,111037232.0
486131.0,United States of America,2019.0,en,6.5,30000000.0,5.0,4.0,1.0,Action,June,14.0,0.3028,0.0912,0.0083,6.5,21360215.0
454294.0,United Kingdom,2019.0,en,6.17,59000000.0,5.0,4.0,1.0,Action,January,16.0,0.2704,0.1639,0.0269,6.17,32140970.0
438674.0,"Canada, United Kingdom, United States of America",2019.0,en,6.589,15000000.0,5.0,3.0,1.0,Crime,February,21.0,0.298,0.1058,0.0112,6.589,660132.0
605804.0,United States of America,2019.0,en,6.053,66000.0,5.0,3.0,2.0,Horror,December,15.0,0.2976,0.1069,0.0114,6.053,3758846.0
527776.0,United States of America,2019.0,en,7.7,5000000.0,5.0,1.0,1.0,Drama,August,22.0,0.2793,0.1483,0.022,7.7,38026103.0
567646.0,South Korea,2019.0,ko,7.1,8120000.0,5.0,3.0,1.0,Action,January,23.0,0.2944,0.1154,0.0133,7.1,124652206.0
549053.0,"United Kingdom, United States of America",2019.0,en,7.2,30000000.0,5.0,2.0,1.0,Comedy,November,7.0,0.25,0.1936,0.0375,7.2,121600000.0
587272.0,Spain,2019.0,es,7.667,3400000.0,5.0,1.0,1.0,Comedy,August,2.0,0.2769,0.1528,0.0233,7.667,15894372.0
527261.0,"Canada, Germany, United Kingdom, United States of America",2019.0,en,6.023,0.0,5.0,4.0,1.0,Horror,May,16.0,0.2853,0.1364,0.0186,6.023,2325977.0
508138.0,United States of America,2019.0,en,6.0,0.0,5.0,3.0,1.0,Thriller,August,23.0,0.2782,0.1504,0.0226,6.0,25373.0
522212.0,United States of America,2019.0,en,7.9,25000000.0,5.0,3.0,1.0,Drama,December,25.0,0.2999,0.1002,0.01,7.9,50401502.0
505600.0,United States of America,2019.0,en,7.0,6000000.0,5.0,1.0,1.0,Comedy,May,24.0,0.2611,0.1784,0.0318,7.0,24849029.0
413518.0,"France, Italy, United Kingdom",2019.0,it,6.6,12400000.0,5.0,3.0,1.0,Drama,December,19.0,0.2224,0.2248,0.0505,6.6,17133446.0
502416.0,"Japan, United States of America",2019.0,en,5.8,5000000.0,5.0,2.0,1.0,Horror,May,29.0,0.2753,0.1556,0.0242,5.8,51749995.0
551332.0,United States of America,2019.0,en,7.5,0.0,5.0,2.0,1.0,Drama,November,27.0,0.2851,0.1369,0.0187,7.5,232638.0
509730.0,"Belgium, France",2019.0,en,5.9,0.0,5.0,2.0,2.0,Family,February,13.0,0.2936,0.1175,0.0138,5.9,35515687.0
452832.0,United Kingdom,2019.0,en,5.4,25000000.0,5.0,3.0,1.0,Thriller,January,24.0,0.2875,0.1317,0.0173,5.4,14500000.0
449563.0,"Canada, United States of America",2019.0,en,6.2,31000000.0,5.0,3.0,1.0,Comedy,February,13.0,0.2909,0.124,0.0154,6.2,48800000.0
556509.0,South Korea,2019.0,ko,6.9,0.0,5.0,4.0,1.0,Horror,February,20.0,0.266,0.1709,0.0292,6.9,17607783.0
610892.0,Japan,2019.0,ja,8.2,0.0,5.0,3.0,1.0,Drama,September,6.0,0.2915,0.1227,0.0151,8.2,10841702.0
532671.0,"Canada, United States of America",2019.0,en,6.1,6000000.0,5.0,2.0,1.0,Horror,February,6.0,0.253,0.1897,0.036,6.1,21200000.0
575222.0,Japan,2019.0,ja,7.6,0.0,5.0,6.0,1.0,Animation,March,1.0,0.2043,0.2414,0.0583,7.6,65406606.0
458253.0,United States of America,2019.0,en,7.0,100000000.0,5.0,4.0,1.0,Family,April,4.0,0.2646,0.1732,0.03,7.0,26565710.0
578189.0,United States of America,2019.0,en,6.783,12000000.0,5.0,4.0,1.0,Action,October,25.0,0.3031,0.0903,0.0081,6.783,22741061.0
553835.0,Japan,2019.0,ja,7.8,0.0,5.0,6.0,1.0,Animation,February,15.0,0.2911,0.1236,0.0153,7.8,338632.0
505948.0,"Australia, Luxembourg, United States of America",2019.0,en,6.702,0.0,5.0,2.0,1.0,Science Fiction,June,7.0,0.2833,0.1406,0.0198,6.702,643593.0
465086.0,"Canada, United States of America",2019.0,en,5.4,10000000.0,5.0,2.0,1.0,Horror,December,31.0,0.3031,0.0901,0.0081,5.4,42800000.0
468224.0,United States of America,2019.0,en,7.0,20000000.0,5.0,3.0,1.0,War,May,3.0,0.3027,0.0914,0.0084,7.0,8654322.0
433502.0,"United States of America, United Kingdom, Germany",2019.0,en,6.4,0.0,5.0,3.0,1.0,War,March,1.0,0.2863,0.1344,0.0181,6.4,9215591.0
622420.0,United Kingdom,2019.0,en,5.8,0.0,5.0,1.0,1.0,Horror,November,9.0,0.2402,0.2057,0.0423,5.8,1035734.0
554241.0,United States of America,2019.0,en,6.6,29900000.0,5.0,2.0,1.0,Family,November,8.0,0.2173,0.2298,0.0528,6.6,69412425.0
560527.0,South Korea,2019.0,ko,7.848,0.0,5.0,3.0,1.0,Fantasy,January,9.0,0.2941,0.1163,0.0135,7.848,14651772.0
390634.0,Japan,2019.0,ja,7.0,0.0,5.0,5.0,1.0,Animation,January,12.0,0.2585,0.1821,0.0332,7.0,19790000.0
429471.0,United States of America,2019.0,en,5.6,25000000.0,5.0,4.0,1.0,Science Fiction,March,15.0,0.2887,0.129,0.0166,5.6,8808611.0
539892.0,"Canada, United States of America",2019.0,en,6.8,2000.0,5.0,1.0,2.0,Science Fiction,September,12.0,0.2845,0.1381,0.0191,6.8,368410.0
422803.0,"France, United Kingdom",2019.0,en,6.9,0.0,5.0,4.0,2.0,Family,September,26.0,0.28,0.147,0.0216,6.9,43133089.0
454458.0,"Canada, China, United States of America",2019.0,en,6.612,45000000.0,5.0,4.0,1.0,Animation,May,1.0,0.2878,0.131,0.0172,6.612,32500000.0
411728.0,"France, Ireland, Mexico, United States of America",2019.0,en,7.1,25000000.0,5.0,4.0,1.0,History,March,7.0,0.2594,0.1808,0.0327,7.1,4957273.0
445629.0,"United Kingdom, United States of America",2019.0,en,6.9,11000000.0,5.0,1.0,1.0,Comedy,February,14.0,0.2949,0.1141,0.013,6.9,39055536.0
620725.0,"Canada, United States of America",2019.0,en,6.8,5000000.0,5.0,1.0,2.0,Comedy,October,10.0,0.2753,0.1556,0.0242,6.8,9341824.0
576393.0,"China, Taiwan",2019.0,zh,6.6,0.0,5.0,2.0,1.0,Romance,February,14.0,0.2863,0.1343,0.018,6.6,29.0
611914.0,"United Kingdom, United States of America",2019.0,en,6.0,0.0,5.0,4.0,1.0,Action,November,22.0,0.279,0.1489,0.0222,6.0,4700862.0
515195.0,"United Kingdom, United States of America",2019.0,en,6.7,26000000.0,5.0,4.0,1.0,Comedy,June,26.0,0.2681,0.1677,0.0281,6.7,154608856.0
575094.0,Russia,2019.0,en,6.1,7000000.0,5.0,3.0,1.0,Adventure,August,22.0,0.2927,0.1197,0.0143,6.1,1940234.0
480001.0,United States of America,2019.0,en,6.6,1800000.0,5.0,4.0,1.0,Comedy,July,12.0,0.2962,0.1107,0.0122,6.6,2400000.0
538207.0,"Bulgaria, United States of America",2019.0,en,6.793,4000000.0,5.0,4.0,1.0,Drama,May,9.0,0.2442,0.2009,0.0404,6.793,143837.0
572164.0,South Korea,2019.0,ko,7.638,10892000.0,5.0,2.0,1.0,Action,July,31.0,0.2717,0.1617,0.0262,7.638,69501772.0
500916.0,United States of America,2019.0,en,5.6,9000000.0,5.0,3.0,1.0,Action,December,27.0,0.2997,0.1009,0.0102,5.6,146863.0
536869.0,"China, United Kingdom, United States of America",2019.0,en,4.1,95000000.0,5.0,3.0,1.0,Fantasy,December,19.0,0.2946,0.1149,0.0132,4.1,77276321.0
586863.0,France,2019.0,fr,7.578,2500000.0,5.0,3.0,1.0,Crime,November,14.0,0.2686,0.1669,0.0279,7.578,54606372.0
581218.0,China,2019.0,zh,7.0,0.0,5.0,4.0,2.0,Animation,February,5.0,0.2729,0.1597,0.0255,7.0,112369259.0
583132.0,Japan,2019.0,ja,5.9,0.0,5.0,1.0,1.0,Horror,May,24.0,0.2753,0.1556,0.0242,5.9,5589910.0
535845.0,United States of America,2019.0,en,7.3,10000000.0,5.0,1.0,1.0,Drama,August,9.0,0.2888,0.1288,0.0166,7.3,4300000.0
508664.0,"Australia, United Kingdom",2019.0,en,6.8,23934823.0,5.0,4.0,1.0,War,August,8.0,0.2907,0.1246,0.0155,6.8,2078370.0
585268.0,India,2019.0,hi,6.8,16000000.0,5.0,3.0,1.0,Action,October,2.0,0.2813,0.1445,0.0209,6.8,67450000.0
505436.0,France,2019.0,fr,5.9,18500000.0,5.0,1.0,1.0,Comedy,January,30.0,0.2963,0.1105,0.0122,5.9,87761988.0
514921.0,"United Kingdom, United States of America",2019.0,en,6.8,40000000.0,5.0,3.0,1.0,Adventure,November,4.0,0.277,0.1526,0.0233,6.8,3485251.0
641790.0,"Puerto Rico, United States of America",2019.0,en,5.5,0.0,5.0,2.0,1.0,Action,December,6.0,0.2909,0.124,0.0154,5.5,92968.0
539651.0,United States of America,2019.0,en,6.8,5000000.0,5.0,4.0,1.0,Science Fiction,August,30.0,0.291,0.1237,0.0153,6.8,5300000.0
586954.0,"Belgium, Germany",2019.0,de,6.7,0.0,5.0,4.0,4.0,Animation,December,11.0,0.2811,0.1448,0.021,6.7,4983582.0
513045.0,United States of America,2019.0,en,6.631,16000000.0,5.0,2.0,1.0,Action,July,11.0,0.2853,0.1363,0.0186,6.631,32400000.0
526050.0,United States of America,2019.0,en,6.9,20000000.0,5.0,3.0,1.0,Comedy,April,4.0,0.2667,0.1699,0.0289,6.9,17399000.0
571627.0,South Korea,2019.0,ko,6.8,0.0,5.0,3.0,1.0,Action,July,31.0,0.2871,0.1325,0.0176,6.8,11750306.0
570480.0,Canada,2019.0,en,6.6,0.0,5.0,5.0,1.0,Animation,August,8.0,0.2753,0.1556,0.0242,6.6,12127842.0
582913.0,"Belgium, France, Luxembourg",2019.0,en,6.4,0.0,5.0,4.0,1.0,Horror,September,12.0,0.2559,0.1857,0.0345,6.4,44291.0
529983.0,United States of America,2019.0,en,4.7,0.0,5.0,2.0,2.0,Thriller,May,23.0,0.294,0.1165,0.0136,4.7,323754.0
554805.0,"Japan, United States of America",2019.0,ja,7.2,0.0,5.0,5.0,1.0,Action,April,19.0,0.2775,0.1516,0.023,7.2,50574061.0
560192.0,United States of America,2019.0,en,5.4,0.0,5.0,1.0,1.0,Thriller,December,6.0,0.2849,0.1372,0.0188,5.4,5566.0
501907.0,"China, United States of America",2019.0,en,6.967,25000000.0,5.0,2.0,1.0,Drama,September,7.0,0.2885,0.1296,0.0168,6.967,67900000.0
449924.0,"China, Hong Kong",2019.0,cn,7.3,52000000.0,5.0,3.0,1.0,Action,December,19.0,0.2854,0.1363,0.0186,7.3,239000000.0
537140.0,United Kingdom,2019.0,en,6.3,0.0,5.0,1.0,1.0,Drama,October,3.0,0.2798,0.1473,0.0217,6.3,1136167.0
575769.0,"Argentina, Spain",2019.0,es,6.4,3000000.0,5.0,1.0,1.0,Thriller,April,4.0,0.2887,0.129,0.0166,6.4,1292773.0
535544.0,"United Kingdom, United States of America",2019.0,en,7.1,20000000.0,5.0,3.0,1.0,Drama,September,12.0,0.2708,0.1633,0.0267,7.1,194694725.0
419704.0,"Brazil, China, United States of America",2019.0,en,6.108,87500000.0,5.0,2.0,1.0,Science Fiction,September,17.0,0.2655,0.1718,0.0295,6.108,127461872.0
542921.0,"Argentina, Spain",2019.0,es,7.1,4735684.0,5.0,3.0,1.0,Drama,September,27.0,0.2621,0.1769,0.0313,7.1,12277353.0
594188.0,Japan,2019.0,ja,6.5,0.0,5.0,6.0,1.0,Animation,August,23.0,0.2646,0.1732,0.03,6.5,2858846.0
518596.0,Russia,2019.0,ru,5.458,0.0,5.0,4.0,1.0,Animation,October,24.0,0.2954,0.1128,0.0127,5.458,1469171.0
503129.0,India,2019.0,hi,4.4,0.0,5.0,3.0,1.0,Romance,May,10.0,0.2619,0.1773,0.0314,4.4,1635907.0
428836.0,"United Kingdom, United States of America",2019.0,en,7.1,12000000.0,5.0,3.0,1.0,Drama,June,28.0,0.2782,0.1504,0.0226,7.1,242115.0
565310.0,"China, United States of America",2019.0,en,7.423,250300.0,5.0,2.0,1.0,Comedy,July,12.0,0.2722,0.1609,0.0259,7.423,23076657.0
399121.0,"France, Italy",2019.0,fr,7.1,25300000.0,5.0,3.0,1.0,History,September,30.0,0.2667,0.1699,0.0289,7.1,18878646.0
565179.0,"Belgium, Italy",2019.0,la,7.1,8000000.0,5.0,2.0,1.0,History,January,31.0,0.2682,0.1676,0.0281,7.1,2440478.0
617768.0,"Canada, Germany, Hungary, United Kingdom",2019.0,en,6.7,0.0,5.0,2.0,1.0,Drama,December,25.0,0.3061,0.0793,0.0063,6.7,1138962.0
520016.0,"Puerto Rico, United Kingdom, United States of America",2019.0,en,6.2,0.0,5.0,2.0,1.0,Thriller,August,15.0,0.3041,0.0866,0.0075,6.2,147172.0
291984.0,"Canada, United Kingdom",2019.0,en,6.9,35000000.0,5.0,1.0,1.0,Drama,March,13.0,0.2921,0.1212,0.0147,6.9,3326364.0
536743.0,"Canada, United States of America",2019.0,en,7.137,20000000.0,5.0,3.0,1.0,Crime,November,27.0,0.2515,0.1917,0.0368,7.137,47803176.0
524348.0,United States of America,2019.0,en,7.0,8000000.0,5.0,1.0,1.0,Drama,September,12.0,0.2809,0.1452,0.0211,7.0,275000.0
524247.0,United States of America,2019.0,en,6.0,8000000.0,5.0,1.0,1.0,Thriller,May,3.0,0.2654,0.1719,0.0296,6.0,40600000.0
403300.0,"Germany, United States of America",2019.0,en,7.1,9000000.0,5.0,3.0,1.0,History,August,27.0,0.2966,0.1095,0.012,7.1,4645140.0
520900.0,"United Kingdom, United States of America",2019.0,en,6.4,15600000.0,5.0,1.0,1.0,Comedy,November,7.0,0.2797,0.1476,0.0218,6.4,11620337.0
614587.0,Japan,2019.0,ja,7.3,0.0,5.0,3.0,1.0,Adventure,December,6.0,0.2429,0.2024,0.041,7.3,7334393.0
489064.0,United States of America,2019.0,en,5.8,3000000.0,5.0,3.0,1.0,Horror,September,16.0,0.2905,0.125,0.0156,5.8,2295825.0
511322.0,"Canada, United Kingdom, United States of America",2019.0,en,6.7,10000000.0,5.0,1.0,1.0,Crime,November,8.0,0.2965,0.1099,0.0121,6.7,33856058.0
559957.0,China,2019.0,zh,5.469,30000000.0,5.0,2.0,1.0,Science Fiction,August,9.0,0.2751,0.156,0.0243,5.469,16900000.0
489243.0,"Belgium, Canada",2019.0,en,6.2,0.0,5.0,2.0,1.0,Thriller,March,15.0,0.2957,0.1122,0.0126,6.2,876980.0
417466.0,"Argentina, Colombia, Denmark, Germany, Netherlands, Sweden, Switzerland, Uruguay",2019.0,es,6.6,1800000.0,5.0,2.0,1.0,Drama,August,15.0,0.2661,0.1709,0.0292,6.6,1929915.0
346709.0,"United Kingdom, United States of America",2019.0,en,5.9,0.0,5.0,3.0,1.0,Thriller,December,25.0,0.2449,0.2,0.04,5.9,646389.0
441384.0,"France, Switzerland, United Kingdom, United States of America",2019.0,en,5.7,5000000.0,5.0,1.0,1.0,Comedy,March,21.0,0.2649,0.1728,0.0299,5.7,4600000.0
530081.0,United States of America,2019.0,en,5.4,0.0,5.0,3.0,1.0,Drama,February,8.0,0.2722,0.161,0.0259,5.4,3822.0
508791.0,United States of America,2019.0,en,7.0,9000000.0,5.0,2.0,1.0,Romance,May,16.0,0.2828,0.1414,0.02,7.0,6800000.0
416153.0,"Canada, Italy, United Kingdom, United States of America",2019.0,en,6.1,0.0,5.0,3.0,2.0,Animation,November,1.0,0.2635,0.1748,0.0306,6.1,11285154.0
471707.0,"France, Poland",2019.0,pl,7.6,1300000.0,5.0,1.0,1.0,Drama,September,10.0,0.2682,0.1676,0.0281,7.6,9943901.0
487680.0,"United States of America, Canada",2019.0,en,6.1,38000000.0,5.0,3.0,1.0,Action,August,8.0,0.27,0.1646,0.0271,6.1,16000000.0
504562.0,United States of America,2019.0,en,6.681,26000000.0,5.0,2.0,1.0,Drama,October,31.0,0.2744,0.1572,0.0247,6.681,18377736.0
440762.0,United States of America,2019.0,en,5.7,10000000.0,5.0,3.0,1.0,Comedy,October,15.0,0.2999,0.1004,0.0101,5.7,1011305.0
454292.0,India,2019.0,te,5.9,51000000.0,5.0,3.0,1.0,Action,August,29.0,0.2746,0.1569,0.0246,5.9,55000000.0
366668.0,"Canada, Germany, United Kingdom, United States of America",2019.0,en,5.6,75000000.0,5.0,4.0,1.0,Family,June,10.0,0.2867,0.1334,0.0178,5.6,1630000.0
421473.0,United States of America,2019.0,en,5.9,0.0,5.0,3.0,1.0,Thriller,June,20.0,0.2661,0.1709,0.0292,5.9,21712.0
549787.0,Japan,2019.0,ja,6.6,0.0,5.0,4.0,2.0,Action,July,19.0,0.2882,0.1301,0.0169,6.6,7360.0
496743.0,"Denmark, Sweden",2019.0,sv,6.1,0.0,5.0,2.0,2.0,Science Fiction,May,17.0,0.2953,0.1131,0.0128,6.1,40124.0
508101.0,United States of America,2019.0,en,6.834,0.0,5.0,2.0,2.0,Comedy,June,14.0,0.299,0.1029,0.0106,6.834,44112.0
419706.0,"Canada, United States of America",2019.0,en,5.0,0.0,5.0,2.0,1.0,Horror,September,19.0,0.3027,0.0916,0.0084,5.0,709528.0
529862.0,United States of America,2019.0,en,6.604,0.0,5.0,2.0,1.0,Comedy,August,23.0,0.2271,0.22,0.0484,6.604,7439448.0
469274.0,France,2019.0,fr,6.521,0.0,5.0,3.0,1.0,Action,February,6.0,0.2774,0.1519,0.0231,6.521,14702744.0
534259.0,"United Kingdom, United States of America",2019.0,en,6.9,8300000.0,5.0,2.0,1.0,Drama,August,9.0,0.276,0.1544,0.0238,6.9,18144644.0
510298.0,"United States of America, United Kingdom",2019.0,en,5.9,8000000.0,5.0,2.0,1.0,Thriller,December,13.0,0.2363,0.2102,0.0442,5.9,592565.0
527385.0,"United States of America, United Kingdom",2019.0,en,6.365,0.0,5.0,1.0,1.0,Drama,August,9.0,0.26,0.18,0.0324,6.365,2790019.0
604872.0,China,2019.0,zh,6.4,0.0,5.0,2.0,1.0,Action,December,12.0,0.2772,0.1521,0.0231,6.4,24800000.0
505707.0,"Italy, United States of America",2019.0,en,5.9,0.0,5.0,2.0,1.0,Drama,September,6.0,0.2928,0.1195,0.0143,5.9,761361.0
582186.0,Romania,2019.0,en,5.8,2800000.0,5.0,2.0,1.0,Comedy,February,14.0,0.2893,0.1276,0.0163,5.8,1200582.0
522369.0,"Belgium, France, United Kingdom",2019.0,en,7.3,0.0,5.0,1.0,1.0,Drama,October,4.0,0.2287,0.2184,0.0477,7.3,8766149.0
537739.0,United States of America,2019.0,en,6.4,0.0,5.0,2.0,1.0,Romance,September,13.0,0.2584,0.1823,0.0332,6.4,1400000.0
574894.0,China,2019.0,zh,6.0,0.0,5.0,3.0,1.0,Action,January,10.0,0.2538,0.1886,0.0356,6.0,56343000.0
596054.0,"Argentina, Spain",2019.0,es,7.577,0.0,5.0,2.0,1.0,Comedy,August,15.0,0.2978,0.1065,0.0113,7.577,7364054.0
602545.0,Italy,2019.0,it,6.3,4000000.0,5.0,2.0,1.0,Thriller,October,30.0,0.2883,0.13,0.0169,6.3,2514679.0
501395.0,"Australia, France, United Kingdom",2019.0,en,5.9,0.0,5.0,4.0,1.0,Crime,November,23.0,0.2623,0.1767,0.0312,5.9,471152.0
477428.0,"Slovakia, Czech Republic, Ukraine",2019.0,cs,7.138,7800000.0,5.0,3.0,1.0,War,September,12.0,0.2845,0.1381,0.0191,7.138,659535.0
509598.0,"Poland, Ukraine, United Kingdom",2019.0,en,6.8,0.0,5.0,3.0,1.0,Thriller,October,3.0,0.2978,0.1064,0.0113,6.8,2855316.0
547404.0,South Korea,2019.0,ko,7.564,0.0,5.0,1.0,1.0,Drama,August,28.0,0.2598,0.1803,0.0325,7.564,1041948.0
484437.0,"Belgium, Finland, Ireland, United Kingdom",2019.0,en,5.634,0.0,5.0,1.0,1.0,Horror,March,1.0,0.3011,0.0966,0.0093,5.634,3373474.0
612654.0,other,2019.0,en,7.2,0.0,5.0,1.0,1.0,Documentary,August,30.0,0.2881,0.1304,0.017,7.2,1096179.0
532812.0,United States of America,2019.0,en,5.4,0.0,5.0,2.0,1.0,Drama,June,28.0,0.2673,0.169,0.0286,5.4,23425.0
515741.0,"Australia, United States of America",2019.0,en,6.2,0.0,5.0,3.0,1.0,Drama,August,15.0,0.297,0.1086,0.0118,6.2,230193.0
491473.0,"Chile, United States of America",2019.0,en,6.0,0.0,5.0,2.0,1.0,Drama,March,7.0,0.281,0.1451,0.0211,6.0,11145006.0
512263.0,United States of America,2019.0,en,7.094,3500000.0,5.0,1.0,1.0,Drama,September,28.0,0.1897,0.253,0.064,7.094,3400977.0
500904.0,"United Kingdom, United States of America",2019.0,en,5.4,0.0,5.0,2.0,1.0,Thriller,March,29.0,0.2753,0.1556,0.0242,5.4,83012.0
593961.0,"Hong Kong, Philippines",2019.0,tl,6.364,0.0,5.0,2.0,1.0,Romance,July,31.0,0.2977,0.1066,0.0114,6.364,16800000.0
581518.0,"Germany, Switzerland",2019.0,de,7.032,0.0,5.0,1.0,1.0,Drama,December,25.0,0.2891,0.1282,0.0164,7.032,8541775.0
574241.0,"Canada, United Kingdom, United States of America",2019.0,en,6.6,0.0,5.0,2.0,1.0,Comedy,May,9.0,0.2841,0.1389,0.0193,6.6,8600192.0
582206.0,"Belgium, France",2019.0,fr,6.8,13000000.0,5.0,2.0,2.0,Comedy,December,4.0,0.2287,0.2183,0.0477,6.8,7201952.0
515789.0,United Kingdom,2019.0,en,7.1,2100000.0,5.0,3.0,1.0,Animation,December,6.0,0.2592,0.1811,0.0328,7.1,585443.0
520552.0,Russia,2019.0,ru,6.3,0.0,5.0,3.0,1.0,History,February,21.0,0.2742,0.1575,0.0248,6.3,1964806.0
631143.0,United States of America,2019.0,en,7.2,0.0,5.0,1.0,1.0,Documentary,October,21.0,0.2494,0.1944,0.0378,7.2,101346.0
446159.0,"Brazil, France",2019.0,pt,7.7,1430000.0,5.0,3.0,2.0,Mystery,August,29.0,0.2984,0.1048,0.011,7.7,3554178.0
574370.0,Spain,2019.0,es,6.283,4833490.0,5.0,1.0,1.0,Comedy,April,12.0,0.2335,0.2132,0.0455,6.283,11788968.0
605375.0,"China, Hong Kong, United States of America",2019.0,zh,7.2,0.0,5.0,2.0,1.0,Drama,August,29.0,0.2724,0.1607,0.0258,7.2,245179562.0
580600.0,France,2019.0,fr,7.2,5100000.0,5.0,4.0,1.0,Animation,April,3.0,0.2843,0.1385,0.0192,7.2,3123088.0
549945.0,Netherlands,2019.0,nl,6.3,0.0,5.0,5.0,1.0,TV Movie,October,9.0,0.2694,0.1656,0.0274,6.3,897441.0
474214.0,"Spain, United Kingdom, United States of America",2019.0,en,5.342,0.0,5.0,2.0,1.0,Action,February,22.0,0.2758,0.1547,0.0239,5.342,6898.0
536506.0,"Belgium, France",2019.0,fr,6.008,0.0,5.0,1.0,1.0,Comedy,October,30.0,0.2977,0.1068,0.0114,6.008,4040319.0
537788.0,United States of America,2019.0,en,6.1,0.0,5.0,2.0,1.0,Horror,December,6.0,0.265,0.1726,0.0298,6.1,75407.0
567629.0,South Korea,2019.0,ko,6.8,0.0,5.0,3.0,2.0,Drama,September,25.0,0.2945,0.1152,0.0133,6.8,7883200.0
533715.0,"Russia, United States of America",2019.0,ru,7.0,0.0,5.0,4.0,2.0,Animation,April,27.0,0.2946,0.1151,0.0132,7.0,7189283.0
540141.0,Japan,2019.0,ja,6.395,0.0,5.0,5.0,1.0,Animation,February,8.0,0.2889,0.1285,0.0165,6.395,11962753.0
464504.0,United States of America,2019.0,en,5.9,20000000.0,5.0,1.0,1.0,Comedy,March,1.0,0.2758,0.1546,0.0239,5.9,74747725.0
567733.0,United States of America,2019.0,en,5.4,0.0,5.0,3.0,1.0,Thriller,April,12.0,0.2661,0.1709,0.0292,5.4,20440.0
472815.0,United States of America,2019.0,en,5.3,0.0,5.0,1.0,1.0,Comedy,November,18.0,0.2849,0.1372,0.0188,5.3,853898.0
552865.0,United States of America,2019.0,en,5.3,0.0,5.0,4.0,1.0,Crime,September,30.0,0.2917,0.1221,0.0149,5.3,332731.0
595975.0,France,2019.0,fr,7.4,11000000.0,5.0,2.0,1.0,Comedy,November,6.0,0.2401,0.2058,0.0424,7.4,13935410.0
561557.0,Norway,2019.0,no,6.5,7300000.0,5.0,2.0,1.0,Fantasy,August,23.0,0.267,0.1695,0.0287,6.5,2996763.0
590164.0,United States of America,2019.0,en,5.966,0.0,5.0,3.0,1.0,Horror,March,24.0,0.2506,0.1929,0.0372,5.966,200046.0
586592.0,"Ireland, Canada, New Zealand, United States of America",2019.0,en,5.9,0.0,5.0,4.0,1.0,Comedy,April,25.0,0.2999,0.1004,0.0101,5.9,117947.0
567598.0,"United Kingdom, United States of America",2019.0,en,5.671,5500000.0,5.0,2.0,1.0,Comedy,September,7.0,0.2425,0.203,0.0412,5.671,1460431.0
512954.0,Russia,2019.0,ru,6.6,4302540.0,5.0,3.0,1.0,Drama,May,10.0,0.2964,0.1103,0.0122,6.6,731827.0
568300.0,South Korea,2019.0,ko,8.3,0.0,5.0,2.0,1.0,Music,January,26.0,0.2828,0.1414,0.02,8.3,10195760.0
582883.0,"Belgium, France, Switzerland",2019.0,fr,6.5,0.0,5.0,2.0,1.0,Comedy,June,19.0,0.2934,0.1181,0.0139,6.5,1686700.0
522039.0,United States of America,2019.0,en,7.018,0.0,5.0,1.0,1.0,Drama,June,7.0,0.2762,0.154,0.0237,7.018,2975184.0
340104.0,United States of America,2019.0,en,4.981,0.0,5.0,3.0,1.0,Drama,September,20.0,0.2492,0.1946,0.0379,4.981,481707.0
596302.0,other,2019.0,ja,7.1,0.0,5.0,3.0,1.0,Animation,April,19.0,0.2649,0.1727,0.0298,7.1,18321683.0
566213.0,Macedonia,2019.0,mk,7.9,0.0,4.0,1.0,2.0,Documentary,July,26.0,0.279,0.1489,0.0222,7.9,1133735.0
450487.0,United States of America,2019.0,en,5.9,0.0,5.0,2.0,1.0,Thriller,March,29.0,0.277,0.1526,0.0233,5.9,76916.0
590009.0,"Canada, Sweden",2019.0,en,5.247,0.0,5.0,1.0,1.0,Horror,October,25.0,0.2309,0.216,0.0467,5.247,110064.0
574207.0,"France, Germany, Israel, United States of America",2019.0,en,5.9,0.0,5.0,2.0,1.0,Drama,July,24.0,0.2786,0.1495,0.0224,5.9,1431904.0
473019.0,"United Kingdom, United States of America",2019.0,en,6.1,0.0,5.0,2.0,1.0,Romance,May,17.0,0.2538,0.1886,0.0356,6.1,2087678.0
551808.0,United States of America,2019.0,en,4.6,5000000.0,5.0,3.0,1.0,Horror,December,11.0,0.3029,0.0909,0.0083,4.6,18529730.0
348672.0,"France, Sweden, Germany, Norway",2019.0,sv,6.535,4700000.0,5.0,3.0,1.0,Drama,November,15.0,0.2864,0.134,0.018,6.535,434977.0
429416.0,United States of America,2019.0,en,4.51,4500000.0,5.0,3.0,1.0,Comedy,October,17.0,0.2734,0.1589,0.0253,4.51,64648.0
471859.0,United States of America,2019.0,en,5.9,0.0,5.0,2.0,1.0,Drama,May,10.0,0.2743,0.1573,0.0247,5.9,98240.0
613090.0,Spain,2019.0,es,7.5,1450000.0,5.0,2.0,1.0,Comedy,September,6.0,0.2875,0.1317,0.0174,7.5,368430.0
582873.0,"France, Germany, Italy",2019.0,it,7.0,3800000.0,5.0,2.0,1.0,Romance,September,4.0,0.2475,0.1969,0.0388,7.0,1681545.0
611291.0,South Korea,2019.0,ko,8.4,0.0,5.0,2.0,1.0,Music,August,7.0,0.2991,0.1026,0.0105,8.4,12150259.0
640793.0,South Korea,2019.0,ko,5.6,0.0,5.0,2.0,1.0,Comedy,December,4.0,0.2846,0.1378,0.019,5.6,25064.0
619441.0,Spain,2019.0,es,7.0,0.0,5.0,2.0,1.0,Drama,November,22.0,0.2769,0.1528,0.0233,7.0,2197075.0
491283.0,"France, United Kingdom, United States of America",2019.0,en,6.7,10000000.0,5.0,3.0,1.0,Drama,September,27.0,0.2393,0.2067,0.0427,6.7,38981322.0
538715.0,"Belgium, Denmark, France, Germany, Norway, Sweden",2019.0,da,5.983,0.0,5.0,3.0,1.0,Mystery,November,21.0,0.2692,0.1659,0.0275,5.983,3955.0
518755.0,Russia,2019.0,ru,6.6,0.0,5.0,4.0,1.0,Animation,January,24.0,0.3025,0.0921,0.0085,6.6,3393975.0
566387.0,Japan,2019.0,ja,6.4,0.0,5.0,2.0,1.0,Mystery,January,25.0,0.2998,0.1007,0.0101,6.4,11950916.0
492565.0,United States of America,2019.0,en,6.0,8000000.0,5.0,3.0,1.0,Western,March,8.0,0.2694,0.1656,0.0274,6.0,1561698.0
576071.0,United States of America,2019.0,en,6.9,6000000.0,5.0,1.0,2.0,Drama,March,21.0,0.2502,0.1934,0.0374,6.9,21600000.0
455957.0,"Belgium, Denmark, France, Italy, Netherlands",2019.0,en,4.6,7800000.0,5.0,2.0,1.0,Crime,May,31.0,0.3041,0.0866,0.0075,4.6,439085.0
470897.0,"Canada, United Kingdom, United States of America",2019.0,en,6.0,0.0,5.0,1.0,1.0,Thriller,October,17.0,0.2845,0.1381,0.0191,6.0,343038.0
500860.0,"Belgium, France",2019.0,en,6.9,0.0,5.0,1.0,1.0,Drama,March,15.0,0.2946,0.1151,0.0132,6.9,1144575.0
564701.0,India,2019.0,ml,7.1,0.0,5.0,3.0,1.0,Action,March,28.0,0.2626,0.1761,0.031,7.1,28717000.0
574376.0,"Belgium, France, Spain, United Kingdom, United States of America",2019.0,es,6.7,3328289.0,5.0,3.0,1.0,Drama,August,30.0,0.2335,0.2133,0.0455,6.7,2407571.0
565383.0,United States of America,2019.0,en,6.191,0.0,5.0,3.0,1.0,Comedy,September,27.0,0.2971,0.1083,0.0117,6.191,36586.0
606146.0,"Belgium, Sweden",2019.0,sv,6.4,0.0,5.0,3.0,1.0,Crime,September,20.0,0.2886,0.1292,0.0167,6.4,156168.0
613349.0,France,2019.0,fr,6.5,6837995.0,5.0,1.0,1.0,Comedy,December,11.0,0.2898,0.1266,0.016,6.5,6294941.0
492616.0,"United States of America, China",2019.0,en,6.4,0.0,6.0,2.0,1.0,Drama,August,2.0,0.2737,0.1584,0.0251,6.4,2268204.0
597088.0,"France, Georgia, Sweden",2019.0,ka,7.4,0.0,5.0,2.0,1.0,Drama,September,13.0,0.28,0.147,0.0216,7.4,416167.0
498743.0,"Belgium, France, Ireland, Luxembourg, United Kingdom",2019.0,en,6.047,12000000.0,5.0,1.0,1.0,Western,March,15.0,0.2474,0.197,0.0388,6.047,106796.0
523172.0,United States of America,2019.0,en,6.4,4000000.0,5.0,2.0,1.0,Comedy,January,25.0,0.2496,0.1941,0.0377,6.4,22384741.0
571419.0,Russia,2019.0,ru,5.7,0.0,5.0,2.0,1.0,Drama,January,31.0,0.2897,0.1267,0.016,5.7,3068838.0
574321.0,"France, Germany",2019.0,fr,6.7,5000000.0,5.0,2.0,1.0,Drama,December,4.0,0.2944,0.1155,0.0133,6.7,878668.0
618326.0,"Belgium, France, Italy, United States of America",2019.0,fr,7.2,5600000.0,5.0,3.0,1.0,Action,October,9.0,0.2711,0.1629,0.0265,7.2,540482.0
509733.0,"Germany, Belgium",2019.0,de,6.8,9000000.0,5.0,4.0,2.0,Animation,April,11.0,0.2843,0.1385,0.0192,6.8,3882729.0
501989.0,United States of America,2019.0,en,6.2,0.0,5.0,3.0,1.0,Comedy,September,8.0,0.2897,0.1267,0.016,6.2,17303.0
596650.0,India,2019.0,hi,7.6,6825000.0,5.0,3.0,1.0,Romance,September,5.0,0.2574,0.1836,0.0337,7.6,29353057.0
660033.0,Poland,2019.0,pl,7.0,0.0,5.0,2.0,1.0,Crime,December,25.0,0.281,0.1451,0.021,7.0,5975729.0
543915.0,"Malta, United Kingdom",2019.0,en,5.4,5000000.0,1.0,3.0,1.0,Thriller,February,22.0,0.2287,0.2183,0.0477,5.4,98559.0
528225.0,Japan,2019.0,ja,7.1,0.0,5.0,2.0,1.0,Animation,April,19.0,0.2565,0.185,0.0342,7.1,2403030.0
367198.0,"China, Hong Kong",2019.0,cn,6.1,0.0,5.0,2.0,2.0,Action,June,28.0,0.2949,0.1142,0.013,6.1,64601.0
553141.0,United States of America,2019.0,en,5.3,30000.0,3.0,2.0,1.0,Horror,April,5.0,0.281,0.1451,0.0211,5.3,44652.0
543084.0,United States of America,2019.0,en,7.6,0.0,3.0,1.0,1.0,Documentary,June,5.0,0.2896,0.1271,0.0161,7.6,5070484.0
521844.0,United States of America,2019.0,en,5.935,0.0,5.0,1.0,1.0,Comedy,September,20.0,0.2683,0.1673,0.028,5.935,41767.0
616584.0,United States of America,2019.0,en,7.8,6000000.0,5.0,2.0,1.0,Music,September,5.0,0.2849,0.1372,0.0188,7.8,359377.0
644479.0,"Colombia, Ecuador, United States of America",2019.0,es,8.3,0.0,5.0,2.0,1.0,Drama,November,1.0,0.2891,0.1282,0.0164,8.3,1315376.0
586595.0,United States of America,2019.0,en,5.5,0.0,5.0,3.0,2.0,Drama,November,5.0,0.2845,0.138,0.019,5.5,6713.0
575828.0,Russia,2019.0,ru,7.0,2600000.0,5.0,1.0,1.0,Comedy,November,24.0,0.2758,0.1546,0.0239,7.0,50803834.0
587065.0,"Germany, Luxembourg",2019.0,de,6.0,0.0,5.0,4.0,2.0,Animation,October,24.0,0.2626,0.1762,0.031,6.0,521149.0
509853.0,"United Kingdom, United States of America",2019.0,en,4.4,18000000.0,5.0,2.0,1.0,Crime,August,30.0,0.3071,0.0756,0.0057,4.4,3153.0
564251.0,Japan,2019.0,ja,7.5,0.0,5.0,3.0,1.0,Drama,May,3.0,0.2836,0.14,0.0196,7.5,2635709.0
589982.0,"Norway, France",2019.0,fr,7.4,0.0,5.0,2.0,1.0,Adventure,September,12.0,0.2772,0.1521,0.0231,7.4,12703596.0
613200.0,China,2019.0,zh,6.7,0.0,5.0,3.0,2.0,Animation,August,16.0,0.2621,0.177,0.0313,6.7,11903801.0
606952.0,Italy,2019.0,it,7.1,4000000.0,5.0,1.0,1.0,Drama,December,19.0,0.2866,0.1336,0.0179,7.1,8277796.0
524659.0,"Taiwan, United States of America",2019.0,en,6.207,3600000.0,5.0,3.0,1.0,Crime,November,1.0,0.2832,0.1406,0.0198,6.207,3868.0
534011.0,"Belgium, Netherlands",2019.0,nl,6.2,0.0,5.0,2.0,1.0,Thriller,January,24.0,0.2405,0.2053,0.0421,6.2,488593.0
611562.0,United States of America,2019.0,en,6.5,0.0,5.0,1.0,1.0,Action,June,13.0,0.2535,0.189,0.0357,6.5,1000000.0
583794.0,Iran,2019.0,fa,7.2,0.0,5.0,3.0,1.0,Action,March,17.0,0.2733,0.159,0.0253,7.2,1350772.0
611651.0,United States of America,2019.0,en,5.0,0.0,5.0,1.0,1.0,Horror,July,21.0,0.2925,0.1203,0.0145,5.0,130023.0
577028.0,Russia,2019.0,ru,6.4,7000000.0,5.0,4.0,1.0,Mystery,November,7.0,0.2655,0.1718,0.0295,6.4,958558.0
565307.0,United States of America,2019.0,en,6.3,0.0,5.0,1.0,1.0,Drama,December,27.0,0.298,0.1059,0.0112,6.3,309776.0
571756.0,"Germany, Austria",2019.0,de,7.0,0.0,5.0,2.0,1.0,Comedy,August,1.0,0.2634,0.175,0.0306,7.0,10057790.0
563907.0,Italy,2019.0,it,5.9,0.0,5.0,1.0,1.0,Comedy,January,10.0,0.2343,0.2124,0.0451,5.9,4695495.0
570132.0,"Belgium, France",2019.0,fr,5.883,0.0,5.0,1.0,1.0,Comedy,April,3.0,0.2832,0.1406,0.0198,5.883,3458157.0
503706.0,United States of America,2019.0,en,4.5,0.0,5.0,2.0,1.0,Horror,April,5.0,0.2702,0.1643,0.027,4.5,68904.0
625489.0,Turkey,2019.0,tr,4.4,0.0,5.0,1.0,1.0,Comedy,November,7.0,0.2604,0.1795,0.0322,4.4,14980989.0
573150.0,"Belgium, Spain",2019.0,es,5.0,2700000.0,5.0,2.0,1.0,Drama,October,18.0,0.2689,0.1664,0.0277,5.0,443038.0
501590.0,"Germany, France, Israel",2019.0,fr,5.8,2500000.0,5.0,2.0,1.0,Comedy,February,28.0,0.2725,0.1605,0.0258,5.8,242483.0
517468.0,"France, Japan",2019.0,fr,5.986,0.0,5.0,1.0,1.0,Drama,October,10.0,0.2891,0.1281,0.0164,5.986,4873627.0
592336.0,Italy,2019.0,it,6.3,8000000.0,5.0,1.0,1.0,Comedy,April,18.0,0.2982,0.1051,0.0111,6.3,5000000.0
618363.0,"Germany, Luxembourg, Romania",2019.0,ro,7.589,0.0,5.0,1.0,1.0,Documentary,February,13.0,0.2812,0.1447,0.0209,7.589,200041.0
567973.0,Vietnam,2019.0,vi,6.5,1000000.0,5.0,3.0,1.0,Action,February,22.0,0.2934,0.118,0.0139,6.5,6890000.0
614205.0,"Georgia, United States of America",2019.0,en,6.151,0.0,5.0,3.0,1.0,Horror,August,25.0,0.2814,0.1443,0.0208,6.151,120818.0
570269.0,Japan,2019.0,ja,7.8,0.0,5.0,4.0,1.0,Animation,March,29.0,0.3033,0.0896,0.008,7.8,15712.0
615982.0,Turkey,2019.0,tr,5.4,0.0,5.0,1.0,1.0,Horror,August,9.0,0.2883,0.1299,0.0169,5.4,1250000.0
571655.0,"Denmark, Iceland, Norway, Sweden",2019.0,da,5.2,5256817.0,5.0,2.0,1.0,Adventure,October,10.0,0.2425,0.203,0.0412,5.2,70821.0
532938.0,France,2019.0,fr,6.6,3500000.0,5.0,1.0,2.0,Comedy,May,8.0,0.2913,0.1232,0.0152,6.6,4645750.0
500899.0,"India, United Kingdom, United States of America",2019.0,en,5.7,0.0,5.0,1.0,1.0,Thriller,March,1.0,0.2873,0.1322,0.0175,5.7,386166.0
577990.0,Turkey,2019.0,tr,5.6,0.0,5.0,3.0,1.0,Comedy,February,1.0,0.2886,0.1294,0.0167,5.6,9831515.0
620683.0,Brazil,2019.0,pt,8.2,2000000.0,5.0,1.0,1.0,Comedy,December,26.0,0.2988,0.1034,0.0107,8.2,39273021.0
582887.0,France,2019.0,fr,6.6,0.0,5.0,3.0,1.0,Drama,May,22.0,0.2562,0.1854,0.0344,6.6,1873079.0
477016.0,United Kingdom,2019.0,en,5.2,0.0,5.0,3.0,1.0,Drama,March,22.0,0.3009,0.0973,0.0095,5.2,17682.0
547590.0,United States of America,2019.0,en,6.5,0.0,5.0,1.0,1.0,Drama,May,3.0,0.2611,0.1784,0.0318,6.5,1370000.0
491625.0,India,2019.0,hi,7.33,5782853.0,5.0,2.0,1.0,Drama,February,14.0,0.2937,0.1172,0.0137,7.33,28299498.0
459670.0,Brazil,2019.0,pt,7.6,1803570.0,5.0,3.0,1.0,Family,June,27.0,0.2997,0.1009,0.0102,7.6,1357142.0
571473.0,"Belgium, France, Italy",2019.0,it,6.294,0.0,5.0,2.0,1.0,Drama,August,29.0,0.2776,0.1514,0.0229,6.294,544436.0
454626.0,"Japan, United States of America",2020.0,en,7.308,85000000.0,5.0,4.0,1.0,Action,February,12.0,0.3047,0.0845,0.0071,7.308,319715683.0
635302.0,Japan,2020.0,ja,8.2,15700000.0,5.0,4.0,1.0,Animation,October,16.0,0.2958,0.1119,0.0125,8.2,507119058.0
38700.0,United States of America,2020.0,en,7.135,90000000.0,5.0,3.0,2.0,Thriller,January,15.0,0.2795,0.148,0.0219,7.135,426505244.0
508442.0,United States of America,2020.0,en,8.1,150000000.0,5.0,4.0,1.0,Animation,December,25.0,0.2948,0.1144,0.0131,8.1,121977511.0
524047.0,"United Kingdom, United States of America, Iceland",2020.0,en,7.1,34000000.0,5.0,3.0,1.0,Action,July,29.0,0.2711,0.1629,0.0265,7.1,52300000.0
529203.0,United States of America,2020.0,en,7.5,65000000.0,5.0,5.0,1.0,Animation,November,25.0,0.281,0.1451,0.0211,7.5,215905815.0
613504.0,United States of America,2020.0,en,7.2,14000000.0,5.0,2.0,1.0,Romance,September,2.0,0.2828,0.1414,0.02,7.2,47990414.0
587792.0,United States of America,2020.0,en,7.3,5000000.0,5.0,3.0,1.0,Comedy,July,10.0,0.3036,0.0884,0.0078,7.3,164000.0
337401.0,United States of America,2020.0,en,6.9,200000000.0,5.0,4.0,1.0,Adventure,September,4.0,0.2594,0.1808,0.0327,6.9,69965374.0
464052.0,United States of America,2020.0,en,6.416,200000000.0,5.0,3.0,1.0,Action,December,16.0,0.2476,0.1967,0.0387,6.416,169601036.0
577922.0,"United Kingdom, United States of America",2020.0,en,7.182,205000000.0,5.0,3.0,1.0,Action,August,22.0,0.2395,0.2065,0.0427,7.182,365304105.0
495764.0,United States of America,2020.0,en,6.9,75000000.0,5.0,2.0,1.0,Action,February,5.0,0.29,0.1262,0.0159,6.9,205537933.0
400160.0,"United States of America, France",2020.0,en,7.5,60000000.0,5.0,5.0,1.0,Family,August,14.0,0.3011,0.0965,0.0093,7.5,4700000.0
338762.0,"China, United States of America",2020.0,en,6.7,42000000.0,5.0,3.0,1.0,Action,March,5.0,0.2592,0.1811,0.0328,6.7,39861118.0
522627.0,"United Kingdom, United States of America",2020.0,en,7.7,22000000.0,5.0,3.0,1.0,Action,January,1.0,0.2588,0.1817,0.033,7.7,115171795.0
590223.0,"Australia, Canada, United States of America",2020.0,en,7.3,30000000.0,5.0,5.0,1.0,Comedy,October,16.0,0.2668,0.1698,0.0288,7.3,1122066.0
481848.0,"Canada, United States of America",2020.0,en,7.5,109000000.0,5.0,3.0,1.0,Adventure,February,19.0,0.3099,0.0629,0.004,7.5,111200000.0
514847.0,"Japan, United States of America",2020.0,en,6.637,14000000.0,5.0,3.0,1.0,Action,March,11.0,0.2673,0.169,0.0286,6.637,10550350.0
531219.0,"Mexico, United Kingdom, United States of America",2020.0,en,6.4,0.0,5.0,3.0,1.0,Family,October,26.0,0.283,0.141,0.0199,6.4,29303571.0
446893.0,"Japan, United States of America",2020.0,en,7.3,90000000.0,5.0,6.0,1.0,Family,March,11.0,0.2977,0.1067,0.0114,7.3,49276818.0
702936.0,United States of America,2020.0,en,6.2,0.0,5.0,1.0,1.0,Action,June,15.0,0.267,0.1695,0.0287,6.2,68881.0
581392.0,South Korea,2020.0,ko,6.751,17000000.0,5.0,4.0,1.0,Horror,July,15.0,0.2492,0.1946,0.0379,6.751,42698327.0
570670.0,"Australia, United States of America",2020.0,en,7.1,7000000.0,5.0,3.0,1.0,Thriller,February,26.0,0.2469,0.1976,0.039,7.1,144492724.0
458576.0,"China, Germany, Japan, United Kingdom",2020.0,en,6.6,60000000.0,5.0,3.0,1.0,Action,December,3.0,0.2892,0.1278,0.0163,6.6,42145959.0
340102.0,United States of America,2020.0,en,6.098,67000000.0,5.0,3.0,1.0,Science Fiction,April,2.0,0.2778,0.1511,0.0228,6.098,49169594.0
514207.0,Russia,2020.0,ru,6.9,8819200.0,5.0,3.0,1.0,Science Fiction,February,27.0,0.2879,0.1307,0.0171,6.9,32104054.0
516632.0,"South Africa, United States of America",2020.0,en,6.2,16000000.0,5.0,3.0,1.0,Horror,October,22.0,0.2753,0.1556,0.0242,6.2,4796993.0
443791.0,United States of America,2020.0,en,6.287,50000000.0,5.0,4.0,1.0,Horror,January,8.0,0.3064,0.0781,0.0061,6.287,40882928.0
508439.0,United States of America,2020.0,en,7.7,200000000.0,5.0,5.0,1.0,Family,February,29.0,0.2417,0.2039,0.0416,7.7,141940042.0
589754.0,Russia,2020.0,ru,6.9,8400000.0,5.0,3.0,1.0,Fantasy,December,24.0,0.281,0.1451,0.021,6.9,27658331.0
614696.0,South Korea,2020.0,ko,7.234,6300000.0,5.0,2.0,1.0,Action,June,24.0,0.2933,0.1181,0.014,7.234,13416285.0
664413.0,Poland,2020.0,pl,7.028,0.0,5.0,2.0,2.0,Romance,February,7.0,0.2888,0.1288,0.0166,7.028,9458590.0
539885.0,United States of America,2020.0,en,5.836,0.0,5.0,3.0,1.0,Action,July,2.0,0.3047,0.0845,0.0071,5.836,2987741.0
502425.0,"Australia, Canada, South Africa, United Kingdom, United States of America",2020.0,en,7.194,0.0,5.0,3.0,1.0,Drama,March,6.0,0.3065,0.0777,0.006,7.194,2431995.0
448119.0,"China, United States of America",2020.0,en,6.6,175000000.0,5.0,4.0,1.0,Family,January,2.0,0.2491,0.1948,0.0379,6.6,251410631.0
546121.0,United States of America,2020.0,en,7.3,1700000.0,5.0,3.0,1.0,Thriller,November,20.0,0.2858,0.1354,0.0183,7.3,5184368.0
604822.0,"China, Hong Kong, India, South Korea, Taiwan, United Kingdom",2020.0,zh,6.3,0.0,5.0,4.0,1.0,Comedy,September,30.0,0.2714,0.1624,0.0264,6.3,50866901.0
600354.0,"France, United Kingdom",2020.0,en,8.1,6000000.0,5.0,1.0,1.0,Drama,December,23.0,0.292,0.1214,0.0147,8.1,21029340.0
723072.0,United Kingdom,2020.0,en,6.493,100000.0,5.0,2.0,1.0,Horror,December,4.0,0.2686,0.1669,0.0279,6.493,443807.0
579828.0,Russia,2020.0,ru,6.0,0.0,5.0,3.0,1.0,Horror,November,4.0,0.2754,0.1554,0.0242,6.0,596370.0
385103.0,"Canada, United States of America",2020.0,en,7.0,90000000.0,5.0,4.0,1.0,Animation,July,8.0,0.3116,0.0539,0.0029,7.0,28600000.0
634521.0,Japan,2020.0,ja,7.4,0.0,5.0,5.0,1.0,Action,December,18.0,0.2835,0.14,0.0196,7.4,17710977.0
556678.0,United Kingdom,2020.0,en,7.0,10000000.0,5.0,2.0,1.0,Comedy,February,13.0,0.2547,0.1874,0.0351,7.0,25200000.0
522444.0,"Australia, United States of America",2020.0,en,5.2,0.0,5.0,3.0,1.0,Horror,July,9.0,0.2711,0.1629,0.0265,5.2,1117982.0
526007.0,United States of America,2020.0,en,6.2,0.0,5.0,3.0,1.0,Thriller,February,19.0,0.2804,0.1463,0.0214,6.2,302127.0
625568.0,"United States of America, United Kingdom",2020.0,en,6.4,33000000.0,5.0,3.0,1.0,Action,July,16.0,0.2757,0.1549,0.024,6.4,39238300.0
539537.0,United States of America,2020.0,en,5.8,7000000.0,5.0,4.0,1.0,Adventure,February,12.0,0.2774,0.1519,0.0231,5.8,49500000.0
582014.0,United States of America,2020.0,en,7.4,10000000.0,5.0,3.0,1.0,Thriller,December,13.0,0.2466,0.198,0.0392,7.4,20379604.0
425001.0,United States of America,2020.0,en,6.447,18000000.0,5.0,2.0,1.0,Comedy,August,27.0,0.2655,0.1718,0.0295,6.447,43387445.0
551804.0,United States of America,2020.0,en,6.6,5000000.0,5.0,2.0,1.0,Horror,November,12.0,0.294,0.1165,0.0136,6.6,15100000.0
521034.0,"France, United Kingdom",2020.0,en,6.3,0.0,5.0,3.0,1.0,Family,July,8.0,0.2661,0.1709,0.0292,6.3,8721243.0
492008.0,South Korea,2020.0,ko,7.5,0.0,5.0,3.0,1.0,Action,September,23.0,0.1982,0.2464,0.0607,7.5,1516150.0
662708.0,Japan,2020.0,ja,7.3,0.0,5.0,4.0,1.0,Animation,December,25.0,0.2751,0.156,0.0243,7.3,21097921.0
531499.0,United States of America,2020.0,en,5.62,30000000.0,5.0,3.0,1.0,Action,August,7.0,0.2626,0.1761,0.031,5.62,942666.0
573730.0,Japan,2020.0,ja,7.8,0.0,5.0,6.0,1.0,Animation,January,17.0,0.2859,0.135,0.0182,7.8,4971635.0
553604.0,"United Kingdom, United States of America",2020.0,en,6.5,0.0,5.0,3.0,1.0,Thriller,September,3.0,0.2941,0.1163,0.0135,6.5,31220247.0
590995.0,United States of America,2020.0,en,6.1,18000000.0,5.0,3.0,1.0,Horror,October,28.0,0.2939,0.1166,0.0136,6.1,2300000.0
555974.0,"Australia, Canada, China, United States of America",2020.0,en,5.9,10000000.0,5.0,3.0,1.0,Horror,February,20.0,0.2887,0.1291,0.0167,5.9,20311536.0
614911.0,United States of America,2020.0,en,5.7,0.0,5.0,2.0,1.0,Science Fiction,December,10.0,0.2722,0.161,0.0259,5.7,70018.0
522241.0,"United Kingdom, United States of America",2020.0,en,7.055,0.0,5.0,3.0,1.0,Thriller,January,24.0,0.2956,0.1124,0.0126,7.055,26000000.0
675327.0,"Luxembourg, New Zealand, United States of America, Australia",2020.0,en,5.8,0.0,5.0,3.0,1.0,Horror,December,31.0,0.2857,0.1355,0.0184,5.8,1054290.0
580175.0,"Denmark, Netherlands, Sweden",2020.0,da,7.6,5150000.0,5.0,2.0,1.0,Comedy,September,24.0,0.2887,0.1291,0.0167,7.6,21700000.0
635389.0,China,2020.0,zh,7.3,0.0,5.0,4.0,2.0,Animation,October,1.0,0.2661,0.1709,0.0292,7.3,240656068.0
430155.0,Russia,2020.0,ru,6.391,2250000.0,5.0,3.0,1.0,Science Fiction,January,1.0,0.2938,0.117,0.0137,6.391,9500000.0
520765.0,Australia,2020.0,en,6.8,0.0,5.0,1.0,1.0,Family,January,16.0,0.2845,0.1381,0.0191,6.8,520191.0
718444.0,"South Africa, United States of America, United Kingdom",2020.0,en,5.6,0.0,5.0,2.0,1.0,Action,August,20.0,0.2646,0.1732,0.03,5.6,139757.0
571265.0,Japan,2020.0,ja,8.137,0.0,5.0,4.0,1.0,Animation,February,21.0,0.2807,0.1456,0.0212,8.137,24200000.0
441130.0,"China, France, Ireland, Luxembourg, United States of America",2020.0,en,8.219,12000000.0,5.0,4.0,2.0,Animation,October,26.0,0.2994,0.1018,0.0104,8.219,1310720.0
533514.0,Japan,2020.0,ja,8.3,0.0,5.0,4.0,1.0,Animation,September,18.0,0.2621,0.1769,0.0313,8.3,20339624.0
757860.0,China,2020.0,zh,7.4,0.0,5.0,5.0,1.0,Action,December,24.0,0.2882,0.1302,0.017,7.4,69000000.0
492611.0,"India, United States of America",2020.0,en,5.7,14000000.0,5.0,2.0,1.0,Horror,January,23.0,0.2729,0.1597,0.0255,5.7,19428166.0
596161.0,"Canada, United States of America",2020.0,en,6.8,21000000.0,5.0,3.0,1.0,Thriller,November,5.0,0.2772,0.1523,0.0232,6.8,7997460.0
435615.0,"Australia, Canada, United Kingdom, United States of America",2020.0,en,6.348,2500000.0,5.0,3.0,1.0,Horror,October,2.0,0.294,0.1165,0.0136,6.348,911000.0
606234.0,"United Kingdom, Hungary, United States of America",2020.0,en,6.3,0.0,5.0,4.0,1.0,Science Fiction,August,13.0,0.2915,0.1227,0.0151,6.3,243279.0
585244.0,United States of America,2020.0,en,7.6,12000000.0,5.0,3.0,2.0,Music,March,12.0,0.2744,0.1572,0.0247,7.6,16069730.0
531876.0,United States of America,2020.0,en,6.898,18000000.0,5.0,4.0,1.0,War,June,24.0,0.2807,0.1457,0.0212,6.898,2133452.0
457335.0,"Belgium, Germany, New Zealand, United Kingdom, United States of America",2020.0,en,6.4,15000000.0,5.0,4.0,1.0,Action,February,27.0,0.2722,0.1609,0.0259,6.4,835102.0
590706.0,"Cyprus, United States of America",2020.0,en,4.8,23000000.0,5.0,3.0,1.0,Action,November,20.0,0.3025,0.0921,0.0085,4.8,99924.0
549294.0,United States of America,2020.0,en,6.326,0.0,5.0,3.0,2.0,Horror,October,23.0,0.2774,0.1519,0.0231,6.326,1019041.0
560144.0,"Lithuania, Spain, United Arab Emirates, United Kingdom, United States of America",2020.0,en,5.6,70000000.0,5.0,3.0,1.0,Science Fiction,October,25.0,0.2907,0.1245,0.0155,5.6,170581.0
726208.0,Spain,2020.0,es,6.504,0.0,5.0,3.0,1.0,Drama,July,24.0,0.2737,0.1584,0.0251,6.504,443458.0
575088.0,Russia,2020.0,ru,6.4,0.0,5.0,1.0,1.0,Horror,February,27.0,0.2905,0.125,0.0156,6.4,1398488.0
659959.0,"Belgium, France",2020.0,fr,7.4,6900000.0,5.0,2.0,1.0,Romance,July,14.0,0.2852,0.1366,0.0187,7.4,3600000.0
685833.0,South Korea,2020.0,ko,5.7,0.0,5.0,1.0,1.0,Romance,March,5.0,0.3081,0.0712,0.0051,5.7,7.0
556984.0,United States of America,2020.0,en,7.7,35000000.0,5.0,2.0,1.0,Drama,September,25.0,0.3083,0.0702,0.0049,7.7,107423.0
592279.0,Russia,2020.0,ru,7.4,3500000.0,5.0,3.0,1.0,War,February,20.0,0.2566,0.1849,0.0342,7.4,1593464.0
579583.0,United States of America,2020.0,en,7.0,35000000.0,5.0,2.0,1.0,Comedy,July,22.0,0.3024,0.0926,0.0086,7.0,2200000.0
684684.0,"Germany, Italy",2020.0,en,5.3,1400000.0,5.0,3.0,1.0,Horror,September,25.0,0.295,0.1138,0.013,5.3,769563.0
609242.0,"Argentina, United States of America",2020.0,es,7.77,0.0,5.0,3.0,1.0,Comedy,January,16.0,0.2968,0.109,0.0119,7.77,7627100.0
550231.0,United States of America,2020.0,en,7.3,21000000.0,5.0,2.0,1.0,Drama,April,16.0,0.216,0.2309,0.0533,7.3,3215636.0
390635.0,Japan,2020.0,ja,7.7,0.0,5.0,5.0,1.0,Animation,August,15.0,0.2652,0.1723,0.0297,7.7,20150000.0
502033.0,United States of America,2020.0,en,7.7,0.0,5.0,2.0,1.0,Drama,November,20.0,0.2944,0.1154,0.0133,7.7,516520.0
702525.0,"Belgium, France, Faeroe Islands",2020.0,en,7.1,17520000.0,5.0,3.0,2.0,Animation,July,23.0,0.225,0.2222,0.0494,7.1,10855626.0
668742.0,Spain,2020.0,es,7.5,4000000.0,5.0,2.0,1.0,Comedy,July,29.0,0.2886,0.1294,0.0167,7.5,14871307.0
571648.0,South Korea,2020.0,ko,7.1,0.0,5.0,4.0,1.0,Mystery,February,19.0,0.2832,0.1406,0.0198,7.1,5707415.0
614560.0,United States of America,2020.0,en,6.7,25000000.0,5.0,2.0,1.0,Drama,November,13.0,0.2887,0.1291,0.0167,6.7,122252.0
721625.0,United States of America,2020.0,en,6.2,2500000.0,5.0,2.0,1.0,Science Fiction,December,10.0,0.2843,0.1384,0.0192,6.2,1000000.0
592834.0,United States of America,2020.0,en,6.9,18000000.0,5.0,3.0,1.0,Family,January,9.0,0.2608,0.1789,0.032,6.9,10200000.0
542224.0,"Canada, Ireland, United States of America",2020.0,en,6.0,5000000.0,5.0,3.0,1.0,Fantasy,January,30.0,0.2558,0.186,0.0346,6.0,22304357.0
520946.0,"Australia, Belgium",2020.0,en,6.1,0.0,5.0,4.0,1.0,Animation,June,26.0,0.2914,0.1227,0.0151,6.1,9750139.0
571384.0,"India, United States of America",2020.0,en,6.4,9000000.0,5.0,3.0,1.0,Horror,October,28.0,0.2558,0.1859,0.0345,6.4,8119285.0
479259.0,"United States of America, Sweden",2020.0,en,5.4,0.0,5.0,1.0,1.0,Drama,September,18.0,0.3028,0.0913,0.0083,5.4,106045.0
466622.0,"Spain, United Kingdom, United States of America",2020.0,en,5.5,50000000.0,5.0,2.0,1.0,Action,January,31.0,0.2797,0.1476,0.0218,5.5,5989583.0
743439.0,"Canada, United States of America",2020.0,en,7.1,0.0,5.0,2.0,1.0,Animation,September,10.0,0.2827,0.1416,0.0201,7.1,1792816.0
520172.0,United States of America,2020.0,en,7.2,0.0,5.0,2.0,1.0,Romance,November,26.0,0.2726,0.1602,0.0257,7.2,1401954.0
651571.0,"Canada, United States of America",2020.0,en,4.171,0.0,5.0,3.0,1.0,Science Fiction,December,17.0,0.2887,0.1291,0.0167,4.171,39328.0
594718.0,Russia,2020.0,ru,6.5,2600000.0,5.0,3.0,1.0,Science Fiction,September,8.0,0.2573,0.1838,0.0338,6.5,354023.0
688258.0,Australia,2020.0,en,6.2,25000000.0,5.0,2.0,1.0,Science Fiction,October,30.0,0.297,0.1085,0.0118,6.2,331091.0
575776.0,United Kingdom,2020.0,en,6.6,0.0,5.0,3.0,1.0,Horror,October,9.0,0.2886,0.1294,0.0167,6.6,1640866.0
627463.0,United States of America,2020.0,en,6.3,0.0,5.0,1.0,1.0,Drama,January,31.0,0.3023,0.0927,0.0086,6.3,1338881.0
491926.0,"Czech Republic, Germany, United Kingdom, United States of America",2020.0,en,7.0,0.0,5.0,3.0,1.0,War,March,27.0,0.2605,0.1793,0.0322,7.0,449753.0
663870.0,"Denmark, Finland, Sweden",2020.0,da,7.263,5300000.0,5.0,4.0,1.0,Action,November,19.0,0.2654,0.1719,0.0296,7.263,679505.0
508935.0,China,2020.0,zh,6.9,80000000.0,5.0,4.0,1.0,War,August,14.0,0.2566,0.1849,0.0342,6.9,461421559.0
587496.0,United States of America,2020.0,en,5.5,3500000.0,5.0,2.0,1.0,Horror,July,23.0,0.2433,0.202,0.0408,5.5,4311042.0
630220.0,"Italy, United Kingdom",2020.0,it,7.4,2500000.0,5.0,2.0,1.0,Drama,January,2.0,0.2708,0.1632,0.0266,7.4,3486375.0
602211.0,"United States of America, United Kingdom",2020.0,en,5.5,20000000.0,5.0,6.0,2.0,Action,October,19.0,0.2982,0.1051,0.0111,5.5,1651413.0
489326.0,"United Kingdom, Norway, United States of America",2020.0,en,6.5,0.0,5.0,3.0,1.0,Action,February,28.0,0.2562,0.1854,0.0344,6.5,106270.0
659986.0,"France, United Kingdom",2020.0,en,5.6,0.0,5.0,3.0,1.0,Horror,August,27.0,0.2923,0.1208,0.0146,5.6,225374.0
652004.0,United States of America,2020.0,en,6.1,2000000.0,5.0,2.0,1.0,Horror,October,23.0,0.2373,0.209,0.0437,6.1,239828.0
474764.0,"United Kingdom, United States of America",2020.0,en,6.1,0.0,5.0,4.0,2.0,Horror,January,16.0,0.2948,0.1145,0.0131,6.1,2679585.0
529485.0,"United States of America, Canada",2020.0,en,6.6,23000000.0,5.0,1.0,1.0,Drama,March,5.0,0.2757,0.1548,0.024,6.6,14590514.0
608195.0,United States of America,2020.0,en,6.3,0.0,5.0,4.0,1.0,Horror,July,3.0,0.2138,0.233,0.0543,6.3,345289.0
541305.0,United States of America,2020.0,en,6.3,0.0,5.0,3.0,1.0,Crime,September,25.0,0.2852,0.1365,0.0186,6.3,829900.0
524216.0,United States of America,2020.0,en,6.7,0.0,5.0,2.0,1.0,Fantasy,September,25.0,0.2899,0.1264,0.016,6.7,107629.0
575417.0,United States of America,2020.0,en,6.1,0.0,5.0,2.0,1.0,Drama,October,2.0,0.2891,0.1282,0.0164,6.1,992103.0
680593.0,United States of America,2020.0,en,6.2,0.0,5.0,1.0,1.0,Horror,April,16.0,0.3018,0.0944,0.0089,6.2,736153.0
606625.0,United States of America,2020.0,en,6.251,0.0,5.0,2.0,1.0,Horror,July,3.0,0.3112,0.0562,0.0032,6.251,3551439.0
602654.0,"United Kingdom, Ireland, United States of America, Sweden",2020.0,en,5.6,0.0,5.0,2.0,1.0,Thriller,October,29.0,0.2828,0.1414,0.02,5.6,916042.0
581032.0,United States of America,2020.0,en,6.959,38000000.0,5.0,3.0,1.0,Drama,December,25.0,0.2963,0.1104,0.0122,6.959,12700000.0
442065.0,United States of America,2020.0,en,7.3,20000000.0,5.0,3.0,1.0,Drama,January,23.0,0.2771,0.1523,0.0232,7.3,3364426.0
595671.0,"United Kingdom, United States of America",2020.0,en,7.2,0.0,5.0,1.0,1.0,Drama,March,13.0,0.297,0.1087,0.0118,7.2,407807.0
523371.0,United States of America,2020.0,en,6.4,141129.0,5.0,1.0,1.0,Horror,February,28.0,0.2688,0.1666,0.0277,6.4,695501.0
653598.0,United States of America,2020.0,en,6.5,0.0,5.0,4.0,1.0,Comedy,August,14.0,0.2959,0.1116,0.0125,6.5,43840.0
581526.0,South Korea,2020.0,ko,6.9,12000000.0,5.0,3.0,1.0,Crime,August,5.0,0.2855,0.136,0.0185,6.9,34662454.0
501979.0,"Bahamas, Canada, United States of America",2020.0,en,5.91,25000000.0,5.0,3.0,1.0,Comedy,August,27.0,0.2646,0.1732,0.03,5.91,6274027.0
513584.0,"United Kingdom, United States of America",2020.0,en,6.6,0.0,5.0,3.0,1.0,Family,August,6.0,0.2276,0.2196,0.0482,6.6,1239498.0
552269.0,"Luxembourg, Switzerland, United States of America",2020.0,en,6.5,3500000.0,5.0,1.0,1.0,Drama,September,14.0,0.2744,0.1572,0.0247,6.5,1700000.0
547066.0,"Denmark, Czech Republic",2020.0,da,6.6,0.0,5.0,2.0,1.0,Adventure,February,28.0,0.3051,0.0831,0.0069,6.6,45937.0
429422.0,"Canada, United States of America",2020.0,en,5.0,20600000.0,5.0,2.0,1.0,Crime,June,26.0,0.2952,0.1134,0.0128,5.0,858281.0
737568.0,"Canada, Romania, United States of America, United Kingdom",2020.0,en,5.808,0.0,5.0,2.0,1.0,Action,October,1.0,0.2794,0.1481,0.0219,5.808,307873.0
522406.0,"Canada, United States of America, United Kingdom",2020.0,en,6.0,0.0,5.0,2.0,1.0,Thriller,October,8.0,0.2907,0.1246,0.0155,6.0,26747.0
635199.0,Japan,2020.0,ja,5.8,0.0,5.0,2.0,1.0,Horror,February,7.0,0.2873,0.132,0.0174,5.8,12175665.0
586461.0,"United States of America, France",2020.0,en,6.6,0.0,5.0,3.0,1.0,Drama,January,15.0,0.2782,0.1504,0.0226,6.6,274674.0
576920.0,Russia,2020.0,ru,7.6,0.0,5.0,4.0,1.0,Romance,December,10.0,0.2967,0.1095,0.012,7.6,7099734.0
595149.0,"Thailand, United States of America",2020.0,en,5.0,0.0,5.0,2.0,1.0,Horror,October,2.0,0.2869,0.1331,0.0177,5.0,41848.0
527400.0,"Bahamas, United Kingdom, United States of America",2020.0,en,5.8,0.0,5.0,2.0,1.0,Fantasy,November,12.0,0.2838,0.1395,0.0195,5.8,1746860.0
568467.0,United Kingdom,2020.0,en,7.0,0.0,5.0,2.0,1.0,Romance,November,13.0,0.2926,0.12,0.0144,7.0,1396905.0
696822.0,"Australia, United States of America",2020.0,en,6.5,0.0,5.0,2.0,1.0,Horror,October,8.0,0.288,0.1305,0.017,6.5,28037.0
601844.0,United States of America,2020.0,en,6.3,0.0,5.0,3.0,2.0,Thriller,July,23.0,0.2714,0.1624,0.0264,6.3,1045873.0
724989.0,United States of America,2020.0,en,5.0,0.0,5.0,3.0,1.0,Action,September,4.0,0.3013,0.096,0.0092,5.0,111523.0
547012.0,United States of America,2020.0,en,6.7,0.0,5.0,2.0,1.0,Comedy,February,14.0,0.2711,0.1629,0.0265,6.7,29118.0
545237.0,"Canada, Ireland, United Kingdom, United States of America",2020.0,en,6.1,0.0,5.0,1.0,1.0,Drama,May,8.0,0.3005,0.0984,0.0097,6.1,1200000.0
602291.0,South Korea,2020.0,ko,6.7,0.0,5.0,2.0,1.0,Mystery,June,4.0,0.2265,0.2207,0.0487,6.7,4751103.0
632322.0,"China, United States of America",2020.0,en,7.8,25000000.0,5.0,2.0,1.0,Romance,October,23.0,0.2704,0.164,0.0269,7.8,2000000.0
601165.0,"Georgia, Netherlands, Poland, Ukraine, United Kingdom, United States of America",2020.0,en,5.5,4500000.0,5.0,2.0,1.0,Thriller,July,28.0,0.284,0.139,0.0193,5.5,94583.0
523977.0,United Kingdom,2020.0,en,7.5,0.0,5.0,2.0,1.0,Drama,July,24.0,0.2799,0.1472,0.0217,7.5,504296.0
726739.0,United States of America,2020.0,en,6.1,17000000.0,5.0,3.0,1.0,Family,October,2.0,0.2466,0.198,0.0392,6.1,4200000.0
559974.0,"China, Hong Kong",2020.0,cn,7.1,40000000.0,5.0,3.0,1.0,Action,December,24.0,0.2855,0.136,0.0185,7.1,226400000.0
581577.0,"Russia, Germany, Belarus",2020.0,de,7.6,0.0,5.0,2.0,1.0,War,April,17.0,0.2967,0.1093,0.012,7.6,3825668.0
621151.0,"South Africa, United States of America",2020.0,en,6.4,0.0,5.0,3.0,1.0,Thriller,October,30.0,0.2878,0.1309,0.0171,6.4,500104.0
611213.0,United States of America,2020.0,en,6.1,0.0,5.0,2.0,1.0,Romance,December,2.0,0.2646,0.1732,0.03,6.1,187432.0
587562.0,"Germany, Ireland, Luxembourg",2020.0,en,7.6,0.0,5.0,4.0,2.0,Animation,September,24.0,0.3052,0.0827,0.0068,7.6,10885076.0
560008.0,"Japan, Serbia, United Arab Emirates, United Kingdom, United States of America",2020.0,en,7.0,0.0,5.0,2.0,1.0,Drama,March,13.0,0.2848,0.1374,0.0189,7.0,1623809.0
526019.0,United States of America,2020.0,en,6.3,29000000.0,5.0,1.0,1.0,Comedy,January,9.0,0.3048,0.0842,0.0071,6.3,26900000.0
517412.0,United States of America,2020.0,en,5.8,5000000.0,5.0,2.0,1.0,History,August,14.0,0.2995,0.1015,0.0103,5.8,459051.0
546724.0,"United States of America, United Kingdom",2020.0,en,5.5,0.0,5.0,2.0,1.0,Horror,August,28.0,0.2878,0.131,0.0172,5.5,190760.0
503917.0,"Hong Kong, China",2020.0,cn,6.3,0.0,5.0,3.0,1.0,Action,January,23.0,0.2961,0.1111,0.0123,6.3,46855.0
655431.0,Japan,2020.0,ja,7.6,0.0,5.0,4.0,1.0,Science Fiction,March,27.0,0.285,0.1371,0.0188,7.6,757096.0
718840.0,United States of America,2020.0,en,5.8,6100000.0,5.0,2.0,2.0,Comedy,July,18.0,0.3053,0.0823,0.0068,5.8,769234.0
651610.0,United Kingdom,2020.0,en,5.9,0.0,5.0,3.0,1.0,Comedy,October,16.0,0.2881,0.1305,0.017,5.9,479317.0
664297.0,United States of America,2020.0,en,5.2,0.0,5.0,1.0,1.0,Drama,July,31.0,0.2918,0.1218,0.0148,5.2,398663.0
558582.0,United States of America,2020.0,en,7.1,0.0,5.0,2.0,1.0,Drama,March,6.0,0.2652,0.1722,0.0297,7.1,101068.0
613377.0,France,2020.0,fr,5.5,13000000.0,5.0,2.0,1.0,Comedy,October,14.0,0.2762,0.154,0.0237,5.5,11208529.0
595148.0,United States of America,2020.0,en,6.0,0.0,5.0,2.0,1.0,Comedy,July,1.0,0.3012,0.0962,0.0093,6.0,177418.0
523781.0,United States of America,2020.0,en,7.8,8000000.0,5.0,2.0,1.0,Drama,August,21.0,0.307,0.0759,0.0058,7.8,3151849.0
670428.0,Canada,2020.0,en,6.0,1700000.0,5.0,3.0,1.0,Science Fiction,October,29.0,0.2333,0.2134,0.0456,6.0,95384.0
637202.0,Japan,2020.0,ja,7.2,2000000.0,5.0,6.0,1.0,Animation,December,5.0,0.2528,0.19,0.0361,7.2,3607899.0
616803.0,"Belgium, Norway, Sweden",2020.0,sv,6.7,0.0,5.0,2.0,1.0,Drama,February,14.0,0.2629,0.1757,0.0309,6.7,98157.0
470610.0,United States of America,2020.0,en,6.7,0.0,5.0,3.0,1.0,Romance,April,9.0,0.2739,0.1581,0.025,6.7,439418.0
619594.0,"Canada, Ireland",2020.0,en,6.3,0.0,5.0,1.0,1.0,Drama,February,20.0,0.263,0.1757,0.0309,6.3,236653.0
582885.0,France,2020.0,fr,5.1,0.0,5.0,1.0,1.0,Drama,August,19.0,0.272,0.1612,0.026,5.1,692459.0
619592.0,"Puerto Rico, United Kingdom, United States of America",2020.0,en,5.1,15000000.0,5.0,4.0,1.0,Action,July,2.0,0.2531,0.1896,0.0359,5.1,638221.0
670439.0,United Kingdom,2020.0,en,6.2,0.0,5.0,4.0,1.0,Thriller,October,15.0,0.2495,0.1943,0.0378,6.2,132492.0
653606.0,United States of America,2020.0,en,5.6,0.0,5.0,2.0,1.0,Comedy,September,25.0,0.2626,0.1762,0.0311,5.6,1035128.0
628241.0,India,2020.0,te,6.7,14000000.0,5.0,3.0,1.0,Action,January,12.0,0.2969,0.1087,0.0118,6.7,28859072.0
644831.0,"Australia, France, United Kingdom",2020.0,en,5.744,0.0,5.0,3.0,1.0,Comedy,November,10.0,0.2785,0.1497,0.0224,5.744,964832.0
682153.0,Japan,2020.0,ja,7.5,0.0,5.0,6.0,1.0,Animation,August,7.0,0.2988,0.1035,0.0107,7.5,34218525.0
694919.0,United States of America,2020.0,en,5.7,568443.0,5.0,3.0,1.0,Action,September,29.0,0.2675,0.1686,0.0284,5.7,618.0
594669.0,India,2020.0,hi,6.5,7952450.0,5.0,3.0,1.0,Action,March,6.0,0.2621,0.177,0.0313,6.5,18473570.0
480857.0,"France, United Kingdom",2020.0,en,6.6,0.0,5.0,3.0,1.0,Drama,March,11.0,0.2785,0.1497,0.0224,6.6,3507755.0
563067.0,Japan,2020.0,ja,6.4,0.0,5.0,3.0,1.0,History,March,6.0,0.261,0.1785,0.0319,6.4,7494243.0
615115.0,United States of America,2020.0,en,6.0,7200000.0,5.0,3.0,1.0,Thriller,September,16.0,0.2687,0.1668,0.0278,6.0,615233.0
652962.0,United States of America,2020.0,en,7.3,0.0,5.0,2.0,1.0,Comedy,December,4.0,0.2729,0.1597,0.0255,7.3,3274339.0
560391.0,"Austria, United States of America",2020.0,en,5.3,0.0,5.0,2.0,2.0,Drama,February,6.0,0.3005,0.0985,0.0097,5.3,7547254.0
646593.0,"Canada, United States of America",2020.0,en,5.3,0.0,5.0,3.0,1.0,Thriller,December,4.0,0.2883,0.13,0.0169,5.3,4609.0
665488.0,France,2020.0,fr,5.757,9466480.0,5.0,1.0,1.0,Comedy,July,14.0,0.2937,0.1172,0.0137,5.757,5127426.0
539181.0,"Australia, United States of America",2020.0,en,6.1,1229578.0,5.0,2.0,1.0,Horror,July,3.0,0.3062,0.0791,0.0063,6.1,3238539.0
627290.0,United States of America,2020.0,en,6.2,15000000.0,5.0,1.0,2.0,Horror,September,2.0,0.2724,0.1606,0.0258,6.2,7060384.0
451184.0,"Belgium, Brazil, France, Spain",2020.0,en,6.0,10530000.0,5.0,3.0,1.0,Drama,January,29.0,0.2462,0.1985,0.0394,6.0,1400000.0
720755.0,Canada,2020.0,en,6.6,0.0,5.0,3.0,1.0,Comedy,October,16.0,0.2556,0.1863,0.0347,6.6,367908.0
523366.0,"Belgium, Germany, Spain",2020.0,en,7.1,17800000.0,5.0,4.0,1.0,Animation,October,13.0,0.2898,0.1265,0.016,7.1,7000000.0
761563.0,"United Kingdom, Brazil, United States of America",2020.0,en,6.2,0.0,5.0,3.0,1.0,Horror,November,7.0,0.2887,0.1291,0.0167,6.2,10224.0
657811.0,Germany,2020.0,de,6.5,0.0,5.0,2.0,1.0,Adventure,February,20.0,0.281,0.1451,0.0211,6.5,3700000.0
567965.0,United Kingdom,2020.0,en,6.4,0.0,5.0,3.0,1.0,Drama,March,12.0,0.2916,0.1223,0.015,6.4,1073290.0
623958.0,United Kingdom,2020.0,en,4.432,0.0,5.0,1.0,1.0,Thriller,August,20.0,0.2593,0.181,0.0328,4.432,1941.0
651881.0,France,2020.0,fr,7.2,9700000.0,5.0,2.0,1.0,Comedy,October,21.0,0.2309,0.216,0.0467,7.2,16955173.0
599335.0,South Korea,2020.0,ko,7.181,0.0,5.0,2.0,1.0,Comedy,August,12.0,0.24,0.2059,0.0424,7.181,9341543.0
637053.0,United States of America,2020.0,en,6.954,80000.0,5.0,3.0,1.0,Comedy,October,16.0,0.2973,0.1078,0.0116,6.954,18370.0
554371.0,United Kingdom,2020.0,en,6.9,0.0,5.0,2.0,1.0,Drama,September,28.0,0.2729,0.1597,0.0255,6.9,224405.0
498402.0,"Belgium, Canada, France, Spain, United States of America",2020.0,fr,6.7,25900000.0,5.0,4.0,1.0,Music,November,19.0,0.2938,0.1171,0.0137,6.7,11131254.0
585257.0,Russia,2020.0,ru,8.2,7000000.0,5.0,2.0,1.0,Action,December,24.0,0.2761,0.1542,0.0238,8.2,12916151.0
621707.0,United States of America,2020.0,en,5.8,0.0,5.0,2.0,1.0,Horror,July,1.0,0.2882,0.1301,0.0169,5.8,1868659.0
554761.0,"Canada, United Kingdom",2020.0,en,6.5,0.0,5.0,1.0,1.0,Drama,October,2.0,0.2626,0.1761,0.031,6.5,9828.0
575446.0,Mexico,2020.0,es,6.472,0.0,5.0,2.0,1.0,Drama,October,22.0,0.2515,0.1917,0.0368,6.472,1825491.0
547017.0,United States of America,2020.0,en,6.1,0.0,5.0,3.0,1.0,Drama,September,11.0,0.277,0.1525,0.0233,6.1,230441.0
606906.0,South Korea,2020.0,ko,7.1,0.0,5.0,3.0,1.0,Action,July,29.0,0.265,0.1726,0.0298,7.1,12329960.0
590854.0,Poland,2020.0,pl,6.9,0.0,5.0,2.0,1.0,Drama,March,6.0,0.281,0.1451,0.0211,6.9,1325591.0
623926.0,Spain,2020.0,es,6.5,0.0,5.0,2.0,1.0,Comedy,February,14.0,0.2886,0.1294,0.0167,6.5,3069303.0
659994.0,Australia,2020.0,en,6.4,0.0,5.0,2.0,1.0,Drama,October,15.0,0.2943,0.1158,0.0134,6.4,4155492.0
642208.0,United Kingdom,2020.0,en,6.9,0.0,5.0,2.0,1.0,Romance,November,20.0,0.2722,0.1609,0.0259,6.9,3415787.0
522466.0,Australia,2020.0,en,6.5,0.0,5.0,4.0,1.0,Thriller,February,23.0,0.266,0.1709,0.0292,6.5,2313364.0
602301.0,"Japan, South Korea",2020.0,ko,7.2,0.0,5.0,2.0,1.0,Romance,December,10.0,0.2857,0.1355,0.0183,7.2,1709980.0
550738.0,"China, France",2020.0,fr,7.4,0.0,5.0,5.0,2.0,Animation,January,11.0,0.2629,0.1757,0.0309,7.4,10000000.0
671577.0,Spain,2020.0,en,6.8,0.0,5.0,1.0,1.0,Drama,September,3.0,0.2621,0.1769,0.0313,6.8,164623.0
575718.0,South Korea,2020.0,ko,6.2,8100000.0,5.0,2.0,1.0,Comedy,January,15.0,0.2744,0.1572,0.0247,6.2,8300000.0
482273.0,United States of America,2020.0,en,5.7,0.0,5.0,3.0,1.0,Comedy,May,8.0,0.2411,0.2046,0.0419,5.7,7671.0
639247.0,United States of America,2020.0,en,5.1,0.0,5.0,2.0,1.0,Horror,June,24.0,0.2772,0.1523,0.0232,5.1,375836.0
522098.0,Australia,2020.0,en,6.9,0.0,5.0,3.0,1.0,Drama,June,15.0,0.2999,0.1003,0.0101,6.9,989310.0
566927.0,United States of America,2020.0,en,6.6,3000000.0,5.0,1.0,1.0,Comedy,February,21.0,0.2865,0.1339,0.0179,6.6,10700000.0
613096.0,Spain,2020.0,es,6.4,0.0,5.0,1.0,1.0,Comedy,January,24.0,0.2668,0.1698,0.0288,6.4,396640.0
746817.0,"Canada, United States of America",2020.0,en,5.5,0.0,5.0,2.0,1.0,Horror,October,23.0,0.2921,0.1211,0.0147,5.5,791762.0
632885.0,Indonesia,2020.0,id,7.152,0.0,5.0,3.0,1.0,Horror,February,27.0,0.3073,0.0745,0.0055,7.152,2600000.0
711017.0,Denmark,2020.0,da,6.4,0.0,5.0,2.0,2.0,Action,October,8.0,0.2889,0.1287,0.0166,6.4,53189.0
639564.0,Germany,2020.0,de,5.676,0.0,5.0,1.0,1.0,Comedy,March,5.0,0.2979,0.1062,0.0113,5.676,5081127.0
605735.0,France,2020.0,fr,6.0,0.0,5.0,2.0,1.0,Family,February,19.0,0.2817,0.1437,0.0207,6.0,9305412.0
751394.0,"Argentina, New Zealand",2020.0,en,5.6,0.0,5.0,1.0,8.0,Horror,November,13.0,0.25,0.1936,0.0375,5.6,252494.0
738231.0,France,2020.0,fr,6.3,0.0,5.0,1.0,1.0,Comedy,October,7.0,0.2895,0.1273,0.0162,6.3,2033629.0
515454.0,Canada,2020.0,en,5.9,0.0,5.0,2.0,1.0,Science Fiction,September,24.0,0.2903,0.1254,0.0157,5.9,70459.0
621744.0,"Belgium, France, Luxembourg",2020.0,fr,7.0,0.0,5.0,2.0,1.0,Drama,February,12.0,0.2881,0.1303,0.017,7.0,208723.0
610201.0,United States of America,2020.0,en,5.217,0.0,5.0,2.0,1.0,Horror,August,21.0,0.2683,0.1673,0.028,5.217,21200.0
575089.0,"China, Hong Kong",2020.0,zh,7.453,1250000.0,5.0,2.0,1.0,Drama,November,27.0,0.2913,0.123,0.0151,7.453,10791301.0
589049.0,"United States of America, China",2020.0,en,6.4,16000000.0,6.0,2.0,1.0,Drama,February,14.0,0.2748,0.1564,0.0245,6.4,20690779.0
731249.0,Japan,2020.0,ja,7.8,0.0,5.0,6.0,1.0,Animation,September,11.0,0.2892,0.1279,0.0164,7.8,11000000.0
579872.0,Russia,2020.0,ru,5.8,0.0,5.0,2.0,1.0,Horror,October,2.0,0.2712,0.1626,0.0264,5.8,137547.0
662541.0,"Australia, United Kingdom",2020.0,en,6.6,0.0,5.0,2.0,1.0,Comedy,July,31.0,0.2683,0.1673,0.028,6.6,12841.0
575463.0,"Belgium, France",2020.0,fr,5.8,5080800.0,5.0,3.0,1.0,Crime,September,9.0,0.2934,0.1181,0.0139,5.8,5460628.0
640923.0,Italy,2020.0,it,5.9,0.0,5.0,1.0,1.0,Comedy,January,23.0,0.3,0.1,0.01,5.9,3700000.0
653746.0,"Turkey, United States of America",2020.0,en,7.2,0.0,5.0,1.0,1.0,Documentary,December,25.0,0.2906,0.1246,0.0155,7.2,57000.0
501953.0,"United Kingdom, United States of America",2020.0,en,6.1,0.0,5.0,2.0,1.0,Comedy,August,21.0,0.2895,0.1273,0.0162,6.1,68905.0
644712.0,India,2020.0,hi,6.6,9204790.0,5.0,1.0,1.0,Drama,January,24.0,0.28,0.147,0.0216,6.6,12589965.0
667935.0,"Germany, Iran, Czech Republic",2020.0,fa,7.5,0.0,5.0,1.0,1.0,Drama,October,22.0,0.3055,0.0817,0.0067,7.5,54967.0
627661.0,"Canada, Mexico, United Kingdom",2020.0,en,6.0,0.0,5.0,5.0,1.0,Animation,April,29.0,0.2807,0.1456,0.0212,6.0,641308.0
653756.0,"Chile, Germany, Netherlands, Spain, United States of America",2020.0,es,7.9,0.0,5.0,1.0,1.0,Documentary,December,11.0,0.3052,0.0828,0.0069,7.9,401983.0
599377.0,France,2020.0,fr,6.1,0.0,5.0,2.0,1.0,Drama,September,23.0,0.2646,0.1732,0.03,6.1,323829.0
605802.0,South Africa,2020.0,en,6.0,0.0,5.0,1.0,1.0,Horror,March,13.0,0.2942,0.1159,0.0134,6.0,142725.0
730647.0,South Korea,2020.0,ko,9.0,0.0,5.0,2.0,1.0,Music,September,10.0,0.2721,0.1611,0.0259,9.0,8954945.0
593402.0,Italy,2020.0,it,6.114,20000000.0,5.0,3.0,1.0,Comedy,January,1.0,0.3,0.1,0.01,6.114,52186426.0
575659.0,"Germany, Netherlands, South Africa, Canada, France",2020.0,de,7.0,0.0,5.0,1.0,1.0,Drama,June,25.0,0.2952,0.1134,0.0129,7.0,263274.0
601297.0,France,2020.0,fr,5.475,10854516.0,5.0,1.0,1.0,Comedy,September,30.0,0.2838,0.1395,0.0195,5.475,2982559.0
656274.0,"Denmark, France",2020.0,fr,7.9,0.0,1.0,1.0,1.0,Documentary,September,25.0,0.2966,0.1095,0.012,7.9,28876.0
728123.0,"Germany, Sweden, United States of America",2020.0,sv,5.7,0.0,5.0,2.0,1.0,Documentary,October,16.0,0.2688,0.1666,0.0277,5.7,7574.0
664593.0,Turkey,2020.0,tr,5.9,0.0,5.0,1.0,1.0,Comedy,January,31.0,0.2772,0.1523,0.0232,5.9,8613864.0
653910.0,Germany,2020.0,de,6.2,0.0,5.0,2.0,1.0,Comedy,February,13.0,0.2897,0.1268,0.0161,6.2,10349294.0
727097.0,United States of America,2020.0,en,5.2,0.0,5.0,4.0,1.0,Action,November,30.0,0.2828,0.1414,0.02,5.2,136240.0
624484.0,Italy,2020.0,it,6.7,0.0,5.0,2.0,1.0,Drama,October,22.0,0.286,0.1348,0.0182,6.7,206589.0
661804.0,France,2020.0,fr,6.1,0.0,5.0,2.0,1.0,History,March,4.0,0.2668,0.1698,0.0288,6.1,7142214.0
619918.0,Norway,2020.0,no,6.6,6000000.0,5.0,2.0,2.0,Animation,January,24.0,0.279,0.1489,0.0222,6.6,1339784.0
661043.0,India,2020.0,hi,7.0,7907534.0,5.0,5.0,1.0,Romance,February,6.0,0.2778,0.151,0.0228,7.0,11136444.0
521531.0,United States of America,2020.0,en,6.1,0.0,5.0,3.0,1.0,Horror,June,19.0,0.2654,0.1719,0.0296,6.1,548608.0
676859.0,Mexico,2020.0,es,6.6,0.0,5.0,2.0,1.0,Drama,December,25.0,0.2501,0.1935,0.0374,6.6,539584.0
634649.0,United States of America,2021.0,en,7.949,200000000.0,5.0,3.0,1.0,Action,December,15.0,0.2703,0.1641,0.0269,7.949,1921847111.0
568124.0,United States of America,2021.0,en,7.6,135000000.0,5.0,4.0,2.0,Animation,October,13.0,0.2985,0.1044,0.0109,7.6,261289554.0
592695.0,"France, Netherlands, Sweden",2021.0,sv,6.2,1800000.0,5.0,1.0,1.0,Drama,October,8.0,0.2747,0.1566,0.0245,6.2,393824.0
438631.0,United States of America,2021.0,en,7.783,165000000.0,5.0,2.0,1.0,Science Fiction,September,15.0,0.2967,0.1095,0.012,7.783,407573628.0
637649.0,"United Kingdom, United States of America",2021.0,en,7.6,40000000.0,5.0,3.0,1.0,Crime,April,22.0,0.2782,0.1504,0.0226,7.6,103966489.0
566525.0,United States of America,2021.0,en,7.528,150000000.0,5.0,3.0,1.0,Action,September,1.0,0.2971,0.1082,0.0117,7.528,432243292.0
588228.0,United States of America,2021.0,en,7.5,200000000.0,5.0,3.0,1.0,Action,September,3.0,0.2414,0.2043,0.0417,7.5,14400000.0
436969.0,United States of America,2021.0,en,7.5,185000000.0,5.0,3.0,1.0,Action,July,28.0,0.2883,0.1299,0.0169,7.5,168717425.0
580489.0,United States of America,2021.0,en,6.779,110000000.0,5.0,3.0,1.0,Science Fiction,September,30.0,0.2936,0.1175,0.0138,6.779,506863592.0
438695.0,United States of America,2021.0,en,7.9,85000000.0,5.0,4.0,1.0,Animation,December,1.0,0.2598,0.1803,0.0325,7.9,408402685.0
423108.0,United States of America,2021.0,en,7.413,39000000.0,5.0,3.0,1.0,Horror,May,25.0,0.2955,0.1126,0.0127,7.413,206431050.0
337404.0,United States of America,2021.0,en,8.0,200000000.0,5.0,4.0,1.0,Comedy,May,26.0,0.2845,0.1381,0.0191,8.0,233503234.0
508943.0,United States of America,2021.0,en,7.8,200000000.0,5.0,5.0,1.0,Animation,June,17.0,0.2836,0.1399,0.0196,7.8,51074773.0
524434.0,United States of America,2021.0,en,6.83,200000000.0,5.0,3.0,1.0,Science Fiction,November,3.0,0.2774,0.1519,0.0231,6.83,402064899.0
460458.0,"France, Germany, United States of America",2021.0,en,5.965,25000000.0,5.0,3.0,1.0,Action,November,24.0,0.2796,0.1477,0.0218,5.965,41914915.0
527774.0,United States of America,2021.0,en,7.841,100000000.0,5.0,5.0,2.0,Animation,March,3.0,0.3023,0.0929,0.0086,7.841,130423032.0
497698.0,United States of America,2021.0,en,7.214,200000000.0,5.0,3.0,1.0,Action,July,7.0,0.2849,0.1372,0.0188,7.214,379751131.0
624860.0,United States of America,2021.0,en,6.388,190000000.0,5.0,3.0,1.0,Science Fiction,December,16.0,0.2546,0.1876,0.0352,6.388,156497322.0
744275.0,"France, United States of America, Bulgaria",2021.0,en,7.04,14000000.0,5.0,2.0,1.0,Romance,September,1.0,0.2596,0.1806,0.0326,7.04,21753705.0
550988.0,United States of America,2021.0,en,7.485,110000000.0,5.0,3.0,1.0,Comedy,August,11.0,0.2992,0.1023,0.0105,7.485,331526598.0
370172.0,"United Kingdom, United States of America",2021.0,en,7.4,250000000.0,5.0,3.0,1.0,Action,September,29.0,0.2814,0.1443,0.0208,7.4,774153024.0
675445.0,"Canada, France, United States of America",2021.0,en,7.4,26000000.0,5.0,4.0,1.0,Animation,August,9.0,0.2945,0.1152,0.0133,7.4,144327371.0
520763.0,United States of America,2021.0,en,7.475,55000000.0,5.0,3.0,1.0,Science Fiction,May,21.0,0.2494,0.1944,0.0378,7.475,297372261.0
412656.0,"Canada, Hong Kong, Luxembourg, United States of America",2021.0,en,6.6,125000000.0,5.0,3.0,1.0,Fantasy,February,24.0,0.268,0.1678,0.0282,6.6,26508132.0
451048.0,United States of America,2021.0,en,7.3,200000000.0,5.0,2.0,1.0,Fantasy,July,28.0,0.2562,0.1854,0.0344,7.3,220889446.0
615457.0,United States of America,2021.0,en,7.9,17000000.0,5.0,2.0,1.0,Action,March,18.0,0.2435,0.2018,0.0407,7.9,61779301.0
385128.0,United States of America,2021.0,en,7.056,200000000.0,5.0,3.0,1.0,Action,May,19.0,0.2953,0.1132,0.0128,7.056,726229501.0
459151.0,United States of America,2021.0,en,7.351,82000000.0,5.0,4.0,1.0,Animation,July,1.0,0.2778,0.1511,0.0228,7.351,146745280.0
512195.0,United States of America,2021.0,en,6.8,160000000.0,5.0,3.0,1.0,Action,November,4.0,0.2864,0.134,0.018,6.8,178143.0
810693.0,Japan,2021.0,ja,8.1,0.0,5.0,3.0,1.0,Animation,December,24.0,0.2997,0.1009,0.0102,8.1,195870885.0
476669.0,"United Kingdom, United States of America",2021.0,en,6.751,100000000.0,5.0,3.0,1.0,Action,December,22.0,0.2488,0.1952,0.0381,6.751,125897478.0
399566.0,United States of America,2021.0,en,7.583,200000000.0,5.0,3.0,1.0,Action,March,24.0,0.2714,0.1624,0.0264,7.583,470116094.0
630586.0,"Germany, United States of America, United Kingdom",2021.0,en,6.0,0.0,5.0,2.0,1.0,Horror,January,26.0,0.2746,0.1569,0.0246,6.0,3777969.0
768744.0,Japan,2021.0,ja,7.6,0.0,5.0,4.0,1.0,Animation,August,6.0,0.2804,0.1463,0.0214,7.6,46940541.0
776503.0,"France, United States of America",2021.0,en,7.9,10000000.0,5.0,3.0,1.0,Drama,August,13.0,0.25,0.1936,0.0375,7.9,1905058.0
460465.0,United States of America,2021.0,en,7.026,20000000.0,5.0,3.0,1.0,Action,April,7.0,0.2734,0.1589,0.0253,7.026,84426031.0
568620.0,"Canada, Japan, United States of America",2021.0,en,6.486,88000000.0,5.0,2.0,1.0,Action,July,22.0,0.2921,0.1211,0.0147,6.486,36964325.0
602223.0,United States of America,2021.0,en,6.9,18000000.0,5.0,3.0,1.0,Action,June,30.0,0.2953,0.113,0.0128,6.9,76994245.0
631843.0,"China, United States of America",2021.0,en,6.332,18000000.0,5.0,3.0,1.0,Thriller,July,21.0,0.2948,0.1144,0.0131,6.332,90146510.0
425909.0,"Canada, United States of America",2021.0,en,7.356,75000000.0,5.0,4.0,1.0,Fantasy,November,18.0,0.26,0.18,0.0324,7.356,204334455.0
745881.0,"South Korea, Thailand",2021.0,th,7.0,0.0,5.0,2.0,1.0,Horror,July,14.0,0.2692,0.1659,0.0275,7.0,7230000.0
602269.0,United States of America,2021.0,en,6.334,30000000.0,5.0,3.0,1.0,Drama,January,28.0,0.2565,0.185,0.0342,6.334,29942746.0
593395.0,Italy,2021.0,it,6.0,11000000.0,5.0,4.0,2.0,Crime,December,16.0,0.2912,0.1233,0.0152,6.0,3189418.0
663558.0,China,2021.0,zh,8.1,0.0,5.0,3.0,1.0,Animation,February,6.0,0.2558,0.1859,0.0345,8.1,70000000.0
522931.0,"Bulgaria, France, Sweden, United States of America",2021.0,en,6.668,70000000.0,5.0,4.0,1.0,Action,June,14.0,0.2646,0.1732,0.03,6.668,70060492.0
646380.0,United States of America,2021.0,en,7.075,75000000.0,5.0,3.0,1.0,Comedy,December,8.0,0.2825,0.1421,0.0202,7.075,791863.0
454527.0,"Belgium, France, Netherlands",2021.0,fr,6.6,24350000.0,5.0,3.0,1.0,History,July,9.0,0.2772,0.1523,0.0232,6.6,2652725.0
379686.0,United States of America,2021.0,en,6.7,150000000.0,5.0,4.0,1.0,Family,July,8.0,0.3073,0.0747,0.0056,6.7,163692228.0
550205.0,"China, United States of America",2021.0,en,7.884,0.0,5.0,4.0,1.0,Animation,January,15.0,0.277,0.1526,0.0233,7.884,25860000.0
482321.0,"United Kingdom, United States of America",2021.0,en,7.9,0.0,5.0,4.0,2.0,Animation,October,14.0,0.3024,0.0926,0.0086,7.9,60692022.0
796499.0,"Germany, United States of America",2021.0,en,6.835,30000000.0,5.0,3.0,1.0,Action,October,29.0,0.2665,0.1702,0.029,6.835,46900000.0
585245.0,"Canada, United States of America",2021.0,en,7.2,64000000.0,5.0,5.0,1.0,Family,November,10.0,0.2458,0.1989,0.0396,7.2,107347356.0
503736.0,United States of America,2021.0,en,6.2,90000000.0,5.0,3.0,1.0,Action,May,14.0,0.2957,0.1121,0.0126,6.2,190700000.0
587807.0,United States of America,2021.0,en,6.8,50000000.0,5.0,3.0,1.0,Comedy,February,10.0,0.2906,0.1247,0.0155,6.8,136536687.0
576845.0,United Kingdom,2021.0,en,7.3,43000000.0,5.0,2.0,1.0,Horror,October,21.0,0.2959,0.1115,0.0124,7.3,22957625.0
617653.0,United States of America,2021.0,en,7.4,100000000.0,5.0,3.0,1.0,History,October,13.0,0.2944,0.1155,0.0133,7.4,30552111.0
614917.0,United States of America,2021.0,en,7.6,50000000.0,5.0,2.0,1.0,Drama,November,18.0,0.2905,0.1248,0.0156,7.6,39400000.0
639721.0,"Canada, United States of America",2021.0,en,6.971,0.0,5.0,5.0,2.0,Animation,October,1.0,0.2867,0.1334,0.0178,6.971,119815153.0
690957.0,India,2021.0,te,7.1,0.0,5.0,3.0,1.0,Action,December,16.0,0.2889,0.1287,0.0166,7.1,44880143.0
522478.0,"Australia, United States of America",2021.0,en,7.1,45000000.0,5.0,3.0,1.0,Family,March,25.0,0.2923,0.1207,0.0146,7.1,153000000.0
602063.0,Japan,2021.0,ja,7.711,0.0,5.0,4.0,1.0,Action,April,23.0,0.2795,0.1479,0.0219,7.711,33457923.0
283566.0,Japan,2021.0,ja,8.237,29700000.0,5.0,4.0,4.0,Animation,March,8.0,0.2901,0.1258,0.0158,8.237,93882453.0
634528.0,United States of America,2021.0,en,6.828,23000000.0,5.0,3.0,1.0,Action,January,15.0,0.2967,0.1093,0.0119,6.828,23076711.0
602734.0,United States of America,2021.0,en,5.941,20000000.0,5.0,2.0,1.0,Horror,May,12.0,0.2722,0.161,0.0259,5.941,40618920.0
513310.0,"United Kingdom, United States of America",2021.0,en,6.9,45000000.0,5.0,3.0,1.0,Action,February,19.0,0.2502,0.1934,0.0374,6.9,2000000.0
632357.0,United States of America,2021.0,en,6.6,10000000.0,5.0,2.0,1.0,Horror,March,31.0,0.2772,0.1523,0.0232,6.6,30800000.0
619778.0,United States of America,2021.0,en,6.768,40000000.0,5.0,2.0,1.0,Horror,September,1.0,0.3095,0.065,0.0042,6.768,34891791.0
588921.0,Peru,2021.0,en,7.0,10000000.0,5.0,4.0,2.0,Adventure,February,9.0,0.2861,0.1346,0.0181,7.0,10237061.0
585216.0,United States of America,2021.0,en,6.531,15000000.0,5.0,3.0,1.0,Horror,July,1.0,0.2635,0.1748,0.0306,6.531,65774490.0
611698.0,China,2021.0,zh,7.075,0.0,5.0,4.0,1.0,Fantasy,February,12.0,0.2744,0.1572,0.0247,7.075,150123320.0
760873.0,"Germany, Switzerland",2021.0,en,5.7,0.0,5.0,2.0,1.0,Science Fiction,August,26.0,0.2689,0.1664,0.0277,5.7,328914.0
482373.0,United States of America,2021.0,en,7.0,15000000.0,5.0,2.0,1.0,Thriller,August,12.0,0.2908,0.1242,0.0154,7.0,53785551.0
644495.0,"Canada, United States of America",2021.0,en,6.6,75000000.0,5.0,3.0,1.0,History,November,24.0,0.2868,0.1333,0.0178,6.6,153235995.0
660120.0,"Norway, Sweden, Denmark, France",2021.0,no,7.5,5000000.0,5.0,3.0,1.0,Drama,October,13.0,0.2815,0.144,0.0207,7.5,11800000.0
559907.0,"Canada, Ireland, United States of America",2021.0,en,6.597,15000000.0,5.0,3.0,1.0,Adventure,July,29.0,0.2896,0.1269,0.0161,6.597,18887953.0
693113.0,"Puerto Rico, United States of America",2021.0,en,5.9,15000000.0,5.0,4.0,1.0,Crime,July,23.0,0.2435,0.2018,0.0407,5.9,229811.0
630240.0,"Belgium, France",2021.0,fr,6.36,6600000.0,5.0,3.0,1.0,Drama,July,14.0,0.2741,0.1576,0.0248,6.36,4982335.0
547565.0,"United Kingdom, United States of America",2021.0,en,6.6,0.0,5.0,4.0,1.0,Drama,July,15.0,0.2913,0.123,0.0151,6.6,14600000.0
589761.0,Russia,2021.0,ru,6.2,9100000.0,5.0,6.0,1.0,Drama,April,15.0,0.2885,0.1296,0.0168,6.2,6459306.0
581734.0,United States of America,2021.0,en,7.2,5000000.0,5.0,1.0,1.0,Drama,January,29.0,0.2588,0.1818,0.033,7.2,39458207.0
610253.0,United States of America,2021.0,en,6.4,20000000.0,5.0,4.0,1.0,Horror,October,14.0,0.2593,0.181,0.0328,6.4,133423964.0
597208.0,United States of America,2021.0,en,6.982,60000000.0,5.0,3.0,1.0,Crime,December,2.0,0.2946,0.115,0.0132,6.982,39629195.0
592508.0,India,2021.0,hi,5.8,13000000.0,5.0,3.0,1.0,Action,November,5.0,0.28,0.147,0.0216,5.8,35000000.0
637693.0,United States of America,2021.0,en,7.3,30000000.0,5.0,3.0,1.0,Animation,May,20.0,0.2916,0.1223,0.015,7.3,17635215.0
797838.0,"Estonia, United Kingdom, United States of America",2021.0,en,7.3,0.0,5.0,3.0,1.0,Drama,October,29.0,0.2828,0.1414,0.02,7.3,253583.0
843241.0,Japan,2021.0,ja,7.7,0.0,5.0,2.0,1.0,Animation,July,2.0,0.268,0.1678,0.0282,7.7,1094673.0
672582.0,"Belgium, France, United States of America",2021.0,en,6.0,0.0,5.0,1.0,2.0,Horror,June,30.0,0.2419,0.2037,0.0415,6.0,1900000.0
526811.0,"Belgium, France",2021.0,fr,5.6,0.0,5.0,2.0,1.0,Romance,January,14.0,0.2996,0.1012,0.0102,5.6,75167.0
646207.0,"Canada, United States of America",2021.0,en,6.807,0.0,5.0,2.0,1.0,Action,June,24.0,0.3034,0.089,0.0079,6.807,7502846.0
542178.0,United States of America,2021.0,en,7.032,25000000.0,5.0,2.0,1.0,Drama,October,21.0,0.2949,0.1141,0.013,7.032,46333545.0
787723.0,"United States of America, Canada",2021.0,en,6.0,0.0,5.0,3.0,1.0,Action,October,29.0,0.2901,0.1259,0.0158,6.0,67413.0
617502.0,"Bulgaria, France, United States of America",2021.0,en,6.5,0.0,5.0,2.0,1.0,Action,July,15.0,0.3008,0.0976,0.0095,6.5,238524.0
795607.0,China,2021.0,zh,8.1,0.0,5.0,4.0,1.0,Animation,July,23.0,0.2654,0.172,0.0296,8.1,87212911.0
630004.0,"France, Spain",2021.0,en,6.8,15000000.0,5.0,3.0,1.0,Drama,March,4.0,0.2813,0.1445,0.0209,6.8,8804000.0
516329.0,United States of America,2021.0,en,6.2,17000000.0,5.0,3.0,1.0,Drama,October,28.0,0.2952,0.1135,0.0129,6.2,18867659.0
524369.0,United States of America,2021.0,en,6.3,50000000.0,5.0,2.0,1.0,Crime,September,22.0,0.273,0.1597,0.0255,6.3,13037403.0
718032.0,"Canada, United States of America",2021.0,en,6.972,40000000.0,5.0,3.0,1.0,Drama,November,26.0,0.3035,0.0889,0.0079,6.972,33276075.0
623511.0,Norway,2021.0,no,6.6,8300000.0,5.0,3.0,1.0,Action,October,29.0,0.2708,0.1632,0.0266,6.6,2836382.0
638449.0,"Canada, United Kingdom",2021.0,en,7.4,0.0,5.0,2.0,1.0,Drama,July,23.0,0.246,0.1987,0.0395,7.4,1451974.0
578701.0,"Canada, United States of America",2021.0,en,6.6,20000000.0,5.0,2.0,1.0,Thriller,May,5.0,0.3,0.1,0.01,6.6,23384502.0
644583.0,"United Kingdom, United States of America",2021.0,en,7.425,0.0,5.0,2.0,1.0,Drama,February,12.0,0.2626,0.1762,0.031,7.425,7527030.0
525660.0,"China, Hong Kong, Japan",2021.0,cn,5.9,38504400.0,5.0,3.0,1.0,Action,April,27.0,0.2648,0.1728,0.0299,5.9,3310000.0
672741.0,"France, United States of America",2021.0,en,6.7,0.0,5.0,2.0,1.0,Horror,July,2.0,0.2754,0.1554,0.0242,6.7,495268.0
762079.0,"Belgium, France",2021.0,fr,6.7,0.0,5.0,3.0,1.0,Horror,December,1.0,0.2904,0.1253,0.0157,6.7,456555.0
513692.0,"China, Hong Kong",2021.0,cn,6.9,0.0,5.0,5.0,1.0,Action,July,28.0,0.2778,0.1511,0.0228,6.9,205000000.0
681887.0,United States of America,2021.0,en,4.0,20000000.0,5.0,3.0,1.0,Science Fiction,March,12.0,0.2757,0.1549,0.024,4.0,349757.0
776305.0,Japan,2021.0,ja,7.709,0.0,5.0,4.0,1.0,Animation,July,16.0,0.2769,0.1528,0.0233,7.709,63501160.0
811592.0,"United Kingdom, United States of America",2021.0,en,6.7,0.0,5.0,2.0,1.0,Action,November,5.0,0.2772,0.1523,0.0232,6.7,29439.0
581389.0,South Korea,2021.0,ko,7.07,21000000.0,5.0,3.0,1.0,Drama,February,5.0,0.2771,0.1523,0.0232,7.07,24571.0
738652.0,United States of America,2021.0,en,6.3,43500000.0,5.0,3.0,1.0,Thriller,September,9.0,0.2857,0.1355,0.0184,6.3,6807158.0
766798.0,Spain,2021.0,es,6.8,0.0,5.0,1.0,1.0,Drama,October,8.0,0.2828,0.1414,0.02,6.8,23099858.0
662638.0,Japan,2021.0,ja,6.537,0.0,5.0,6.0,1.0,Animation,April,16.0,0.284,0.139,0.0193,6.537,95371578.0
763329.0,United States of America,2021.0,en,6.8,1100000.0,5.0,2.0,1.0,Drama,December,10.0,0.2621,0.1769,0.0313,6.8,2200000.0
645788.0,"Bulgaria, Romania, United Kingdom, United States of America",2021.0,en,6.5,0.0,5.0,3.0,1.0,Action,August,19.0,0.2429,0.2024,0.041,6.5,8639684.0
663260.0,France,2021.0,fr,7.334,10722240.0,5.0,3.0,1.0,Mystery,September,8.0,0.2942,0.116,0.0135,7.334,9738741.0
567690.0,"Japan, United States of America",2021.0,en,6.3,27500000.0,5.0,1.0,1.0,Drama,September,24.0,0.2843,0.1385,0.0192,6.3,19133454.0
597890.0,"Czech Republic, Romania, United Kingdom, United States of America",2021.0,en,6.0,20000000.0,5.0,2.0,1.0,Science Fiction,April,8.0,0.3,0.1,0.01,6.0,4298184.0
579047.0,United States of America,2021.0,en,6.587,68000000.0,5.0,2.0,1.0,Mystery,August,18.0,0.2836,0.14,0.0196,6.587,18717947.0
785663.0,United States of America,2021.0,en,7.3,1500000.0,5.0,2.0,1.0,Western,October,1.0,0.2623,0.1766,0.0312,7.3,77463.0
616651.0,"France, United States of America",2021.0,en,6.6,20000000.0,5.0,3.0,1.0,Drama,July,29.0,0.3011,0.0965,0.0093,6.6,19754272.0
615643.0,United States of America,2021.0,en,7.338,2000000.0,5.0,1.0,1.0,Drama,February,12.0,0.2711,0.1629,0.0265,7.338,12900000.0
800497.0,United States of America,2021.0,en,6.0,6500000.0,5.0,2.0,1.0,Horror,June,25.0,0.2871,0.1325,0.0176,6.0,937490.0
573164.0,Mexico,2021.0,es,7.9,6400000.0,5.0,4.0,2.0,Animation,August,12.0,0.2916,0.1223,0.015,7.9,4093345.0
769749.0,United States of America,2021.0,en,6.9,0.0,5.0,2.0,1.0,Romance,May,13.0,0.2956,0.1124,0.0126,6.9,3300000.0
761898.0,Japan,2021.0,ja,7.891,0.0,5.0,4.0,1.0,Animation,October,30.0,0.2668,0.1698,0.0288,7.891,14037060.0
866678.0,Poland,2021.0,pl,6.4,0.0,5.0,3.0,1.0,Drama,October,22.0,0.3031,0.0901,0.0081,6.4,2419521.0
583406.0,"Canada, United States of America",2021.0,en,7.3,26000000.0,5.0,2.0,1.0,Drama,February,12.0,0.2682,0.1676,0.0281,7.3,6416063.0
659940.0,"Denmark, Germany",2021.0,da,5.8,8000000.0,5.0,2.0,1.0,Thriller,May,27.0,0.2236,0.2236,0.05,5.8,39300.0
623135.0,South Korea,2021.0,ko,6.9,11400000.0,5.0,2.0,1.0,Comedy,August,11.0,0.2935,0.1177,0.0138,6.9,17970000.0
591538.0,United States of America,2021.0,en,6.9,0.0,5.0,2.0,1.0,Drama,December,5.0,0.2717,0.1617,0.0262,6.9,176248.0
862855.0,"China, United States of America",2021.0,zh,7.359,0.0,5.0,3.0,1.0,Action,September,11.0,0.2954,0.1128,0.0127,7.359,58340541.0
760195.0,United States of America,2021.0,en,5.7,0.0,5.0,2.0,1.0,Horror,April,30.0,0.2722,0.1609,0.0259,5.7,4496216.0
793998.0,France,2021.0,fr,7.2,0.0,5.0,1.0,1.0,Drama,November,4.0,0.2794,0.1481,0.0219,7.2,171765.0
633802.0,Russia,2021.0,ru,6.7,0.0,5.0,1.0,1.0,Horror,February,11.0,0.264,0.1741,0.0303,6.7,532054.0
607844.0,South Korea,2021.0,ko,7.1,0.0,5.0,5.0,1.0,War,July,28.0,0.2574,0.1836,0.0337,7.1,29855981.0
683127.0,Japan,2021.0,ja,5.9,0.0,5.0,3.0,1.0,Animation,February,3.0,0.2838,0.1395,0.0194,5.9,384659.0
511809.0,United States of America,2021.0,en,7.0,100000000.0,5.0,3.0,1.0,Drama,December,8.0,0.2726,0.1603,0.0257,7.0,76016171.0
529106.0,Russia,2021.0,ru,6.7,10000000.0,5.0,2.0,1.0,Action,April,1.0,0.2903,0.1254,0.0157,6.7,4500000.0
758866.0,Japan,2021.0,ja,7.4,1300000.0,5.0,1.0,1.0,Drama,August,18.0,0.2571,0.1841,0.0339,7.4,15356046.0
597316.0,"Canada, Ireland",2021.0,en,7.7,0.0,5.0,5.0,3.0,Animation,September,22.0,0.29,0.1261,0.0159,7.7,4100000.0
643586.0,United States of America,2021.0,en,6.0,5000000.0,5.0,4.0,1.0,Action,February,12.0,0.1826,0.2582,0.0667,6.0,431020.0
682532.0,United States of America,2021.0,en,5.4,0.0,5.0,3.0,1.0,Drama,August,6.0,0.2463,0.1983,0.0393,5.4,25386.0
565028.0,"Canada, United States of America",2021.0,en,6.0,25000000.0,5.0,3.0,1.0,Horror,August,25.0,0.2466,0.198,0.0392,6.0,77411570.0
424277.0,"Belgium, France, Germany, Greece, Japan, Mexico, Switzerland",2021.0,fr,6.7,15500000.0,5.0,2.0,1.0,Drama,July,7.0,0.2639,0.1742,0.0304,6.7,3700000.0
602666.0,China,2021.0,zh,5.6,117000000.0,5.0,3.0,1.0,Action,February,12.0,0.291,0.1237,0.0153,5.6,686257563.0
574060.0,"France, Germany, United States of America",2021.0,en,6.3,30000000.0,5.0,3.0,1.0,Action,July,14.0,0.2588,0.1817,0.033,6.3,1015760.0
788929.0,"Poland, Sweden, Iceland",2021.0,is,6.4,0.0,5.0,3.0,1.0,Drama,August,12.0,0.2749,0.1564,0.0245,6.4,3200000.0
664574.0,United Kingdom,2021.0,en,6.0,0.0,5.0,3.0,1.0,Comedy,December,3.0,0.279,0.1489,0.0222,6.0,438825.0
557950.0,United States of America,2021.0,en,6.4,5000000.0,5.0,2.0,1.0,Comedy,May,7.0,0.2933,0.1182,0.014,6.4,49638.0
630392.0,"France, United States of America",2021.0,en,6.6,0.0,5.0,3.0,1.0,Horror,July,28.0,0.2698,0.1649,0.0272,6.6,4588389.0
580532.0,"Belgium, Canada",2021.0,en,6.3,0.0,5.0,3.0,1.0,Thriller,February,26.0,0.2343,0.2123,0.0451,6.3,1099426.0
629017.0,United States of America,2021.0,en,6.706,2000000.0,5.0,3.0,1.0,Action,June,17.0,0.2711,0.1629,0.0265,6.706,34561.0
817451.0,"Kenya, United States of America, United Kingdom",2021.0,en,5.7,0.0,5.0,3.0,1.0,Thriller,May,27.0,0.3002,0.0994,0.0099,5.7,68152.0
639557.0,"China, Hong Kong",2021.0,zh,6.8,0.0,5.0,4.0,1.0,Thriller,April,30.0,0.2656,0.1717,0.0295,6.8,172919448.0
791568.0,"South Africa, United Kingdom",2021.0,en,4.938,0.0,5.0,3.0,1.0,Science Fiction,July,23.0,0.2852,0.1365,0.0186,4.938,39906.0
567797.0,"Australia, United Kingdom, United States of America",2021.0,en,6.8,0.0,5.0,3.0,1.0,Crime,January,1.0,0.2769,0.1528,0.0233,6.8,15576286.0
780382.0,"Canada, France",2021.0,en,7.5,11900000.0,5.0,3.0,1.0,Family,October,13.0,0.2615,0.1778,0.0316,7.5,15300000.0
805195.0,United States of America,2021.0,en,7.5,0.0,5.0,2.0,1.0,Family,April,2.0,0.3014,0.0957,0.0092,7.5,3157535.0
467909.0,United States of America,2021.0,en,7.2,55000000.0,5.0,2.0,1.0,Drama,June,10.0,0.2973,0.1077,0.0116,7.2,43000000.0
573680.0,United Kingdom,2021.0,en,5.158,0.0,5.0,1.0,1.0,Horror,April,29.0,0.2686,0.167,0.0279,5.158,563672.0
534072.0,"Australia, United Kingdom, United States of America",2021.0,en,5.2,0.0,5.0,2.0,1.0,Horror,May,7.0,0.2513,0.192,0.0369,5.2,517929.0
826749.0,United States of America,2021.0,en,5.7,20000000.0,5.0,3.0,1.0,Action,December,17.0,0.2513,0.192,0.0369,5.7,52169.0
598896.0,United States of America,2021.0,en,6.736,0.0,5.0,1.0,1.0,Drama,February,12.0,0.2558,0.1859,0.0345,6.736,2375190.0
714869.0,France,2021.0,fr,6.3,22000000.0,5.0,2.0,1.0,Romance,December,21.0,0.2621,0.1769,0.0313,6.3,27832384.0
598014.0,Russia,2021.0,ru,7.1,7000000.0,5.0,3.0,1.0,Fantasy,December,23.0,0.2364,0.2101,0.0441,7.1,29694624.0
793937.0,"Austria, Germany",2021.0,de,6.2,11700000.0,5.0,3.0,1.0,Family,October,14.0,0.272,0.1612,0.026,6.2,22028248.0
635731.0,"United Kingdom, United States of America",2021.0,en,6.655,3000000.0,5.0,3.0,1.0,Drama,July,16.0,0.2524,0.1906,0.0363,6.655,3889432.0
632617.0,United States of America,2021.0,en,7.2,8300000.0,5.0,1.0,1.0,Drama,November,19.0,0.2871,0.1326,0.0176,7.2,4300000.0
676705.0,France,2021.0,fr,6.7,0.0,5.0,5.0,1.0,Animation,August,11.0,0.2809,0.1452,0.0211,6.7,6813652.0
606236.0,France,2021.0,fr,5.9,0.0,5.0,2.0,1.0,Comedy,June,30.0,0.2853,0.1364,0.0186,5.9,4849622.0
736146.0,Japan,2021.0,ja,7.3,0.0,5.0,2.0,1.0,Crime,January,29.0,0.2785,0.1497,0.0224,7.3,2168905.0
784500.0,Japan,2021.0,ja,8.2,0.0,5.0,3.0,4.0,Animation,February,11.0,0.2834,0.1404,0.0197,8.2,1130225.0
746131.0,France,2021.0,fr,6.9,0.0,5.0,2.0,1.0,Drama,November,3.0,0.2986,0.104,0.0108,6.9,2480870.0
643532.0,"Sweden, United Kingdom, United States of America",2021.0,en,6.1,0.0,5.0,3.0,1.0,Drama,September,3.0,0.2556,0.1863,0.0347,6.1,5040860.0
846867.0,United States of America,2021.0,en,6.854,250000.0,5.0,5.0,1.0,Animation,September,17.0,0.2887,0.1291,0.0167,6.854,322619.0
539565.0,United States of America,2021.0,en,6.178,5000000.0,5.0,2.0,1.0,Comedy,June,30.0,0.2673,0.169,0.0286,6.178,3500000.0
750253.0,"Germany, France, United States of America, United Kingdom",2021.0,en,6.2,0.0,5.0,3.0,1.0,Thriller,September,23.0,0.2867,0.1334,0.0178,6.2,962689.0
660942.0,"Denmark, Finland, France, Norway, Sweden, United Kingdom",2021.0,no,6.914,3400000.0,5.0,3.0,1.0,Horror,September,3.0,0.2724,0.1606,0.0258,6.914,322000.0
682587.0,"United Kingdom, United States of America",2021.0,en,7.6,0.0,5.0,1.0,2.0,Documentary,February,7.0,0.2764,0.1536,0.0236,7.6,1218734.0
523936.0,France,2021.0,fr,5.964,0.0,5.0,4.0,1.0,Horror,July,1.0,0.2528,0.19,0.0361,5.964,700000.0
663866.0,United Kingdom,2021.0,en,5.827,0.0,5.0,2.0,1.0,Horror,June,11.0,0.2945,0.1152,0.0133,5.827,314785.0
592863.0,"Canada, United States of America",2021.0,en,6.8,55000000.0,5.0,3.0,1.0,Drama,August,12.0,0.2916,0.1223,0.015,6.8,31217372.0
777270.0,United Kingdom,2021.0,en,7.1,11000000.0,5.0,2.0,1.0,Drama,November,12.0,0.2861,0.1348,0.0182,7.1,49158343.0
641960.0,United States of America,2021.0,en,6.8,0.0,5.0,1.0,1.0,Drama,April,30.0,0.2823,0.1426,0.0203,6.8,843965.0
823609.0,"Germany, United Kingdom",2021.0,en,6.7,0.0,5.0,3.0,1.0,Animation,October,15.0,0.255,0.1871,0.035,6.7,6722205.0
625169.0,United States of America,2021.0,en,7.2,0.0,5.0,3.0,1.0,History,June,18.0,0.2804,0.1463,0.0214,7.2,3615193.0
554230.0,"Greece, Israel, United Kingdom, United States of America",2021.0,en,6.5,5000000.0,5.0,1.0,1.0,Drama,December,15.0,0.2621,0.1769,0.0313,6.5,703281.0
749274.0,United States of America,2021.0,en,5.954,33000000.0,5.0,2.0,1.0,Drama,September,16.0,0.2794,0.1481,0.0219,5.954,16510734.0
716612.0,"Chile, Germany, United Kingdom, United States of America",2021.0,en,6.8,18000000.0,5.0,2.0,1.0,Drama,November,4.0,0.2807,0.1457,0.0212,6.8,14000000.0
728118.0,"Austria, Bosnia and Herzegovina, France, Germany, Netherlands, Norway, Poland, Romania, Turkey",2021.0,sr,7.6,4750000.0,5.0,3.0,1.0,War,February,26.0,0.2556,0.1863,0.0347,7.6,813253.0
673309.0,United States of America,2021.0,en,7.1,25000000.0,5.0,2.0,2.0,Drama,December,25.0,0.3022,0.0933,0.0087,7.1,26514814.0
718838.0,"Germany, United Kingdom",2021.0,en,5.4,0.0,5.0,2.0,1.0,Romance,November,12.0,0.2938,0.1169,0.0137,5.4,2260859.0
795811.0,Japan,2021.0,ja,7.143,0.0,5.0,2.0,1.0,Drama,April,11.0,0.2845,0.1381,0.0191,7.143,1548033.0
644083.0,United Kingdom,2021.0,en,5.9,2000000.0,5.0,3.0,1.0,Crime,January,22.0,0.2711,0.1629,0.0265,5.9,510466.0
664300.0,United States of America,2021.0,en,7.183,250000.0,5.0,2.0,1.0,Comedy,March,26.0,0.2466,0.198,0.0392,7.183,359247.0
603206.0,"United Kingdom, United States of America",2021.0,en,7.0,20000000.0,5.0,2.0,1.0,Comedy,May,21.0,0.2945,0.1152,0.0133,7.0,6435260.0
649394.0,"Canada, United Kingdom, United States of America",2021.0,en,6.7,0.0,5.0,2.0,1.0,History,July,21.0,0.2753,0.1556,0.0242,6.7,106645.0
779029.0,"China, Hong Kong",2021.0,zh,5.915,200000000.0,5.0,2.0,3.0,Drama,September,30.0,0.2869,0.1329,0.0177,5.915,902540935.0
604563.0,France,2021.0,fr,5.652,20400000.0,5.0,3.0,1.0,Comedy,August,4.0,0.2847,0.1376,0.0189,5.652,13457801.0
615666.0,United Kingdom,2021.0,en,7.3,0.0,5.0,3.0,1.0,Family,November,24.0,0.2728,0.1599,0.0256,7.3,3700000.0
676845.0,Mexico,2021.0,es,6.9,0.0,5.0,1.0,1.0,Horror,February,25.0,0.2717,0.1617,0.0262,6.9,1753826.0
681260.0,"Australia, Germany",2021.0,en,6.6,0.0,5.0,3.0,2.0,Adventure,January,7.0,0.2733,0.159,0.0253,6.6,4345221.0
730823.0,South Korea,2021.0,ko,7.3,0.0,5.0,1.0,1.0,Drama,September,15.0,0.2717,0.1617,0.0262,7.3,5619316.0
820722.0,Spain,2021.0,es,7.0,0.0,5.0,2.0,1.0,Comedy,October,15.0,0.2892,0.1279,0.0164,7.0,365000.0
774714.0,United States of America,2021.0,en,5.5,0.0,5.0,3.0,1.0,Action,July,16.0,0.2741,0.1578,0.0249,5.5,95813.0
884452.0,United Arab Emirates,2021.0,ar,6.1,40000000.0,5.0,3.0,1.0,War,November,25.0,0.2646,0.1732,0.03,6.1,5218666.0
501841.0,"Canada, United States of America",2021.0,en,7.0,25000000.0,5.0,2.0,1.0,Drama,December,22.0,0.3114,0.0551,0.003,7.0,6700000.0
776527.0,United States of America,2021.0,en,7.62,0.0,5.0,3.0,1.0,Music,July,2.0,0.3024,0.0924,0.0085,7.62,3696069.0
714195.0,"United Kingdom, United States of America",2021.0,en,6.4,0.0,5.0,1.0,1.0,Drama,October,29.0,0.2759,0.1545,0.0239,6.4,212833.0
809314.0,Canada,2021.0,en,6.2,0.0,5.0,3.0,1.0,Action,April,23.0,0.2744,0.1572,0.0247,6.2,29262.0
587130.0,"United States of America, United Kingdom",2021.0,en,6.5,0.0,5.0,2.0,1.0,Horror,February,5.0,0.2977,0.1065,0.0113,6.5,596806.0
712454.0,"France, Luxembourg",2021.0,fr,7.8,9850000.0,5.0,3.0,1.0,Animation,September,22.0,0.2961,0.111,0.0123,7.8,1756552.0
481879.0,United States of America,2021.0,en,5.4,4000000.0,5.0,3.0,1.0,Action,July,1.0,0.3057,0.0808,0.0065,5.4,31395.0
675024.0,Mexico,2021.0,es,6.0,0.0,5.0,1.0,1.0,Horror,May,5.0,0.291,0.1237,0.0153,6.0,1474579.0
795853.0,South Africa,2021.0,en,5.9,0.0,4.0,3.0,1.0,Horror,June,18.0,0.2414,0.2043,0.0417,5.9,47863.0
845875.0,Poland,2021.0,pl,7.7,0.0,5.0,2.0,1.0,Drama,August,27.0,0.2654,0.1719,0.0296,7.7,43663.0
774021.0,"Canada, United States of America",2021.0,en,4.9,0.0,5.0,3.0,1.0,Drama,July,29.0,0.2622,0.1767,0.0312,4.9,68581.0
599281.0,United States of America,2021.0,en,6.9,0.0,5.0,3.0,1.0,Thriller,February,12.0,0.2762,0.154,0.0237,6.9,24565.0
693827.0,United States of America,2021.0,en,6.048,5000000.0,5.0,3.0,1.0,Crime,June,24.0,0.2987,0.1039,0.0108,6.048,136579.0
644089.0,"Canada, United States of America",2021.0,en,7.5,0.0,5.0,1.0,1.0,Drama,September,10.0,0.2481,0.1961,0.0384,7.5,750000.0
778552.0,United States of America,2021.0,en,6.0,0.0,5.0,2.0,1.0,Drama,February,25.0,0.2686,0.1669,0.0279,6.0,23800.0
785545.0,United Kingdom,2021.0,en,6.9,0.0,5.0,3.0,1.0,Animation,December,3.0,0.277,0.1525,0.0233,6.9,2061406.0
793285.0,United States of America,2021.0,en,6.8,5000000.0,6.0,1.0,1.0,Drama,October,4.0,0.2907,0.1246,0.0155,6.8,1200000.0
680813.0,"Denmark, Estonia, France, Netherlands, Norway, Sweden, United Kingdom, United States of America",2021.0,da,7.8,3400000.0,5.0,2.0,1.0,Documentary,June,17.0,0.2734,0.1589,0.0253,7.8,712229.0
673121.0,"France, Ireland, Poland, United Kingdom",2021.0,en,5.262,0.0,5.0,1.0,1.0,Drama,December,3.0,0.2741,0.1578,0.0249,5.262,199107.0
601470.0,United States of America,2021.0,en,6.5,0.0,5.0,2.0,1.0,Drama,September,17.0,0.284,0.1392,0.0194,6.5,2404127.0
749004.0,France,2021.0,fr,7.1,3100000.0,5.0,3.0,1.0,Drama,June,2.0,0.2858,0.1353,0.0183,7.1,1024575.0
730047.0,"Canada, United Kingdom, United States of America",2021.0,en,6.4,20000000.0,6.0,2.0,1.0,Drama,April,14.0,0.2943,0.1156,0.0134,6.4,3000000.0
724885.0,South Korea,2021.0,ko,7.463,0.0,5.0,3.0,1.0,Thriller,July,28.0,0.3042,0.0862,0.0074,7.463,1875549.0
586791.0,"Canada, United States of America",2021.0,en,7.0,0.0,5.0,3.0,1.0,Romance,February,5.0,0.2832,0.1408,0.0198,7.0,39053.0
795813.0,Germany,2021.0,de,6.8,0.0,5.0,3.0,1.0,Science Fiction,July,1.0,0.265,0.1726,0.0298,6.8,1090661.0
781453.0,France,2021.0,fr,6.252,0.0,5.0,3.0,1.0,Drama,September,15.0,0.2394,0.2066,0.0427,6.252,41356.0
556867.0,"United Kingdom, United States of America",2021.0,en,5.8,0.0,5.0,3.0,1.0,Comedy,January,28.0,0.2641,0.1739,0.0302,5.8,182918.0
660000.0,"Belgium, France",2021.0,fr,7.4,20800000.0,5.0,3.0,1.0,Drama,October,20.0,0.2819,0.1433,0.0205,7.4,8600000.0
754067.0,France,2021.0,fr,7.1,6500000.0,5.0,3.0,1.0,Adventure,December,15.0,0.2643,0.1736,0.0301,7.1,4181043.0
655082.0,"Belgium, France, Germany",2021.0,fr,6.3,26000000.0,5.0,2.0,1.0,Romance,October,7.0,0.3055,0.0817,0.0067,6.3,13000000.0
835975.0,"Austria, Germany",2021.0,de,7.3,0.0,5.0,3.0,1.0,Drama,November,18.0,0.2837,0.1396,0.0195,7.3,218511.0
857700.0,Poland,2021.0,pl,7.1,0.0,5.0,3.0,1.0,Action,November,11.0,0.2909,0.124,0.0154,7.1,1866660.0
821427.0,"Canada, United States of America",2021.0,en,6.4,0.0,5.0,1.0,1.0,Drama,December,17.0,0.2494,0.1945,0.0378,6.4,24322.0
670429.0,United States of America,2021.0,en,6.7,0.0,5.0,2.0,1.0,Horror,October,1.0,0.2558,0.1859,0.0345,6.7,56415.0
603603.0,United States of America,2021.0,en,5.6,0.0,5.0,2.0,1.0,History,May,28.0,0.2793,0.1483,0.022,5.6,2011012.0
826241.0,Spain,2021.0,es,5.5,0.0,5.0,3.0,1.0,Comedy,December,3.0,0.281,0.1451,0.021,5.5,1401254.0
776515.0,United States of America,2021.0,en,6.4,0.0,5.0,3.0,1.0,Comedy,April,23.0,0.2861,0.1347,0.0182,6.4,1436145.0
399178.0,"United Kingdom, United States of America",2021.0,en,6.173,0.0,5.0,3.0,1.0,Drama,December,23.0,0.2646,0.1732,0.03,6.173,847418.0
577242.0,France,2021.0,fr,6.634,17516235.0,5.0,3.0,1.0,Adventure,July,21.0,0.2941,0.1163,0.0135,6.634,19002036.0
680058.0,"United Kingdom, United States of America",2021.0,en,7.9,0.0,5.0,1.0,2.0,Documentary,October,8.0,0.2777,0.1512,0.0229,7.9,946634.0
678458.0,Japan,2021.0,ja,7.117,0.0,5.0,3.0,1.0,Animation,June,4.0,0.275,0.1561,0.0244,7.117,186542.0
800823.0,Spain,2021.0,es,5.6,5300000.0,5.0,2.0,1.0,Comedy,July,8.0,0.2646,0.1732,0.03,5.6,9600000.0
644714.0,South Korea,2021.0,ko,7.7,0.0,5.0,3.0,2.0,Action,September,15.0,0.2889,0.1287,0.0166,7.7,11772156.0
821661.0,South Korea,2021.0,ko,7.1,0.0,5.0,2.0,1.0,Comedy,December,29.0,0.3041,0.0869,0.0075,7.1,1906786.0
723640.0,China,2021.0,zh,6.9,0.0,5.0,2.0,1.0,Romance,April,30.0,0.2889,0.1287,0.0166,6.9,114000000.0
809717.0,"Austria, Germany",2021.0,de,6.4,2000000.0,5.0,3.0,1.0,Animation,June,24.0,0.2959,0.1115,0.0124,6.4,6666618.0
642732.0,United States of America,2021.0,en,6.9,0.0,5.0,1.0,1.0,Documentary,July,16.0,0.2566,0.1849,0.0342,6.9,3701480.0
797946.0,United States of America,2021.0,en,5.636,0.0,5.0,2.0,2.0,Horror,May,14.0,0.2605,0.1793,0.0322,5.636,120806.0
732203.0,Japan,2021.0,ja,8.2,0.0,5.0,3.0,1.0,Animation,January,8.0,0.2994,0.1018,0.0104,8.2,15486691.0
609490.0,"France, Germany, Russia, Switzerland",2021.0,ru,6.5,0.0,5.0,3.0,1.0,Drama,September,9.0,0.2965,0.1099,0.0121,6.5,648100.0
754765.0,"Belgium, France",2021.0,fr,5.4,0.0,5.0,2.0,1.0,Science Fiction,May,19.0,0.2982,0.1053,0.0111,5.4,867257.0
712121.0,"Poland, Sweden",2021.0,pl,6.3,1619835.0,5.0,2.0,1.0,Drama,March,12.0,0.2896,0.127,0.0161,6.3,11546.0
812204.0,"China, United States of America",2021.0,en,6.6,0.0,5.0,4.0,1.0,Animation,August,5.0,0.2897,0.1268,0.0161,6.6,786528.0
776485.0,"United Kingdom, United States of America",2021.0,en,7.4,0.0,5.0,4.0,1.0,Documentary,June,18.0,0.2942,0.1159,0.0134,7.4,677946.0
831028.0,Italy,2021.0,it,4.281,0.0,5.0,3.0,1.0,Horror,July,29.0,0.2335,0.2132,0.0455,4.281,31907.0
838154.0,Iran,2021.0,fa,6.8,0.0,4.0,2.0,1.0,Comedy,October,29.0,0.22,0.2272,0.0516,6.8,985853.0
477044.0,"Belgium, France, Germany, Mexico, Sweden",2021.0,en,6.225,0.0,5.0,2.0,1.0,Drama,July,14.0,0.281,0.1451,0.021,6.225,589895.0
642684.0,France,2021.0,fr,5.0,1400000.0,5.0,1.0,1.0,Comedy,June,23.0,0.2622,0.1767,0.0312,5.0,3795575.0
837548.0,United Kingdom,2021.0,en,5.8,0.0,3.0,2.0,1.0,Drama,August,27.0,0.2778,0.1511,0.0228,5.8,214390.0
540248.0,"Ireland, United States of America",2021.0,en,5.6,0.0,5.0,1.0,1.0,Drama,May,27.0,0.288,0.1305,0.017,5.6,19000.0
758891.0,China,2021.0,zh,7.0,59000000.0,5.0,3.0,1.0,Drama,February,12.0,0.2887,0.129,0.0166,7.0,822049668.0
822099.0,"Canada, Denmark, France, Sweden, United Kingdom, United States of America",2021.0,en,7.1,0.0,5.0,2.0,1.0,Documentary,August,20.0,0.294,0.1165,0.0136,7.1,567955.0
745611.0,"Belgium, France",2021.0,fr,6.9,5000000.0,5.0,3.0,1.0,History,September,8.0,0.2829,0.1412,0.0199,6.9,8356097.0
423333.0,United States of America,2021.0,en,7.512,0.0,5.0,1.0,1.0,Drama,October,8.0,0.2623,0.1767,0.0312,7.512,131357.0
586101.0,United States of America,2021.0,en,5.4,16000000.0,5.0,2.0,1.0,Music,January,14.0,0.2592,0.1811,0.0328,5.4,645949.0
740844.0,"Belgium, France",2021.0,fr,5.83,0.0,5.0,2.0,1.0,Family,September,9.0,0.253,0.1897,0.036,5.83,5843307.0
811076.0,"United Kingdom, United States of America",2021.0,en,5.3,0.0,5.0,2.0,1.0,Thriller,September,23.0,0.2837,0.1397,0.0195,5.3,10532.0
717694.0,"Czech Republic, Germany, Slovakia",2021.0,sk,6.4,0.0,5.0,3.0,1.0,Drama,March,18.0,0.2764,0.1536,0.0236,6.4,360868.0
583116.0,United States of America,2021.0,en,5.3,0.0,5.0,1.0,1.0,Comedy,June,11.0,0.2722,0.1609,0.0259,5.3,2893660.0
588890.0,"Czech Republic, France, Poland, Slovakia",2021.0,cs,7.2,0.0,5.0,4.0,2.0,Adventure,October,1.0,0.2928,0.1194,0.0143,7.2,1505235.0
786110.0,United States of America,2021.0,en,5.792,0.0,5.0,3.0,1.0,Horror,April,16.0,0.2755,0.1552,0.0241,5.792,30000.0
473021.0,"Ireland, United Kingdom, United States of America",2021.0,en,6.5,0.0,5.0,1.0,1.0,Drama,October,11.0,0.2998,0.1005,0.0101,6.5,381303.0
612491.0,Italy,2021.0,it,7.2,0.0,5.0,3.0,1.0,Romance,December,23.0,0.2797,0.1476,0.0218,7.2,882.0
839803.0,China,2021.0,zh,7.1,0.0,5.0,4.0,1.0,Animation,December,11.0,0.2904,0.1252,0.0157,7.1,27620000.0
764686.0,France,2021.0,fr,6.6,5000000.0,5.0,1.0,1.0,Drama,October,27.0,0.2875,0.1317,0.0173,6.6,2178083.0
811072.0,Spain,2021.0,es,5.4,0.0,5.0,2.0,1.0,Thriller,July,23.0,0.2791,0.1488,0.0221,5.4,4353761.0
735716.0,France,2021.0,fr,4.0,0.0,5.0,2.0,2.0,Comedy,September,8.0,0.2312,0.2158,0.0466,4.0,1099943.0
638965.0,"Belgium, France",2021.0,fr,6.289,4900000.0,5.0,2.0,1.0,Comedy,May,19.0,0.2903,0.1254,0.0157,6.289,2044087.0
618200.0,South Korea,2021.0,ko,6.9,0.0,5.0,2.0,1.0,Crime,May,26.0,0.3077,0.073,0.0053,6.9,1042238.0
607430.0,United States of America,2021.0,en,6.8,10000000.0,5.0,2.0,1.0,Drama,July,15.0,0.2524,0.1906,0.0363,6.8,969204.0
662745.0,Brazil,2021.0,pt,8.2,1900000.0,5.0,4.0,1.0,Family,December,30.0,0.2813,0.1445,0.0209,8.2,2100000.0
809910.0,United States of America,2021.0,en,6.9,0.0,5.0,1.0,1.0,Drama,April,30.0,0.2829,0.1413,0.02,6.9,1743.0
835551.0,United States of America,2021.0,en,5.675,2500000.0,5.0,1.0,1.0,Thriller,July,30.0,0.3015,0.0952,0.0091,5.675,8866.0
794602.0,United States of America,2021.0,en,7.074,0.0,5.0,2.0,1.0,Comedy,August,6.0,0.2449,0.2,0.04,7.074,125012.0
728882.0,Japan,2021.0,ja,7.643,0.0,5.0,1.0,1.0,Drama,February,11.0,0.2828,0.1414,0.02,7.643,4702781.0
601337.0,India,2021.0,hi,7.1,36786988.0,5.0,2.0,1.0,Drama,December,23.0,0.2757,0.1549,0.024,7.1,25452983.0
742396.0,Japan,2021.0,ja,6.7,0.0,5.0,3.0,1.0,Mystery,April,29.0,0.2813,0.1445,0.0209,6.7,1084503.0
675353.0,"Japan, United States of America",2022.0,en,7.479,110000000.0,5.0,4.0,1.0,Action,March,30.0,0.2864,0.134,0.0179,7.479,405421518.0
315162.0,United States of America,2022.0,en,8.219,90000000.0,5.0,5.0,1.0,Animation,December,7.0,0.2927,0.1197,0.0143,8.219,484700000.0
361743.0,United States of America,2022.0,en,8.2,170000000.0,5.0,2.0,1.0,Action,May,21.0,0.2933,0.1182,0.014,8.2,1488732821.0
507086.0,United States of America,2022.0,en,6.675,165000000.0,5.0,3.0,1.0,Adventure,June,1.0,0.2897,0.1267,0.016,6.675,1001978080.0
76600.0,United States of America,2022.0,en,7.608,460000000.0,5.0,3.0,1.0,Science Fiction,December,14.0,0.26,0.18,0.0324,7.608,2320250281.0
453395.0,United States of America,2022.0,en,7.267,200000000.0,5.0,3.0,1.0,Fantasy,May,4.0,0.2889,0.1286,0.0165,7.267,955775804.0
414906.0,United States of America,2022.0,en,7.659,185000000.0,5.0,3.0,1.0,Crime,March,1.0,0.2897,0.1268,0.0161,7.659,772319315.0
505642.0,United States of America,2022.0,en,7.072,250000000.0,5.0,3.0,1.0,Action,November,9.0,0.3058,0.0806,0.0065,7.072,859102154.0
615173.0,South Korea,2022.0,ko,7.285,0.0,5.0,4.0,1.0,Action,June,15.0,0.281,0.1451,0.021,7.285,23068596.0
508947.0,United States of America,2022.0,en,7.349,175000000.0,5.0,4.0,1.0,Animation,March,10.0,0.236,0.2105,0.0443,7.349,21328962.0
335787.0,United States of America,2022.0,en,6.918,120000000.0,5.0,2.0,1.0,Action,February,10.0,0.2759,0.1545,0.0239,6.918,407141258.0
545611.0,United States of America,2022.0,en,7.759,25000000.0,5.0,3.0,2.0,Action,March,24.0,0.2685,0.1671,0.0279,7.759,139200000.0
616037.0,United States of America,2022.0,en,6.422,250000000.0,5.0,3.0,1.0,Fantasy,July,6.0,0.3035,0.0888,0.0079,6.422,760900000.0
882598.0,United States of America,2022.0,en,6.7,17000000.0,5.0,2.0,1.0,Horror,September,23.0,0.2741,0.1576,0.0248,6.7,217408513.0
601796.0,South Korea,2022.0,ko,6.824,24500000.0,5.0,4.0,1.0,Science Fiction,July,20.0,0.3068,0.0767,0.0059,6.824,12109608.0
438148.0,United States of America,2022.0,en,7.303,85000000.0,5.0,4.0,1.0,Animation,June,29.0,0.2954,0.1128,0.0127,7.303,940203765.0
698508.0,"South Africa, United States of America",2022.0,en,7.8,30000000.0,5.0,3.0,1.0,Romance,January,21.0,0.2769,0.1528,0.0233,7.8,9464198.0
985939.0,"United States of America, United Kingdom",2022.0,en,7.1,3000000.0,5.0,1.0,1.0,Thriller,August,11.0,0.2986,0.1042,0.0109,7.1,17363261.0
585083.0,United States of America,2022.0,en,7.07,75000000.0,5.0,5.0,2.0,Animation,January,31.0,0.2998,0.1006,0.0101,7.07,18500000.0
937278.0,"Sweden, United States of America",2022.0,en,7.77,50000000.0,5.0,2.0,1.0,Comedy,December,28.0,0.2892,0.1279,0.0164,7.77,108961677.0
799155.0,India,2022.0,hi,6.8,9600000.0,5.0,3.0,1.0,Action,April,1.0,0.2617,0.1775,0.0315,6.8,2600000.0
615777.0,United States of America,2022.0,en,7.369,78000000.0,5.0,2.0,1.0,Drama,December,22.0,0.2864,0.134,0.018,7.369,63363579.0
916192.0,Japan,2022.0,ja,7.7,0.0,5.0,4.0,1.0,Animation,September,9.0,0.295,0.1138,0.013,7.7,872000.0
900667.0,Japan,2022.0,ja,7.2,0.0,5.0,5.0,1.0,Animation,August,6.0,0.3011,0.0966,0.0093,7.2,150797338.0
663712.0,United States of America,2022.0,en,6.7,250000.0,5.0,2.0,1.0,Horror,October,6.0,0.2874,0.132,0.0174,6.7,15741780.0
646385.0,United States of America,2022.0,en,6.668,24000000.0,5.0,2.0,2.0,Horror,January,12.0,0.2785,0.1499,0.0225,6.668,137743924.0
436270.0,United States of America,2022.0,en,6.9,200000000.0,5.0,3.0,1.0,Action,October,19.0,0.2706,0.1637,0.0268,6.9,393452111.0
338953.0,"United Kingdom, United States of America",2022.0,en,6.648,200000000.0,5.0,2.0,1.0,Fantasy,April,6.0,0.3051,0.0832,0.0069,6.648,407200000.0
840326.0,"Finland, United Kingdom, United States of America",2022.0,fi,7.42,6200000.0,5.0,3.0,1.0,Action,September,9.0,0.3015,0.0953,0.0091,7.42,13000000.0
718930.0,United States of America,2022.0,en,7.442,90000000.0,5.0,3.0,1.0,Action,August,3.0,0.254,0.1884,0.0355,7.442,239300000.0
629542.0,United States of America,2022.0,en,7.546,80000000.0,5.0,5.0,1.0,Family,March,17.0,0.2831,0.1409,0.0198,7.546,250162278.0
624091.0,Indonesia,2022.0,id,6.5,1242172.0,5.0,5.0,1.0,Action,November,17.0,0.2946,0.115,0.0132,6.5,4577403.0
593643.0,United States of America,2022.0,en,7.2,35000000.0,5.0,3.0,1.0,Comedy,November,17.0,0.2968,0.1091,0.0119,7.2,79628200.0
949423.0,United States of America,2022.0,en,7.2,1000000.0,5.0,1.0,1.0,Horror,September,16.0,0.2813,0.1446,0.0209,7.2,10139416.0
799379.0,South Korea,2022.0,ko,6.378,9000000.0,5.0,4.0,1.0,Action,September,21.0,0.2961,0.111,0.0123,6.378,20541.0
756999.0,United States of America,2022.0,en,7.6,16000000.0,5.0,2.0,1.0,Horror,June,17.0,0.296,0.1113,0.0124,7.6,161440742.0
966220.0,Ukraine,2022.0,uk,7.641,1000000.0,5.0,3.0,1.0,War,May,3.0,0.2828,0.1414,0.02,7.641,881.0
760104.0,United States of America,2022.0,en,6.7,1000000.0,5.0,3.0,1.0,Horror,March,17.0,0.2685,0.1671,0.0279,6.7,15113105.0
916224.0,Japan,2022.0,ja,7.942,0.0,5.0,4.0,1.0,Animation,November,11.0,0.2712,0.1627,0.0265,7.942,323638107.0
744276.0,United States of America,2022.0,en,6.818,14000000.0,5.0,2.0,1.0,Romance,August,24.0,0.2861,0.1348,0.0182,6.818,19238073.0
725201.0,United States of America,2022.0,en,6.9,200000000.0,5.0,2.0,2.0,Action,July,13.0,0.265,0.1725,0.0298,6.9,454023.0
406759.0,"Hong Kong, United Kingdom, United States of America",2022.0,en,6.297,146000000.0,5.0,3.0,1.0,Science Fiction,February,3.0,0.2722,0.161,0.0259,6.297,67319703.0
536554.0,United States of America,2022.0,en,7.054,12000000.0,5.0,2.0,1.0,Science Fiction,December,28.0,0.3018,0.0945,0.0089,7.054,181796517.0
610150.0,Japan,2022.0,ja,7.9,0.0,5.0,3.0,1.0,Animation,June,11.0,0.2954,0.1129,0.0127,7.9,86600000.0
619803.0,South Korea,2022.0,ko,7.2,7600000.0,5.0,4.0,1.0,Action,May,18.0,0.2747,0.1566,0.0245,7.2,101166707.0
752623.0,United States of America,2022.0,en,6.493,74000000.0,5.0,3.0,2.0,Action,March,24.0,0.2772,0.1523,0.0232,6.493,192907684.0
843380.0,"Canada, United States of America",2022.0,en,5.881,0.0,5.0,4.0,1.0,Western,September,30.0,0.2877,0.1312,0.0172,5.881,81403.0
616820.0,United States of America,2022.0,en,6.1,20000000.0,5.0,2.0,1.0,Horror,October,12.0,0.2814,0.1442,0.0208,6.1,104374176.0
661374.0,United States of America,2022.0,en,7.051,40000000.0,5.0,3.0,1.0,Comedy,November,23.0,0.2778,0.1511,0.0228,7.051,15000000.0
639933.0,United States of America,2022.0,en,7.048,70000000.0,5.0,3.0,1.0,Action,April,7.0,0.275,0.1561,0.0244,7.048,69633110.0
717728.0,"United States of America, United Kingdom",2022.0,en,5.406,5000000.0,5.0,3.0,1.0,Horror,September,15.0,0.2544,0.1879,0.0353,5.406,6175213.0
579974.0,India,2022.0,te,7.747,69000000.0,5.0,3.0,1.0,Action,March,24.0,0.2926,0.1199,0.0144,7.747,160000000.0
705996.0,South Korea,2022.0,ko,7.342,0.0,5.0,3.0,1.0,Thriller,June,29.0,0.2524,0.1906,0.0363,7.342,16914773.0
876792.0,Japan,2022.0,ja,7.4,0.0,5.0,3.0,1.0,Animation,November,25.0,0.2726,0.1602,0.0257,7.4,11426555.0
718789.0,United States of America,2022.0,en,6.9,200000000.0,5.0,4.0,1.0,Animation,June,15.0,0.2983,0.1049,0.011,6.9,226425420.0
818397.0,United States of America,2022.0,en,6.8,30000000.0,5.0,3.0,1.0,Action,April,28.0,0.2985,0.1044,0.0109,6.8,13900000.0
724495.0,"Canada, United States of America",2022.0,en,7.7,50000000.0,5.0,3.0,1.0,Action,September,16.0,0.2999,0.1002,0.01,7.7,97300000.0
526896.0,United States of America,2022.0,en,5.984,75000000.0,5.0,3.0,1.0,Action,March,30.0,0.2868,0.1331,0.0177,5.984,167635712.0
628900.0,"United Kingdom, United States of America",2022.0,en,6.4,0.0,5.0,2.0,1.0,Action,March,10.0,0.2675,0.1687,0.0285,6.4,2122288.0
760741.0,"Iceland, United States of America, Japan",2022.0,en,6.584,0.0,5.0,4.0,1.0,Thriller,August,11.0,0.2495,0.1943,0.0378,6.584,56000000.0
785084.0,United States of America,2022.0,en,7.832,3000000.0,5.0,1.0,1.0,Drama,December,9.0,0.2673,0.169,0.0286,7.832,55101305.0
668482.0,United Kingdom,2022.0,en,6.78,25000000.0,5.0,3.0,1.0,Family,November,25.0,0.2491,0.1948,0.0379,6.78,37289659.0
619730.0,United States of America,2022.0,en,6.799,35000000.0,5.0,2.0,1.0,Mystery,September,21.0,0.2959,0.1115,0.0124,6.799,86700000.0
556694.0,"Australia, China, United Kingdom",2022.0,en,6.9,60000000.0,5.0,3.0,1.0,Drama,August,24.0,0.2525,0.1904,0.0363,6.9,20300000.0
876797.0,Japan,2022.0,ja,6.908,0.0,5.0,2.0,1.0,Drama,March,4.0,0.2909,0.1239,0.0154,6.908,22500000.0
807356.0,"United Arab Emirates, United States of America",2022.0,en,6.485,5000000.0,5.0,3.0,1.0,Horror,June,3.0,0.2631,0.1755,0.0308,6.485,2543216.0
505026.0,United States of America,2022.0,en,6.4,90000000.0,5.0,3.0,1.0,Mystery,February,9.0,0.244,0.2012,0.0405,6.4,137307235.0
760161.0,"Canada, United States of America",2022.0,en,6.636,10000000.0,5.0,2.0,1.0,Horror,July,27.0,0.2931,0.1186,0.0141,6.636,9572765.0
965150.0,"United Kingdom, United States of America",2022.0,en,7.7,0.0,5.0,1.0,1.0,Drama,October,21.0,0.2907,0.1245,0.0155,7.7,7834405.0
938008.0,South Korea,2022.0,ko,7.687,0.0,5.0,3.0,1.0,Action,July,13.0,0.2717,0.1617,0.0262,7.687,595112.0
497828.0,"Denmark, France, Germany, Greece, Mexico, Sweden, Switzerland, Turkey, United Kingdom, United States of America",2022.0,en,7.064,15600000.0,5.0,2.0,1.0,Comedy,September,18.0,0.254,0.1884,0.0355,7.064,24733572.0
648579.0,United States of America,2022.0,en,6.8,30000000.0,5.0,3.0,1.0,Action,April,20.0,0.2621,0.1769,0.0313,6.8,29116320.0
763285.0,United States of America,2022.0,en,6.647,40000000.0,5.0,4.0,1.0,Thriller,March,16.0,0.2771,0.1523,0.0232,6.647,52303589.0
758009.0,United States of America,2022.0,en,6.284,0.0,5.0,3.0,1.0,Action,December,28.0,0.2945,0.1152,0.0133,6.284,4495365.0
913290.0,United States of America,2022.0,en,6.8,4500000.0,5.0,2.0,1.0,Horror,September,8.0,0.2701,0.1644,0.027,6.8,45400000.0
830784.0,"Italy, United States of America",2022.0,en,7.0,50000000.0,5.0,3.0,2.0,Comedy,October,7.0,0.2762,0.154,0.0237,7.0,104088441.0
614934.0,"Australia, United States of America",2022.0,en,7.506,85000000.0,5.0,3.0,1.0,Drama,June,22.0,0.2654,0.172,0.0296,7.506,288670284.0
676547.0,United States of America,2022.0,en,6.9,0.0,5.0,2.0,1.0,Horror,October,23.0,0.2861,0.1346,0.0181,6.9,37655699.0
762504.0,United States of America,2022.0,en,6.8,68000000.0,5.0,3.0,1.0,Horror,July,20.0,0.3048,0.0842,0.0071,6.8,170823080.0
901563.0,"Belgium, France, Netherlands",2022.0,fr,7.8,0.0,5.0,1.0,1.0,Drama,November,1.0,0.265,0.1726,0.0298,7.8,3129968.0
518896.0,"China, Hong Kong",2022.0,zh,7.048,0.0,5.0,3.0,1.0,Drama,August,5.0,0.2611,0.1784,0.0318,7.048,100730000.0
539681.0,"Canada, United States of America",2022.0,en,7.2,90000000.0,5.0,5.0,1.0,Animation,July,27.0,0.2892,0.1279,0.0164,7.2,203000000.0
653851.0,United States of America,2022.0,en,7.112,90000000.0,5.0,3.0,1.0,War,November,23.0,0.2898,0.1266,0.016,7.112,20000000.0
864370.0,Taiwan,2022.0,zh,6.8,0.0,5.0,1.0,1.0,Horror,March,18.0,0.2848,0.1374,0.0189,6.8,5700000.0
751237.0,United States of America,2022.0,en,5.4,3000000.0,5.0,2.0,1.0,Horror,March,18.0,0.2692,0.1659,0.0275,5.4,2100000.0
575322.0,Russia,2022.0,en,5.8,6000000.0,5.0,2.0,1.0,Science Fiction,January,6.0,0.2797,0.1475,0.0218,5.8,211674.0
961484.0,United States of America,2022.0,en,6.4,0.0,5.0,2.0,1.0,Action,May,12.0,0.2769,0.1528,0.0233,6.4,5950199.0
934194.0,Canada,2022.0,en,6.5,0.0,5.0,4.0,1.0,Science Fiction,June,24.0,0.2967,0.1093,0.012,6.5,15511.0
587412.0,India,2022.0,kn,7.403,13000000.0,5.0,4.0,1.0,Action,April,14.0,0.2916,0.1223,0.015,7.403,90410749.0
951546.0,United Kingdom,2022.0,en,5.5,10000.0,5.0,3.0,1.0,Action,April,12.0,0.2899,0.1264,0.016,5.5,100.0
899112.0,"Canada, United States of America",2022.0,en,7.278,20000000.0,5.0,4.0,1.0,Comedy,November,30.0,0.2894,0.1276,0.0163,7.278,75734910.0
674324.0,"United Kingdom, United States of America",2022.0,en,7.5,20000000.0,5.0,2.0,1.0,Drama,October,20.0,0.2871,0.1326,0.0176,7.5,49300000.0
551271.0,"Czech Republic, United States of America",2022.0,en,6.9,23000000.0,5.0,3.0,1.0,Action,September,8.0,0.2932,0.1185,0.014,6.9,4311284.0
758330.0,United Kingdom,2022.0,en,7.0,0.0,5.0,2.0,1.0,Romance,June,16.0,0.2927,0.1197,0.0143,7.0,7589829.0
820067.0,Japan,2022.0,ja,8.335,0.0,5.0,3.0,1.0,Animation,May,20.0,0.2701,0.1645,0.0271,8.335,17288993.0
682507.0,United States of America,2022.0,en,7.563,24000000.0,5.0,3.0,1.0,Drama,July,14.0,0.2921,0.1211,0.0147,7.563,144353965.0
830788.0,United States of America,2022.0,en,6.1,10000000.0,5.0,2.0,1.0,Horror,August,24.0,0.2797,0.1476,0.0218,6.1,33628000.0
522016.0,"United States of America, France, Hong Kong, Morocco, Taiwan",2022.0,en,6.1,75000000.0,5.0,3.0,1.0,Action,January,5.0,0.2416,0.204,0.0416,6.1,55700000.0
803114.0,United States of America,2022.0,en,4.8,8500000.0,5.0,3.0,1.0,Horror,January,28.0,0.261,0.1786,0.0319,4.8,130493.0
825808.0,Canada,2022.0,en,6.0,0.0,5.0,3.0,1.0,Crime,January,7.0,0.2534,0.1892,0.0358,6.0,55191.0
823625.0,"Australia, China, United States of America",2022.0,en,6.2,43000000.0,5.0,3.0,1.0,Action,February,10.0,0.2722,0.161,0.0259,6.2,15902207.0
591120.0,South Korea,2022.0,ko,6.5,19597380.0,5.0,4.0,1.0,Action,January,26.0,0.2822,0.1427,0.0204,6.5,10247262.0
804095.0,United States of America,2022.0,en,7.6,40000000.0,5.0,1.0,1.0,Drama,November,11.0,0.2635,0.1749,0.0306,7.6,45629909.0
947938.0,"Germany, Iran, Russia, Turkey",2022.0,ru,6.4,4000000.0,5.0,4.0,1.0,Animation,April,7.0,0.2885,0.1296,0.0168,6.4,2613252.0
588108.0,South Korea,2022.0,ko,6.5,0.0,5.0,4.0,1.0,War,July,27.0,0.2855,0.1361,0.0185,6.5,57490985.0
869626.0,United States of America,2022.0,en,7.7,6000000.0,5.0,4.0,1.0,Animation,June,24.0,0.2977,0.1067,0.0114,7.7,6909209.0
676701.0,Spain,2022.0,es,7.5,11983950.0,5.0,5.0,1.0,Animation,August,24.0,0.2704,0.1639,0.0269,7.5,32800000.0
420821.0,United States of America,2022.0,en,6.997,70000000.0,5.0,5.0,1.0,Animation,May,20.0,0.2634,0.175,0.0306,6.997,623190.0
676710.0,"Belgium, Canada, Germany, United Kingdom",2022.0,en,6.782,17000000.0,5.0,5.0,1.0,Animation,December,16.0,0.2782,0.1504,0.0226,6.782,21110363.0
634429.0,Japan,2022.0,ja,7.184,5500000.0,5.0,2.0,1.0,Action,May,13.0,0.2941,0.1163,0.0135,7.184,34441594.0
626735.0,United States of America,2022.0,en,7.3,20000000.0,5.0,2.0,2.0,Drama,February,17.0,0.2585,0.1822,0.0332,7.3,84774243.0
862965.0,United States of America,2022.0,en,6.68,2000000.0,5.0,3.0,1.0,Crime,August,12.0,0.2929,0.1192,0.0142,6.68,2157673.0
806368.0,"Australia, France, United Kingdom",2022.0,en,6.7,0.0,5.0,1.0,1.0,Drama,November,10.0,0.2585,0.1822,0.0332,6.7,3564844.0
809140.0,United States of America,2022.0,en,7.14,4000000.0,5.0,1.0,1.0,Drama,April,13.0,0.26,0.18,0.0324,7.14,21591034.0
683361.0,Finland,2022.0,fi,6.349,0.0,5.0,2.0,1.0,Family,October,14.0,0.2907,0.1246,0.0155,6.349,69363.0
791177.0,"Italy, United States of America",2022.0,en,7.1,16000000.0,5.0,3.0,1.0,Drama,November,18.0,0.265,0.1725,0.0298,7.1,15234907.0
893712.0,Japan,2022.0,ja,7.7,0.0,5.0,4.0,1.0,Animation,October,22.0,0.256,0.1857,0.0345,7.7,9071701.0
817758.0,United States of America,2022.0,en,7.1,35000000.0,5.0,2.0,1.0,Music,September,23.0,0.3,0.1,0.01,7.1,29048571.0
848058.0,"France, Spain",2022.0,es,6.598,2400000.0,5.0,3.0,1.0,Horror,October,7.0,0.2475,0.1969,0.0387,6.598,543064.0
799876.0,"United Kingdom, United States of America",2022.0,en,7.095,5000000.0,5.0,4.0,1.0,Crime,February,25.0,0.2828,0.1414,0.02,7.095,4000000.0
366672.0,"Canada, China, United Kingdom, United States of America",2022.0,en,6.7,45000000.0,5.0,4.0,3.0,Animation,July,14.0,0.2744,0.1572,0.0247,6.7,42500000.0
947890.0,Vietnam,2022.0,ru,6.4,0.0,4.0,1.0,1.0,Horror,March,24.0,0.2461,0.1986,0.0394,6.4,1849768.0
800939.0,"Australia, United States of America, United Kingdom",2022.0,en,6.5,20000000.0,5.0,3.0,1.0,Drama,September,8.0,0.2845,0.1381,0.0191,6.5,168800000.0
877269.0,United States of America,2022.0,en,6.322,180000000.0,5.0,5.0,1.0,Animation,November,23.0,0.2887,0.1291,0.0167,6.322,73621640.0
644124.0,Italy,2022.0,it,6.2,15000000.0,5.0,3.0,1.0,Horror,October,28.0,0.2927,0.1197,0.0143,6.2,362113.0
783675.0,Japan,2022.0,ja,7.783,0.0,5.0,3.0,1.0,Animation,December,3.0,0.2977,0.1065,0.0113,7.783,258000000.0
760926.0,"Australia, United States of America",2022.0,en,6.2,6500000.0,5.0,3.0,1.0,Action,January,13.0,0.2753,0.1556,0.0242,6.2,176048.0
818110.0,Germany,2022.0,en,6.5,6500000.0,5.0,4.0,1.0,Adventure,September,30.0,0.2921,0.1211,0.0147,6.5,492000.0
999278.0,Italy,2022.0,it,6.1,250000.0,5.0,2.0,1.0,Horror,October,8.0,0.2846,0.1378,0.019,6.1,63830.0
1020969.0,Norway,2022.0,no,7.1,0.0,5.0,3.0,1.0,Family,November,5.0,0.2651,0.1725,0.0297,7.1,6200000.0
766475.0,"United Kingdom, United States of America",2022.0,en,6.369,40000000.0,5.0,3.0,1.0,Mystery,September,9.0,0.2634,0.175,0.0306,6.369,21921551.0
801071.0,United Kingdom,2022.0,en,6.3,0.0,5.0,1.0,1.0,Horror,February,24.0,0.2729,0.1597,0.0255,6.3,1147001.0
879957.0,"Australia, United States of America",2022.0,en,5.8,0.0,5.0,2.0,1.0,Action,April,14.0,0.2876,0.1316,0.0173,5.8,263293.0
520023.0,United States of America,2022.0,en,6.2,3000000.0,5.0,4.0,1.0,Horror,August,5.0,0.2668,0.1698,0.0288,6.2,13900000.0
780609.0,United Kingdom,2022.0,en,6.1,6500000.0,5.0,3.0,1.0,Horror,May,20.0,0.2887,0.1291,0.0167,6.1,11152071.0
557946.0,"United States of America, United Kingdom",2022.0,en,5.8,0.0,5.0,3.0,1.0,Action,January,27.0,0.2626,0.1762,0.0311,5.8,365644.0
828613.0,United States of America,2022.0,en,7.5,0.0,5.0,2.0,1.0,Romance,September,8.0,0.265,0.1725,0.0298,7.5,504843.0
245842.0,"Australia, China, France, Hong Kong, United Kingdom, United States of America",2022.0,en,7.0,40500000.0,5.0,3.0,1.0,Fantasy,January,21.0,0.2994,0.1017,0.0103,7.0,2200000.0
1022128.0,Malaysia,2022.0,en,6.784,0.0,5.0,1.0,1.0,Horror,September,29.0,0.2973,0.1079,0.0116,6.784,727153.0
661791.0,"France, Spain",2022.0,es,5.863,3749231.0,5.0,2.0,1.0,Drama,January,28.0,0.236,0.2105,0.0443,5.863,1817696.0
664469.0,United States of America,2022.0,en,6.1,80000000.0,5.0,3.0,1.0,Mystery,September,27.0,0.2597,0.1804,0.0326,6.1,31245810.0
736732.0,South Korea,2022.0,ko,7.167,0.0,5.0,3.0,1.0,Drama,June,8.0,0.2769,0.1528,0.0233,7.167,18632208.0
626872.0,South Korea,2022.0,ko,7.5,18052672.0,5.0,3.0,1.0,Action,August,3.0,0.3012,0.0962,0.0093,7.5,19200000.0
656663.0,United States of America,2022.0,en,6.81,10000000.0,5.0,2.0,1.0,Comedy,February,1.0,0.3048,0.0842,0.0071,6.81,80340218.0
1030613.0,"Belgium, Netherlands",2022.0,nl,6.0,0.0,5.0,2.0,1.0,Mystery,December,22.0,0.2944,0.1154,0.0133,6.0,1843824.0
727340.0,South Korea,2022.0,ko,6.7,17000000.0,5.0,3.0,1.0,Action,August,10.0,0.3082,0.0709,0.005,6.7,25994.0
532710.0,United States of America,2022.0,en,5.557,12000000.0,5.0,2.0,1.0,Horror,May,12.0,0.283,0.1412,0.0199,5.557,15000000.0
976720.0,"Belgium, France, Lithuania",2022.0,en,6.368,0.0,5.0,4.0,2.0,Science Fiction,August,17.0,0.265,0.1726,0.0298,6.368,889529.0
848791.0,"Australia, United Kingdom, United States of America",2022.0,en,6.2,0.0,5.0,3.0,1.0,Thriller,October,6.0,0.2967,0.1093,0.012,6.2,149441.0
960258.0,"Malta, United States of America",2022.0,en,5.7,5000000.0,5.0,4.0,1.0,Horror,May,13.0,0.2897,0.1267,0.016,5.7,1824152.0
961420.0,Japan,2022.0,ja,7.2,0.0,5.0,3.0,1.0,Action,July,15.0,0.2854,0.1362,0.0186,7.2,34963395.0
615904.0,"China, United States of America",2022.0,en,6.6,23000000.0,5.0,3.0,1.0,Romance,February,9.0,0.2875,0.1317,0.0174,6.6,44000000.0
889699.0,"Denmark, Jordan, France, Germany, Sweden",2022.0,fa,7.3,0.0,5.0,4.0,1.0,Crime,July,13.0,0.2183,0.2288,0.0524,7.3,1252637.0
777831.0,United States of America,2022.0,en,5.4,3000000.0,5.0,2.0,1.0,Action,April,14.0,0.2777,0.1512,0.0229,5.4,193908.0
1018494.0,United States of America,2022.0,en,5.7,15000.0,5.0,4.0,1.0,War,October,7.0,0.3101,0.062,0.0038,5.7,23000.0
987750.0,Spain,2022.0,es,6.7,0.0,5.0,4.0,1.0,Animation,December,28.0,0.2897,0.1268,0.0161,6.7,3644575.0
801965.0,"United Kingdom, United States of America",2022.0,en,6.5,0.0,5.0,3.0,1.0,Crime,August,25.0,0.3018,0.0943,0.0089,6.5,2805642.0
754609.0,"Belgium, Canada, France, Hungary, United Kingdom",2022.0,en,7.287,0.0,5.0,3.0,1.0,Drama,July,15.0,0.2967,0.1094,0.012,7.287,10370305.0
820446.0,United Kingdom,2022.0,en,7.2,40000000.0,5.0,2.0,1.0,Drama,April,27.0,0.2837,0.1397,0.0195,7.2,92651384.0
823999.0,Italy,2022.0,it,5.987,0.0,5.0,2.0,2.0,Crime,November,17.0,0.2744,0.1572,0.0247,5.987,1228459.0
819876.0,"Canada, Greece, United Kingdom",2022.0,en,6.052,27000000.0,5.0,2.0,1.0,Science Fiction,May,25.0,0.2858,0.1354,0.0183,6.052,4551565.0
903939.0,Japan,2022.0,ja,6.6,0.0,5.0,4.0,1.0,Animation,April,15.0,0.301,0.0969,0.0094,6.6,72699093.0
844075.0,"China, United States of America",2022.0,zh,7.5,0.0,5.0,4.0,1.0,Animation,August,19.0,0.2902,0.1257,0.0158,7.5,70826303.0
811631.0,"Australia, Poland, United Kingdom, United States of America",2022.0,en,5.7,4749917.0,5.0,4.0,1.0,Thriller,March,25.0,0.2973,0.1078,0.0116,5.7,1707067.0
597845.0,Russia,2022.0,ru,7.4,0.0,5.0,5.0,1.0,Comedy,March,24.0,0.2769,0.1528,0.0233,7.4,7523353.0
396194.0,"Belgium, China, Germany, Italy, Japan, Netherlands",2022.0,it,8.3,0.0,5.0,3.0,1.0,Documentary,February,17.0,0.2887,0.1291,0.0167,8.3,4332386.0
910858.0,"United Kingdom, United States of America",2022.0,en,5.4,0.0,5.0,2.0,1.0,Comedy,November,4.0,0.2661,0.1709,0.0292,5.4,572062.0
730167.0,Australia,2022.0,en,5.559,0.0,5.0,2.0,1.0,Horror,July,14.0,0.2466,0.198,0.0392,5.559,1406501.0
1026563.0,Spain,2022.0,es,5.8,0.0,5.0,2.0,1.0,Drama,November,4.0,0.2982,0.1052,0.0111,5.8,1891519.0
928123.0,"China, Hong Kong",2022.0,zh,6.2,200000000.0,5.0,4.0,3.0,War,February,1.0,0.2812,0.1447,0.0209,6.2,626203271.0
585378.0,United States of America,2022.0,en,6.4,0.0,5.0,2.0,1.0,Science Fiction,March,4.0,0.3098,0.0637,0.0041,6.4,131465.0
837881.0,United States of America,2022.0,en,7.233,32000000.0,5.0,2.0,1.0,Drama,November,17.0,0.2791,0.1486,0.0221,7.233,13900000.0
880841.0,United States of America,2022.0,en,5.9,0.0,5.0,3.0,1.0,Horror,June,17.0,0.2619,0.1773,0.0314,5.9,60500.0
678287.0,"Hong Kong, United Kingdom, United States of America",2022.0,en,5.0,0.0,5.0,4.0,1.0,Animation,April,28.0,0.2728,0.1599,0.0256,5.0,1379888.0
801913.0,United States of America,2022.0,en,5.3,0.0,5.0,3.0,1.0,Comedy,July,29.0,0.2414,0.2043,0.0417,5.3,68598.0
914216.0,"France, United Kingdom",2022.0,en,6.522,0.0,5.0,3.0,1.0,Comedy,October,7.0,0.2907,0.1244,0.0155,6.522,1183336.0
1024546.0,United States of America,2022.0,en,6.2,0.0,5.0,3.0,1.0,Action,October,21.0,0.2818,0.1435,0.0206,6.2,95244.0
1004663.0,United States of America,2022.0,en,7.4,0.0,5.0,1.0,1.0,Documentary,November,23.0,0.2656,0.1717,0.0295,7.4,1483975.0
925786.0,Indonesia,2022.0,id,7.0,900000.0,5.0,3.0,1.0,Drama,July,30.0,0.2711,0.1629,0.0265,7.0,5909528.0
714888.0,"Argentina, United Kingdom",2022.0,es,7.9,20000000.0,5.0,3.0,1.0,Drama,September,29.0,0.2906,0.1246,0.0155,7.9,58424000.0
782054.0,Japan,2022.0,ja,6.0,0.0,5.0,4.0,1.0,Animation,March,4.0,0.2929,0.1192,0.0142,6.0,22044058.0
872497.0,United States of America,2022.0,en,6.1,0.0,5.0,3.0,1.0,Drama,July,29.0,0.2683,0.1673,0.028,6.1,159780.0
833339.0,"Denmark, Netherlands",2022.0,da,6.6,3200000.0,5.0,3.0,1.0,Horror,March,17.0,0.2714,0.1622,0.0263,6.6,631249.0
1020696.0,other,2022.0,en,6.1,0.0,5.0,2.0,1.0,Horror,December,9.0,0.2716,0.162,0.0262,6.1,356840.0
504827.0,United States of America,2022.0,en,7.0,38000000.0,5.0,3.0,2.0,Animation,May,26.0,0.2449,0.2,0.04,7.0,34148750.0
803700.0,"Belgium, France, Italy, United Kingdom",2022.0,it,7.638,0.0,5.0,1.0,2.0,Drama,December,21.0,0.2654,0.1719,0.0296,7.638,9494985.0
615952.0,"Brazil, United States of America",2022.0,en,6.5,15000000.0,5.0,1.0,1.0,Drama,October,28.0,0.3068,0.0768,0.0059,6.5,6524886.0
599019.0,"Russia, Hungary",2022.0,ru,6.6,0.0,5.0,4.0,1.0,Animation,October,7.0,0.2484,0.1958,0.0383,6.6,5534875.0
892527.0,"Belgium, France",2022.0,fr,6.4,0.0,5.0,3.0,1.0,Adventure,February,16.0,0.2814,0.1443,0.0208,6.4,2551835.0
477462.0,Finland,2022.0,en,5.8,2620000.0,5.0,2.0,1.0,Horror,April,6.0,0.2502,0.1934,0.0374,5.8,492000.0
664332.0,India,2022.0,hi,7.4,12000000.0,5.0,3.0,1.0,Crime,February,24.0,0.2582,0.1826,0.0333,7.4,25300000.0
614939.0,United States of America,2022.0,en,6.7,22000000.0,5.0,2.0,1.0,Comedy,September,30.0,0.2177,0.2293,0.0526,6.7,14800000.0
788977.0,"Denmark, Finland, France, Sweden",2022.0,sv,6.71,7047000.0,5.0,1.0,1.0,Thriller,October,26.0,0.2862,0.1346,0.0181,6.71,3646605.0
743563.0,India,2022.0,ta,7.7,15354648.0,5.0,3.0,1.0,Action,June,2.0,0.2863,0.1344,0.0181,7.7,54172014.0
848685.0,"France, Spain",2022.0,gl,7.5,3900000.0,5.0,2.0,1.0,Thriller,July,20.0,0.2804,0.1463,0.0214,7.5,10238603.0
746333.0,"Belgium, France",2022.0,fr,6.4,0.0,5.0,3.0,1.0,Comedy,February,2.0,0.2488,0.1952,0.0381,6.4,7375119.0
760099.0,"Japan, Sweden, United Kingdom",2022.0,en,7.0,10000000.0,5.0,1.0,1.0,Drama,November,4.0,0.2629,0.1757,0.0309,7.0,6999027.0
696157.0,United States of America,2022.0,en,7.0,50000000.0,5.0,3.0,1.0,Music,December,20.0,0.2836,0.1399,0.0196,7.0,59800000.0
872177.0,United States of America,2022.0,en,5.0,0.0,5.0,4.0,1.0,Science Fiction,April,29.0,0.281,0.1451,0.0211,5.0,34489.0
777245.0,United States of America,2022.0,en,6.9,20000000.0,5.0,1.0,1.0,Drama,December,23.0,0.2828,0.1414,0.02,6.9,7589419.0
850028.0,"Canada, United States of America",2022.0,en,5.7,4000000.0,5.0,3.0,1.0,Thriller,December,30.0,0.2626,0.1762,0.031,5.7,121067.0
833417.0,France,2022.0,fr,7.076,3000000.0,5.0,2.0,1.0,Drama,March,16.0,0.2837,0.1397,0.0195,7.076,42566.0
586352.0,Russia,2022.0,ru,7.4,0.0,5.0,6.0,1.0,Animation,June,9.0,0.2694,0.1656,0.0274,7.4,3535910.0
645992.0,Norway,2022.0,no,6.5,0.0,5.0,2.0,1.0,Animation,December,25.0,0.2753,0.1557,0.0242,6.5,4061822.0
854006.0,Japan,2022.0,ja,5.7,0.0,5.0,3.0,1.0,Horror,February,18.0,0.2593,0.181,0.0328,5.7,2782770.0
660046.0,India,2022.0,ta,7.1,29500000.0,5.0,3.0,1.0,Action,September,30.0,0.2704,0.164,0.0269,7.1,59000000.0
543504.0,Hong Kong,2022.0,cn,6.7,0.0,5.0,4.0,1.0,Action,July,8.0,0.2864,0.134,0.018,6.7,105500000.0
793269.0,United States of America,2022.0,en,5.2,0.0,5.0,3.0,1.0,Adventure,January,7.0,0.2609,0.1787,0.0319,5.2,835162.0
894803.0,India,2022.0,te,7.8,3400000.0,5.0,3.0,1.0,History,August,5.0,0.2818,0.1435,0.0206,7.8,11800000.0
883083.0,"Australia, United Kingdom",2022.0,mk,6.6,0.0,5.0,2.0,1.0,Horror,April,1.0,0.2772,0.1523,0.0232,6.6,125000.0
683340.0,United States of America,2022.0,en,6.628,0.0,5.0,3.0,1.0,Comedy,July,29.0,0.2795,0.1479,0.0219,6.628,4225720.0
916405.0,Ireland,2022.0,ga,7.499,1.0,5.0,1.0,1.0,Drama,May,12.0,0.2971,0.1083,0.0117,7.499,6.0
895744.0,United States of America,2022.0,en,5.9,0.0,5.0,3.0,1.0,Horror,February,24.0,0.2848,0.1374,0.0189,5.9,3018515.0
962543.0,"France, United States of America",2022.0,fr,6.795,2600000.0,5.0,2.0,2.0,Drama,December,7.0,0.2945,0.1152,0.0133,6.795,19833.0
874355.0,"Canada, United States of America",2022.0,en,5.5,0.0,5.0,3.0,1.0,Drama,July,15.0,0.279,0.1489,0.0222,5.5,123833.0
724665.0,United States of America,2022.0,en,6.3,20000000.0,5.0,3.0,1.0,Comedy,September,16.0,0.2335,0.2133,0.0455,6.3,500000.0
744594.0,"United Kingdom, United States of America",2022.0,en,5.6,100000000.0,5.0,2.0,1.0,Comedy,November,25.0,0.288,0.1306,0.017,5.6,71476.0
893086.0,"United States of America, Latvia",2022.0,en,6.6,105.0,5.0,2.0,1.0,Thriller,June,17.0,0.284,0.139,0.0193,6.6,94909.0
886083.0,"United States of America, United Kingdom",2022.0,en,6.217,0.0,5.0,2.0,2.0,Horror,October,20.0,0.2777,0.1512,0.0229,6.217,1031519.0
826680.0,"United Kingdom, United States of America",2022.0,en,6.5,0.0,5.0,3.0,1.0,Drama,July,15.0,0.2566,0.1849,0.0342,6.5,457433.0
814757.0,"United Kingdom, United States of America",2022.0,en,6.7,13500000.0,5.0,2.0,1.0,Drama,December,9.0,0.3016,0.0952,0.0091,6.7,11395604.0
957457.0,"Germany, United States of America",2022.0,en,7.5,0.0,5.0,2.0,1.0,Documentary,September,15.0,0.2502,0.1934,0.0374,7.5,10680627.0
854359.0,"France, Mexico, Sweden",2022.0,en,6.2,0.0,5.0,1.0,1.0,Drama,January,28.0,0.284,0.139,0.0193,6.2,229257.0
642538.0,Japan,2022.0,ja,7.3,0.0,5.0,5.0,1.0,Animation,May,28.0,0.2771,0.1525,0.0232,7.3,897000.0
707103.0,"Australia, United Kingdom",2022.0,en,7.0,0.0,5.0,3.0,1.0,History,October,14.0,0.2449,0.2,0.04,7.0,1859871.0
267805.0,"United States of America, Mexico",2022.0,en,5.2,0.0,5.0,3.0,1.0,Action,May,27.0,0.2697,0.1651,0.0273,5.2,108738.0
926946.0,Germany,2022.0,de,6.3,0.0,5.0,3.0,1.0,Family,September,29.0,0.2734,0.1589,0.0253,6.3,19724705.0
566466.0,Japan,2022.0,ja,7.7,0.0,5.0,2.0,1.0,Animation,July,1.0,0.291,0.1239,0.0153,7.7,7283918.0
587092.0,"Belgium, France, Spain",2022.0,es,7.6,0.0,5.0,5.0,1.0,Action,October,21.0,0.294,0.1166,0.0136,7.6,28809.0
875279.0,China,2022.0,zh,5.6,0.0,5.0,2.0,1.0,Action,October,13.0,0.2475,0.1968,0.0387,5.6,9692.0
883502.0,United States of America,2022.0,en,5.3,22000000.0,5.0,3.0,1.0,Action,April,29.0,0.2648,0.1728,0.0299,5.3,69075.0
948333.0,"United Kingdom, United States of America",2022.0,en,5.5,0.0,5.0,1.0,1.0,Thriller,August,26.0,0.2475,0.1968,0.0387,5.5,42195.0
691214.0,"France, French Polynesia, Germany, Portugal, Spain",2022.0,fr,6.404,0.0,5.0,2.0,1.0,Drama,September,2.0,0.2701,0.1645,0.0271,6.404,416721.0
714676.0,United States of America,2022.0,en,5.8,19500000.0,5.0,2.0,1.0,Thriller,March,18.0,0.268,0.1678,0.0282,5.8,373043.0
808087.0,"United States of America, Luxembourg",2022.0,en,5.6,0.0,5.0,3.0,1.0,Comedy,August,12.0,0.2954,0.1128,0.0127,5.6,2535459.0
982752.0,United States of America,2022.0,en,5.9,0.0,5.0,4.0,1.0,Mystery,July,15.0,0.263,0.1757,0.0309,5.9,116699.0
811656.0,"Australia, United States of America",2022.0,en,5.9,0.0,5.0,3.0,1.0,Horror,May,13.0,0.2769,0.1528,0.0233,5.9,138450.0
629015.0,United States of America,2022.0,en,6.8,0.0,4.0,3.0,1.0,Thriller,March,24.0,0.2659,0.1712,0.0293,6.8,304106.0
955666.0,Japan,2022.0,ja,7.2,0.0,5.0,2.0,1.0,Animation,April,22.0,0.2967,0.1094,0.012,7.2,20617005.0
893366.0,"Canada, France, Luxembourg",2022.0,fr,6.9,0.0,5.0,2.0,2.0,Animation,February,15.0,0.2506,0.1928,0.0372,6.9,3813788.0
854239.0,"United Kingdom, United States of America",2022.0,en,7.4,33000000.0,5.0,2.0,1.0,Drama,October,14.0,0.2903,0.1254,0.0157,7.4,11498884.0
635891.0,United States of America,2022.0,en,6.024,7000000.0,5.0,2.0,1.0,Comedy,September,4.0,0.2988,0.1037,0.0107,6.024,4717597.0
622082.0,United Kingdom,2022.0,en,6.6,0.0,5.0,2.0,1.0,Drama,September,16.0,0.278,0.1508,0.0227,6.6,52885.0
999205.0,"Mauritius, United States of America",2022.0,en,6.3,0.0,5.0,3.0,1.0,Action,August,31.0,0.2896,0.127,0.0161,6.3,30556.0
747779.0,"France, Germany, United Kingdom",2022.0,fr,6.5,0.0,5.0,2.0,1.0,Romance,October,5.0,0.2593,0.181,0.0328,6.5,1380392.0
912726.0,"Germany, Italy, Netherlands",2022.0,de,6.5,0.0,5.0,4.0,1.0,History,October,27.0,0.2566,0.1849,0.0342,6.5,9598008.0
892515.0,France,2022.0,fr,6.8,14000000.0,5.0,4.0,1.0,Comedy,November,1.0,0.2592,0.1811,0.0328,6.8,6667598.0
841733.0,"United Kingdom, United States of America",2022.0,en,6.4,0.0,5.0,3.0,1.0,Drama,October,7.0,0.2413,0.2043,0.0418,6.4,121000.0
791333.0,Spain,2022.0,es,6.3,0.0,5.0,1.0,1.0,Comedy,October,28.0,0.2883,0.13,0.0169,6.3,4683403.0
852438.0,France,2022.0,fr,6.8,4300000.0,5.0,2.0,1.0,Horror,May,18.0,0.2844,0.1383,0.0191,6.8,2046233.0
776501.0,United States of America,2022.0,en,5.3,0.0,5.0,2.0,1.0,Drama,April,15.0,0.2741,0.1576,0.0248,5.3,96206.0
959558.0,Netherlands,2022.0,nl,5.904,0.0,5.0,3.0,1.0,Horror,May,19.0,0.2818,0.1435,0.0206,5.904,558917.0
771077.0,"Belgium, France",2022.0,fr,7.4,7780000.0,5.0,2.0,1.0,Comedy,March,30.0,0.2556,0.1862,0.0347,7.4,11196824.0
785398.0,"Italy, Poland",2022.0,pl,6.518,0.0,5.0,2.0,1.0,Drama,September,30.0,0.2772,0.1523,0.0232,6.518,1068353.0
931404.0,China,2022.0,zh,6.3,0.0,5.0,5.0,1.0,Animation,February,1.0,0.2828,0.1414,0.02,6.3,152000000.0
925102.0,"Belgium, France, United States of America",2022.0,fr,7.0,0.0,5.0,3.0,1.0,Crime,July,13.0,0.2722,0.161,0.0259,7.0,3467232.0
892835.0,"Mexico, United Kingdom, United States of America",2022.0,en,5.556,0.0,5.0,3.0,1.0,Comedy,January,6.0,0.2813,0.1445,0.0209,5.556,398876.0
832544.0,"Indonesia, Malaysia",2022.0,id,7.6,1240864.0,5.0,3.0,1.0,Action,August,25.0,0.3005,0.0984,0.0097,7.6,18612962.0
914203.0,"Belgium, France",2022.0,fr,6.8,0.0,5.0,1.0,2.0,Drama,October,5.0,0.283,0.141,0.0199,6.8,575385.0
747803.0,"Ireland, United Kingdom, United States of America",2022.0,en,5.9,5000000.0,5.0,3.0,1.0,Action,September,2.0,0.2944,0.1155,0.0134,5.9,30272.0
855810.0,Spain,2022.0,es,6.3,0.0,5.0,1.0,1.0,Comedy,September,16.0,0.2711,0.1629,0.0265,6.3,2035911.0
1047431.0,United States of America,2022.0,en,6.8,7000000.0,5.0,2.0,1.0,Family,November,22.0,0.2837,0.1397,0.0195,6.8,18600000.0
829503.0,"United Kingdom, United States of America, Switzerland",2022.0,en,7.7,0.0,5.0,1.0,1.0,Drama,September,2.0,0.2582,0.1826,0.0333,7.7,2280590.0
790867.0,"Ireland, United Kingdom",2022.0,en,6.0,0.0,5.0,2.0,1.0,Drama,December,2.0,0.2316,0.2153,0.0463,6.0,568330.0
517302.0,"Belgium, Finland, Norway, Sweden",2022.0,fi,6.3,3896000.0,5.0,3.0,1.0,Horror,March,4.0,0.2525,0.1904,0.0363,6.3,508000.0
962558.0,Iran,2022.0,fa,7.7,0.0,5.0,1.0,1.0,Drama,August,24.0,0.3015,0.0953,0.0091,7.7,785361.0
735697.0,France,2022.0,fr,6.035,4340000.0,5.0,4.0,1.0,Comedy,June,15.0,0.2705,0.1638,0.0268,6.035,2329813.0
610411.0,"Estonia, Finland, Latvia, Lithuania, Luxembourg, Ukraine",2022.0,et,5.9,1591000.0,5.0,3.0,1.0,Family,December,9.0,0.2656,0.1717,0.0295,5.9,13877.0
752564.0,"Belgium, France",2022.0,fr,5.8,7000000.0,5.0,2.0,1.0,Mystery,February,23.0,0.3018,0.0945,0.0089,5.8,5934907.0
772071.0,"Mexico, United States of America",2022.0,es,8.4,0.0,5.0,2.0,1.0,Comedy,September,14.0,0.2914,0.1227,0.0151,8.4,587339.0
940417.0,Japan,2022.0,ja,4.6,0.0,5.0,3.0,1.0,Horror,October,28.0,0.2832,0.1406,0.0198,4.6,2352175.0
948163.0,"Canada, United States of America",2022.0,en,7.6,0.0,5.0,4.0,1.0,Science Fiction,August,19.0,0.2335,0.2132,0.0455,7.6,859340.0
919570.0,"Belgium, France, Romania, Sweden",2022.0,ro,6.98,0.0,5.0,1.0,1.0,Drama,June,3.0,0.2817,0.1436,0.0206,6.98,450255.0
888321.0,"Austria, France, Germany, Luxembourg",2022.0,de,6.2,7580600.0,5.0,2.0,1.0,Drama,July,7.0,0.2853,0.1364,0.0186,6.2,3092534.0
865498.0,France,2022.0,fr,6.0,0.0,5.0,1.0,1.0,Comedy,October,19.0,0.2885,0.1294,0.0167,6.0,7295051.0
788734.0,"Norway, Sweden",2022.0,no,7.2,0.0,5.0,2.0,1.0,Comedy,September,30.0,0.2523,0.1907,0.0364,7.2,1051375.0
946127.0,"Canada, France",2022.0,fr,6.9,0.0,5.0,3.0,1.0,Drama,October,14.0,0.2547,0.1874,0.0351,6.9,155392.0
821420.0,United States of America,2022.0,en,6.3,0.0,5.0,2.0,1.0,Thriller,February,11.0,0.265,0.1725,0.0298,6.3,33674.0
913814.0,United Kingdom,2022.0,en,6.322,1200000.0,5.0,3.0,1.0,Comedy,June,17.0,0.2874,0.132,0.0174,6.322,216220.0
823147.0,United States of America,2022.0,en,7.003,0.0,5.0,1.0,1.0,Drama,October,7.0,0.2753,0.1556,0.0242,7.003,27322.0
934131.0,United States of America,2022.0,en,6.4,0.0,5.0,2.0,1.0,Horror,November,4.0,0.2929,0.1193,0.0142,6.4,2976.0
960206.0,"Denmark, France, Iceland, Sweden",2022.0,da,6.9,5000000.0,5.0,1.0,1.0,Drama,December,1.0,0.2828,0.1414,0.02,6.9,1560518.0
925943.0,France,2022.0,fr,6.2,0.0,5.0,2.0,1.0,Drama,November,23.0,0.2528,0.19,0.0361,6.2,823074.0
671318.0,United States of America,2022.0,en,7.5,0.0,5.0,2.0,1.0,Comedy,April,7.0,0.2359,0.2106,0.0444,7.5,1478358.0
1033052.0,United States of America,2022.0,en,6.3,0.0,5.0,2.0,1.0,Horror,December,8.0,0.2621,0.1769,0.0313,6.3,1000884.0
823951.0,"Belgium, France",2022.0,fr,7.073,17700000.0,5.0,3.0,1.0,Crime,October,5.0,0.2384,0.2078,0.0432,7.073,18114769.0
952701.0,"Belgium, Cambodia, France, Germany, Romania, South Korea",2022.0,fr,6.2,0.0,5.0,1.0,1.0,Drama,November,18.0,0.304,0.087,0.0076,6.2,1594998.0
820697.0,France,2022.0,fr,6.864,3370000.0,5.0,3.0,1.0,Drama,August,31.0,0.2343,0.2124,0.0451,6.864,46666.0
799177.0,India,2022.0,hi,6.7,7350000.0,5.0,2.0,1.0,Horror,November,25.0,0.294,0.1165,0.0136,6.7,10911075.0
945840.0,United States of America,2022.0,en,5.219,0.0,5.0,3.0,1.0,Action,July,29.0,0.2933,0.1182,0.014,5.219,11795.0
845140.0,"France, United States of America",2022.0,fr,6.5,0.0,5.0,2.0,1.0,Comedy,January,20.0,0.2843,0.1385,0.0192,6.5,3285760.0
757341.0,"Belgium, France",2022.0,fr,5.411,5000000.0,5.0,2.0,1.0,Romance,January,19.0,0.2474,0.197,0.0388,5.411,1085112.0
695962.0,India,2022.0,hi,6.4,8400000.0,5.0,2.0,1.0,Horror,May,20.0,0.2599,0.1802,0.0325,6.4,32000000.0
865686.0,United States of America,2022.0,en,4.9,0.0,5.0,2.0,2.0,Comedy,May,20.0,0.2841,0.1388,0.0193,4.9,21348.0
804251.0,Spain,2022.0,ca,6.773,10250000.0,5.0,1.0,1.0,Drama,April,29.0,0.2588,0.1817,0.033,6.773,3324521.0
836202.0,France,2022.0,fr,4.9,4800000.0,5.0,1.0,1.0,Drama,May,20.0,0.2533,0.1894,0.0359,4.9,369419.0
895659.0,France,2022.0,fr,6.8,4300000.0,5.0,1.0,1.0,Drama,May,4.0,0.3006,0.0983,0.0097,6.8,1512938.0
919573.0,France,2022.0,fr,6.8,4000000.0,5.0,3.0,1.0,Comedy,October,12.0,0.2656,0.1716,0.0294,6.8,5175806.0
910371.0,Japan,2022.0,ja,7.1,0.0,5.0,5.0,1.0,Action,September,16.0,0.2683,0.1673,0.028,7.1,3744712.0
573787.0,South Korea,2022.0,ko,7.1,0.0,5.0,2.0,1.0,Drama,January,26.0,0.2848,0.1374,0.0189,7.1,6019720.0
858485.0,India,2022.0,kn,7.2,1934000.0,5.0,3.0,1.0,Action,September,30.0,0.3038,0.0879,0.0077,7.2,60447800.0
837938.0,United States of America,2022.0,en,6.2,0.0,5.0,1.0,1.0,Drama,November,18.0,0.2967,0.1093,0.012,6.2,270613.0
1029827.0,India,2022.0,hi,7.9,7200000.0,5.0,4.0,1.0,Crime,November,18.0,0.281,0.1451,0.021,7.9,41000000.0
601635.0,India,2022.0,hi,6.5,23000000.0,5.0,4.0,1.0,Drama,August,11.0,0.2717,0.1617,0.0262,6.5,16000000.0
879990.0,United States of America,2022.0,en,5.7,0.0,5.0,4.0,1.0,Mystery,September,15.0,0.2425,0.203,0.0412,5.7,491737.0
915931.0,France,2022.0,fr,7.059,0.0,5.0,1.0,1.0,Drama,September,7.0,0.2769,0.1528,0.0233,7.059,3614838.0
807070.0,"Belgium, France",2022.0,fr,7.2,0.0,5.0,1.0,1.0,Drama,January,27.0,0.2739,0.158,0.025,7.2,222230.0
810389.0,France,2022.0,fr,6.3,4500000.0,5.0,3.0,1.0,Science Fiction,September,7.0,0.2985,0.1044,0.0109,6.3,1946816.0
838148.0,"Brazil, Croatia, Slovenia, United States of America",2022.0,hr,6.4,0.0,5.0,1.0,1.0,Drama,April,8.0,0.2722,0.161,0.0259,6.4,389447.0
947507.0,Norway,2022.0,no,5.5,3800000.0,5.0,3.0,1.0,Animation,September,30.0,0.2951,0.1137,0.0129,5.5,2013434.0
852427.0,"France, United States of America",2022.0,fr,6.369,0.0,5.0,2.0,1.0,Thriller,September,7.0,0.2357,0.2108,0.0444,6.369,4283431.0
1138749.0,St. Kitts and Nevis,2023.0,en,6.096,0.0,5.0,3.0,1.0,Action,July,21.0,0.2474,0.197,0.0388,6.096,39773.0
385687.0,United States of America,2023.0,en,7.1,340000000.0,5.0,3.0,1.0,Action,May,17.0,0.2869,0.1331,0.0177,7.1,704709660.0
502356.0,"Japan, United States of America",2023.0,en,7.6,100000000.0,5.0,5.0,2.0,Animation,April,5.0,0.276,0.1544,0.0238,7.6,1362000000.0
603692.0,"Germany, United States of America",2023.0,en,7.722,90000000.0,5.0,3.0,1.0,Action,March,22.0,0.2943,0.1156,0.0134,7.722,440157245.0
667538.0,United States of America,2023.0,en,7.248,195000000.0,5.0,3.0,1.0,Science Fiction,June,6.0,0.2484,0.1957,0.0383,7.248,441381193.0
872585.0,"United Kingdom, United States of America",2023.0,en,8.1,100000000.0,5.0,2.0,1.0,Drama,July,19.0,0.2919,0.1216,0.0148,8.1,952000000.0
940551.0,United States of America,2023.0,en,7.4,72000000.0,5.0,4.0,1.0,Animation,December,6.0,0.2402,0.2057,0.0423,7.4,298776052.0
569094.0,United States of America,2023.0,en,8.347,100000000.0,5.0,4.0,3.0,Animation,May,31.0,0.2757,0.1548,0.024,8.347,690897910.0
1144962.0,United States of America,2023.0,en,5.4,0.0,5.0,2.0,1.0,Action,June,9.0,0.2717,0.1617,0.0262,5.4,65452.0
575264.0,United States of America,2023.0,en,7.532,291000000.0,5.0,2.0,1.0,Action,July,8.0,0.2772,0.1523,0.0232,7.532,567535383.0
299054.0,"Bulgaria, France, United States of America",2023.0,en,6.137,100000000.0,5.0,3.0,1.0,Action,September,15.0,0.3011,0.0966,0.0093,6.137,37917985.0
976573.0,United States of America,2023.0,en,7.617,200000000.0,5.0,5.0,1.0,Animation,June,14.0,0.2828,0.1414,0.02,7.617,496444308.0
940721.0,Japan,2023.0,ja,7.6,15000000.0,5.0,3.0,1.0,Science Fiction,November,3.0,0.3029,0.0908,0.0082,7.6,115857413.0
944401.0,"France, United States of America",2023.0,fr,7.895,22700000.0,5.0,3.0,1.0,Action,September,27.0,0.2846,0.1378,0.019,7.895,4082217.0
346698.0,"United Kingdom, United States of America",2023.0,en,7.0,145000000.0,5.0,2.0,1.0,Comedy,July,19.0,0.2804,0.1463,0.0214,7.0,1445638421.0
1072790.0,United States of America,2023.0,en,6.9,25000000.0,5.0,2.0,1.0,Romance,December,21.0,0.2765,0.1535,0.0236,6.9,214891370.0
1022796.0,United States of America,2023.0,en,6.3,175000000.0,5.0,4.0,2.0,Animation,November,13.0,0.2687,0.1667,0.0278,6.3,254997360.0
447365.0,United States of America,2023.0,en,7.952,250000000.0,5.0,3.0,1.0,Science Fiction,May,3.0,0.267,0.1695,0.0287,7.952,845600000.0
926393.0,"Italy, United States of America",2023.0,en,7.317,70000000.0,5.0,3.0,1.0,Action,August,30.0,0.2875,0.1317,0.0173,7.317,191067560.0
615656.0,"China, United States of America",2023.0,en,6.45,129000000.0,5.0,3.0,1.0,Action,August,2.0,0.291,0.1237,0.0153,6.45,384056482.0
787699.0,"United Kingdom, United States of America",2023.0,en,7.093,125000000.0,5.0,3.0,1.0,Comedy,December,6.0,0.2816,0.1439,0.0207,7.093,632302312.0
447277.0,United States of America,2023.0,en,6.3,297000000.0,5.0,4.0,1.0,Adventure,May,18.0,0.2804,0.1462,0.0214,6.3,569626289.0
572802.0,United States of America,2023.0,en,6.618,205000000.0,5.0,3.0,1.0,Action,December,20.0,0.2708,0.1633,0.0267,6.618,439381226.0
298618.0,United States of America,2023.0,en,6.67,220000000.0,5.0,3.0,1.0,Adventure,June,13.0,0.2849,0.1372,0.0188,6.67,271333313.0
1008042.0,"Australia, United Kingdom",2023.0,en,7.2,4500000.0,5.0,1.0,2.0,Horror,July,26.0,0.2846,0.1378,0.019,7.2,92000000.0
882569.0,"United Kingdom, United States of America",2023.0,en,7.8,55000000.0,5.0,3.0,1.0,War,April,19.0,0.2656,0.1717,0.0295,7.8,20000000.0
507089.0,United States of America,2023.0,en,7.489,20000000.0,5.0,3.0,1.0,Horror,October,25.0,0.2914,0.1229,0.0151,7.489,297144130.0
792307.0,"Ireland, United Kingdom, United States of America",2023.0,en,7.703,35000000.0,5.0,3.0,1.0,Science Fiction,December,7.0,0.2845,0.138,0.019,7.703,117607117.0
893723.0,"Canada, France, United States of America",2023.0,en,7.0,30000000.0,5.0,7.0,1.0,Animation,September,21.0,0.2764,0.1536,0.0236,7.0,202231360.0
1134433.0,Thailand,2023.0,th,7.6,0.0,5.0,2.0,1.0,Horror,October,25.0,0.2475,0.1969,0.0387,7.6,15150000.0
508883.0,Japan,2023.0,ja,7.448,50000000.0,5.0,5.0,1.0,Animation,July,14.0,0.2762,0.154,0.0237,7.448,294200000.0
713704.0,"Ireland, New Zealand, United States of America",2023.0,en,6.9,15000000.0,5.0,2.0,1.0,Horror,April,12.0,0.253,0.1897,0.036,6.9,146700000.0
968051.0,United States of America,2023.0,en,6.714,38500000.0,5.0,1.0,1.0,Horror,September,6.0,0.2942,0.1159,0.0134,6.714,269670590.0
335977.0,United States of America,2023.0,en,6.56,294700000.0,5.0,2.0,1.0,Adventure,June,25.0,0.2621,0.1769,0.0313,6.56,383963057.0
269509.0,"Canada, United Kingdom",2023.0,en,6.7,10000000.0,5.0,4.0,1.0,Animation,September,22.0,0.2894,0.1274,0.0162,6.7,2000000.0
1017066.0,Poland,2023.0,pl,6.8,0.0,5.0,2.0,1.0,Drama,February,10.0,0.2949,0.1142,0.013,6.8,2318915.0
493529.0,"Canada, United States of America",2023.0,en,7.343,151000000.0,5.0,3.0,2.0,Adventure,March,23.0,0.2818,0.1435,0.0206,7.343,208200000.0
934433.0,United States of America,2023.0,en,7.0,35000000.0,5.0,3.0,2.0,Horror,March,8.0,0.2822,0.1426,0.0203,7.0,168961389.0
901362.0,United States of America,2023.0,en,7.303,95000000.0,5.0,5.0,1.0,Animation,October,12.0,0.2724,0.1606,0.0258,7.303,207318137.0
496450.0,"China, France, Canada",2023.0,fr,7.617,86000000.0,5.0,5.0,1.0,Animation,July,5.0,0.2466,0.198,0.0392,7.617,40208268.0
980489.0,United States of America,2023.0,en,7.767,60000000.0,5.0,3.0,1.0,Adventure,August,9.0,0.2744,0.1571,0.0247,7.767,121700000.0
739405.0,"Turkey, United Kingdom, United States of America",2023.0,en,6.484,50000000.0,5.0,4.0,1.0,Action,January,4.0,0.2793,0.1482,0.022,6.484,37800000.0
609681.0,United States of America,2023.0,en,6.028,274800000.0,5.0,3.0,1.0,Science Fiction,November,8.0,0.264,0.1741,0.0303,6.028,207089999.0
1062807.0,Japan,2023.0,ja,7.0,5000000.0,5.0,4.0,1.0,Animation,December,22.0,0.2435,0.2017,0.0407,7.0,59256423.0
467244.0,"Poland, United Kingdom, United States of America",2023.0,en,7.04,15000000.0,5.0,3.0,1.0,Drama,December,15.0,0.2852,0.1367,0.0187,7.04,52631884.0
856289.0,China,2023.0,zh,7.1,85000000.0,5.0,3.0,1.0,Action,July,15.0,0.2623,0.1766,0.0312,7.1,369081777.0
594767.0,United States of America,2023.0,en,6.492,125000000.0,5.0,3.0,1.0,Comedy,March,15.0,0.28,0.1471,0.0216,6.492,134038006.0
466420.0,United States of America,2023.0,en,7.436,200000000.0,5.0,3.0,1.0,Crime,October,18.0,0.2654,0.172,0.0296,7.436,156922344.0
959092.0,France,2023.0,fr,6.638,4920000.0,5.0,3.0,1.0,Action,June,28.0,0.2596,0.1806,0.0326,6.638,1500000.0
670292.0,"Canada, United States of America",2023.0,en,7.067,80000000.0,5.0,3.0,1.0,Science Fiction,September,27.0,0.2866,0.1337,0.0179,7.067,104272136.0
884605.0,United States of America,2023.0,en,6.755,45000000.0,5.0,2.0,1.0,Comedy,June,15.0,0.2887,0.1291,0.0167,6.755,83000000.0
906126.0,"Spain, United States of America",2023.0,es,8.0,65500000.0,5.0,2.0,1.0,Drama,December,15.0,0.2905,0.1248,0.0156,8.0,1281.0
955555.0,South Korea,2023.0,ko,7.2,0.0,5.0,5.0,1.0,Action,May,31.0,0.27,0.1646,0.0271,7.2,83410298.0
565770.0,United States of America,2023.0,en,6.712,104000000.0,5.0,3.0,1.0,Action,August,16.0,0.261,0.1786,0.0319,6.712,130788072.0
753342.0,United States of America,2023.0,en,6.4,165000000.0,5.0,3.0,1.0,History,November,22.0,0.2868,0.1333,0.0178,6.4,220597098.0
820525.0,United States of America,2023.0,en,6.903,14000000.0,5.0,2.0,1.0,Romance,September,13.0,0.2682,0.1676,0.0281,6.903,10644463.0
758323.0,United States of America,2023.0,en,7.0,18000000.0,5.0,2.0,1.0,Horror,April,5.0,0.299,0.1031,0.0106,7.0,76987621.0
695721.0,"Germany, United States of America",2023.0,en,7.038,100000000.0,5.0,6.0,1.0,Drama,November,15.0,0.2846,0.1378,0.019,7.038,337371917.0
459003.0,Ukraine,2023.0,uk,7.202,5000000.0,5.0,4.0,2.0,Animation,March,2.0,0.2623,0.1767,0.0312,7.202,17974964.0
677179.0,United States of America,2023.0,en,7.1,75000000.0,5.0,2.0,1.0,Drama,March,1.0,0.2429,0.2024,0.041,7.1,275300000.0
1040148.0,United States of America,2023.0,en,7.2,70000000.0,5.0,4.0,1.0,Animation,June,28.0,0.2359,0.2106,0.0443,7.2,46247409.0
614930.0,"Canada, France, United States of America",2023.0,en,7.2,75000000.0,5.0,4.0,1.0,Animation,July,31.0,0.2222,0.225,0.0506,7.2,180513586.0
897087.0,"United States of America, United Kingdom",2023.0,en,6.5,40000000.0,5.0,2.0,1.0,Action,October,5.0,0.2556,0.1862,0.0347,6.5,9112817.0
951491.0,United States of America,2023.0,en,7.2,13000000.0,5.0,3.0,1.0,Horror,September,27.0,0.2667,0.17,0.0289,7.2,125319714.0
640146.0,United States of America,2023.0,en,6.297,388369742.0,5.0,3.0,1.0,Action,February,15.0,0.2555,0.1863,0.0347,6.297,476071180.0
614479.0,United States of America,2023.0,en,6.6,16000000.0,5.0,2.0,1.0,Horror,July,5.0,0.2794,0.1481,0.0219,6.6,189086877.0
1071215.0,United States of America,2023.0,en,6.531,15000000.0,5.0,4.0,1.0,Horror,November,16.0,0.2954,0.1128,0.0127,6.531,46553280.0
1088563.0,Germany,2023.0,de,6.8,0.0,5.0,2.0,1.0,Adventure,July,27.0,0.2901,0.1258,0.0158,6.8,4918295.0
878361.0,United States of America,2023.0,en,7.533,32000000.0,5.0,2.0,1.0,History,April,27.0,0.2804,0.1463,0.0214,7.533,3800000.0
678512.0,United States of America,2023.0,en,8.0,14500000.0,5.0,2.0,1.0,Action,July,3.0,0.2769,0.1528,0.0233,8.0,250600000.0
807172.0,United States of America,2023.0,en,5.899,30000000.0,5.0,2.0,1.0,Horror,October,4.0,0.2973,0.1079,0.0116,5.899,136284218.0
1047041.0,Japan,2023.0,ja,6.9,0.0,5.0,4.0,1.0,Animation,April,14.0,0.2818,0.1434,0.0206,6.9,106771806.0
762430.0,"France, Germany, United States of America",2023.0,en,6.607,20000000.0,5.0,3.0,1.0,Thriller,August,23.0,0.2949,0.1142,0.013,6.607,18685751.0
838240.0,"France, Spain",2023.0,es,8.0,5300000.0,5.0,4.0,1.0,Animation,December,6.0,0.2866,0.1337,0.0179,8.0,4656348.0
845783.0,"Germany, United Kingdom",2023.0,en,6.563,0.0,5.0,1.0,1.0,Horror,December,28.0,0.2998,0.1005,0.0101,6.563,6671780.0
1016121.0,United States of America,2023.0,en,6.68,25000000.0,5.0,3.0,1.0,Romance,April,4.0,0.3002,0.0993,0.0099,6.68,6850036.0
1016346.0,"Bangladesh, United States of America",2023.0,bn,6.463,6700000.0,5.0,3.0,1.0,Action,August,25.0,0.2867,0.1335,0.0178,6.463,7100000.0
1083862.0,Japan,2023.0,ja,7.3,0.0,5.0,3.0,1.0,Animation,June,22.0,0.2818,0.1435,0.0206,7.3,53929.0
915935.0,France,2023.0,fr,7.549,6700000.0,5.0,3.0,1.0,Thriller,August,23.0,0.2858,0.1354,0.0183,7.549,35634133.0
700391.0,"Canada, United States of America",2023.0,en,6.0,45000000.0,5.0,3.0,2.0,Action,March,2.0,0.2828,0.1414,0.02,6.0,60730568.0
1024721.0,Australia,2023.0,en,6.0,0.0,5.0,4.0,1.0,Horror,October,26.0,0.265,0.1726,0.0298,6.0,12480.0
666277.0,"South Korea, United States of America",2023.0,en,7.7,12000000.0,5.0,2.0,1.0,Drama,June,2.0,0.2785,0.1497,0.0224,7.7,28126646.0
1020006.0,"Italy, United States of America",2023.0,en,6.8,20000000.0,5.0,2.0,1.0,Drama,October,27.0,0.2558,0.1859,0.0345,6.8,30140906.0
660360.0,South Korea,2023.0,ko,6.3,40000000.0,5.0,4.0,1.0,War,December,20.0,0.291,0.1238,0.0153,6.3,34210966.0
845111.0,"Belgium, France, Germany, Spain",2023.0,fr,6.442,39000000.0,5.0,4.0,1.0,Adventure,December,13.0,0.28,0.147,0.0216,6.442,21730766.0
964980.0,United States of America,2023.0,en,7.337,80000000.0,5.0,2.0,1.0,Drama,April,5.0,0.2944,0.1155,0.0133,7.337,90100000.0
744857.0,"Argentina, United States of America",2023.0,es,7.29,0.0,5.0,2.0,1.0,Horror,October,5.0,0.2518,0.1913,0.0366,7.29,1743976.0
646389.0,"United Kingdom, United States of America",2023.0,en,6.9,25000000.0,5.0,3.0,1.0,Action,January,12.0,0.272,0.1614,0.026,6.9,74515586.0
976893.0,"Germany, Japan",2023.0,ja,7.75,14000000.0,5.0,1.0,1.0,Drama,November,10.0,0.2701,0.1644,0.027,7.75,24094016.0
842675.0,China,2023.0,zh,7.271,73800000.0,5.0,1.0,1.0,Science Fiction,January,22.0,0.2804,0.1463,0.0214,7.271,615023132.0
1086591.0,Japan,2023.0,ja,7.6,0.0,5.0,3.0,1.0,Animation,December,1.0,0.2556,0.1863,0.0347,7.6,2050242.0
455476.0,"United States of America, Japan, Hungary",2023.0,en,6.365,60000000.0,5.0,3.0,1.0,Fantasy,April,27.0,0.2895,0.1273,0.0162,6.365,7000000.0
912916.0,United States of America,2023.0,en,7.1,0.0,5.0,3.0,1.0,Romance,October,19.0,0.3,0.1,0.01,7.1,168000.0
1063879.0,France,2023.0,fr,6.7,0.0,5.0,2.0,1.0,Horror,December,27.0,0.2979,0.106,0.0112,6.7,2110014.0
840430.0,United States of America,2023.0,en,7.7,13000000.0,5.0,2.0,1.0,Comedy,October,27.0,0.2855,0.1359,0.0185,7.7,42513270.0
1015303.0,"Canada, United Kingdom, United States of America",2023.0,en,4.881,0.0,5.0,1.0,1.0,Horror,July,12.0,0.2689,0.1664,0.0277,4.881,302271.0
709631.0,United States of America,2023.0,en,6.5,0.0,5.0,1.0,1.0,Horror,July,19.0,0.2925,0.1201,0.0144,6.5,5569593.0
536437.0,"United Kingdom, United States of America",2023.0,en,6.229,70000000.0,5.0,4.0,1.0,Mystery,May,11.0,0.2907,0.1245,0.0155,6.229,16014123.0
1058694.0,"Mexico, United States of America",2023.0,es,8.4,10000000.0,5.0,1.0,1.0,Drama,October,19.0,0.2897,0.1268,0.0161,8.4,21761164.0
1026227.0,"Italy, United Kingdom",2023.0,it,8.143,9000000.0,5.0,4.0,1.0,Drama,October,26.0,0.305,0.0835,0.007,8.143,49849677.0
1059264.0,"Belgium, France, Spain",2023.0,en,6.4,0.0,5.0,4.0,1.0,Animation,September,1.0,0.2621,0.177,0.0313,6.4,311198.0
930564.0,"United Kingdom, United States of America",2023.0,en,7.0,20000000.0,5.0,3.0,1.0,Drama,November,16.0,0.2687,0.1668,0.0278,7.0,21013738.0
1075175.0,"Belgium, France, Greece, United Kingdom",2023.0,en,6.3,0.0,5.0,1.0,1.0,Drama,November,2.0,0.2324,0.2145,0.046,6.3,1216642.0
956964.0,"Belgium, France",2023.0,fr,6.9,3700000.0,5.0,2.0,1.0,History,October,11.0,0.2949,0.1141,0.013,6.9,4710394.0
717930.0,"United Arab Emirates, United States of America",2023.0,en,6.8,30000000.0,5.0,2.0,1.0,Action,May,25.0,0.2654,0.172,0.0296,6.8,9400000.0
605886.0,United States of America,2023.0,en,6.884,0.0,5.0,3.0,1.0,Thriller,April,6.0,0.2661,0.1709,0.0292,6.884,3138750.0
1160164.0,United States of America,2023.0,en,8.2,15000000.0,5.0,1.0,1.0,Music,October,13.0,0.254,0.1884,0.0355,8.2,261656269.0
635910.0,"Germany, India, United Kingdom, United States of America",2023.0,en,6.783,45000000.0,5.0,3.0,1.0,Fantasy,August,9.0,0.2887,0.1291,0.0167,6.783,21600000.0
966576.0,United States of America,2023.0,en,5.023,0.0,5.0,2.0,1.0,Adventure,June,22.0,0.2916,0.1223,0.015,5.023,107398.0
631842.0,United States of America,2023.0,en,6.3,20000000.0,5.0,3.0,1.0,Horror,February,1.0,0.2557,0.186,0.0346,6.3,54700000.0
804150.0,United States of America,2023.0,en,6.039,32500000.0,6.0,3.0,1.0,Thriller,February,22.0,0.2466,0.198,0.0392,6.039,88314672.0
643215.0,"Belgium, France",2023.0,fr,4.9,72000000.0,5.0,3.0,1.0,Family,February,1.0,0.2789,0.149,0.0222,4.9,46497678.0
912908.0,United States of America,2023.0,en,7.2,46000000.0,5.0,2.0,1.0,Comedy,August,17.0,0.2718,0.1616,0.0261,7.2,32000000.0
779816.0,United States of America,2023.0,en,8.0,20000000.0,5.0,1.0,1.0,Drama,October,25.0,0.2931,0.1186,0.0141,8.0,8799528.0
667216.0,"Canada, France, Hungary, United States of America",2023.0,en,6.1,4500000.0,5.0,2.0,1.0,Horror,January,27.0,0.2813,0.1445,0.0209,6.1,5078400.0
939335.0,United States of America,2023.0,en,6.5,0.0,5.0,2.0,1.0,Action,September,29.0,0.2915,0.1227,0.0151,6.5,7807.0
994108.0,"United Kingdom, United States of America",2023.0,en,7.472,5000000.0,5.0,3.0,1.0,Romance,December,22.0,0.2889,0.1287,0.0166,7.472,14864960.0
1078012.0,China,2023.0,zh,6.5,0.0,5.0,5.0,2.0,Animation,January,22.0,0.2967,0.1094,0.012,6.5,221982308.0
649609.0,United States of America,2023.0,en,6.496,65000000.0,5.0,3.0,1.0,Comedy,April,7.0,0.2655,0.1718,0.0295,6.496,26874347.0
912480.0,Canada,2023.0,fr,7.1,0.0,5.0,3.0,1.0,Drama,August,11.0,0.2801,0.1467,0.0215,7.1,88902.0
664341.0,"United Kingdom, United States of America",2023.0,en,6.01,16000000.0,5.0,1.0,1.0,Thriller,December,1.0,0.286,0.1349,0.0182,6.01,1560142.0
1046090.0,Taiwan,2023.0,zh,7.3,0.0,5.0,3.0,1.0,Crime,October,6.0,0.2915,0.1226,0.015,7.3,91608950.0
770906.0,India,2023.0,te,6.8,34000000.0,5.0,3.0,1.0,Action,December,21.0,0.2846,0.1378,0.019,6.8,87229100.0
990140.0,"China, Hong Kong",2023.0,cn,6.4,0.0,5.0,1.0,2.0,Action,January,16.0,0.2466,0.198,0.0392,6.4,159959.0
945729.0,"United Kingdom, United States of America",2023.0,en,6.607,60000000.0,5.0,3.0,1.0,Mystery,September,13.0,0.2929,0.1191,0.0142,6.607,121400000.0
872906.0,India,2023.0,hi,7.145,36150000.0,5.0,3.0,1.0,Action,September,7.0,0.2803,0.1464,0.0214,7.145,136698671.0
1056360.0,United States of America,2023.0,en,7.317,16000000.0,5.0,2.0,1.0,Comedy,November,10.0,0.2753,0.1556,0.0242,7.317,22483370.0
747188.0,United States of America,2023.0,en,6.464,25000000.0,5.0,2.0,1.0,Comedy,June,8.0,0.2881,0.1304,0.017,6.464,47281670.0
781732.0,India,2023.0,hi,6.363,13000000.0,5.0,3.0,1.0,Action,December,1.0,0.2838,0.1395,0.0195,6.363,108300000.0
870518.0,"France, United States of America, Russia",2023.0,en,6.1,0.0,5.0,2.0,1.0,Drama,April,6.0,0.2964,0.1103,0.0122,6.1,581423.0
980026.0,"Denmark, Germany, Sweden",2023.0,da,7.8,8500000.0,5.0,3.0,1.0,Action,October,5.0,0.2864,0.134,0.018,7.8,2119043.0
714675.0,"New Zealand, Poland, United Kingdom, United States of America",2023.0,en,6.7,0.0,5.0,1.0,1.0,Drama,November,2.0,0.2623,0.1766,0.0312,6.7,324522.0
796185.0,"Belgium, France, Germany, Spain",2023.0,fr,7.0,27500000.0,5.0,4.0,1.0,Adventure,April,5.0,0.2694,0.1656,0.0274,7.0,31843086.0
850165.0,"United Kingdom, United States of America",2023.0,en,7.536,15900000.0,5.0,2.0,1.0,History,December,21.0,0.292,0.1214,0.0147,7.536,40130232.0
862557.0,United States of America,2023.0,en,7.7,0.0,5.0,2.0,1.0,History,August,18.0,0.2866,0.1337,0.0179,7.7,7600000.0
558915.0,United States of America,2023.0,en,7.1,95000000.0,5.0,1.0,1.0,Drama,December,25.0,0.2927,0.1197,0.0143,7.1,67519192.0
760774.0,"Australia, United Kingdom",2023.0,en,7.8,0.0,5.0,2.0,1.0,History,December,21.0,0.2805,0.146,0.0213,7.8,51437352.0
617882.0,South Korea,2023.0,ko,7.8,0.0,5.0,2.0,1.0,Drama,March,15.0,0.284,0.139,0.0193,7.8,2471778.0
964592.0,South Korea,2023.0,ko,6.7,0.0,5.0,3.0,1.0,Horror,September,6.0,0.293,0.119,0.0142,6.7,11033636.0
931102.0,"China, Hong Kong",2023.0,zh,7.3,0.0,5.0,3.0,1.0,Action,April,7.0,0.2654,0.1719,0.0296,7.3,36232675.0
1056380.0,Spain,2023.0,es,7.0,0.0,5.0,4.0,1.0,Horror,November,30.0,0.2971,0.1083,0.0117,7.0,16630.0
983044.0,Norway,2023.0,no,6.7,6600000.0,5.0,2.0,1.0,War,December,25.0,0.2709,0.1631,0.0266,6.7,3637940.0
1211836.0,Spain,2023.0,es,0.0,0.0,1.0,3.0,2.0,Animation,December,6.0,0.2848,0.1374,0.0189,0.0,80564.0
927107.0,United States of America,2023.0,en,5.8,23900000.0,5.0,2.0,1.0,Action,December,14.0,0.2762,0.154,0.0237,5.8,899683.0
758336.0,United States of America,2023.0,en,6.731,9000000.0,5.0,3.0,1.0,Romance,May,4.0,0.2919,0.1216,0.0148,6.731,10000000.0
365620.0,"United States of America, Italy, United Kingdom, Saudi Arabia",2023.0,en,6.4,95000000.0,5.0,2.0,1.0,History,December,14.0,0.2951,0.1136,0.0129,6.4,39220516.0
616747.0,United States of America,2023.0,en,6.5,157800000.0,5.0,3.0,1.0,Comedy,July,26.0,0.2982,0.1051,0.0111,6.5,117449790.0
800158.0,United States of America,2023.0,en,6.566,175000000.0,5.0,2.0,1.0,Crime,October,25.0,0.2331,0.2137,0.0457,6.566,362113.0
906221.0,United States of America,2023.0,en,6.5,45000000.0,5.0,3.0,1.0,Comedy,February,9.0,0.2871,0.1325,0.0176,6.5,52000000.0
943134.0,"Belgium, France",2023.0,fr,7.022,15200000.0,5.0,3.0,1.0,Adventure,October,4.0,0.2955,0.1127,0.0127,7.022,9138503.0
1008392.0,United States of America,2023.0,en,6.1,5000000.0,5.0,2.0,1.0,Horror,June,15.0,0.2744,0.1572,0.0247,6.1,16000000.0
958006.0,United States of America,2023.0,en,5.9,50000000.0,5.0,2.0,1.0,Comedy,September,14.0,0.2909,0.124,0.0154,5.9,476375.0
816904.0,Spain,2023.0,es,6.968,12000000.0,5.0,4.0,1.0,Animation,January,5.0,0.3091,0.0669,0.0045,6.968,53400000.0
1025491.0,"Ireland, United Kingdom, United States of America",2023.0,en,6.6,10000000.0,5.0,1.0,1.0,Drama,December,22.0,0.24,0.2059,0.0424,6.6,1697993.0
1024773.0,"Canada, United States of America",2023.0,en,5.7,0.0,5.0,2.0,1.0,Horror,September,6.0,0.2794,0.1481,0.0219,5.7,4800000.0
812037.0,France,2023.0,fr,5.969,0.0,5.0,1.0,1.0,Drama,September,13.0,0.2795,0.148,0.0219,5.969,1022551.0
768362.0,United States of America,2023.0,en,7.43,7000000.0,5.0,3.0,2.0,Drama,January,19.0,0.2596,0.1806,0.0326,7.43,45100756.0
813477.0,Japan,2023.0,ja,6.9,0.0,5.0,5.0,1.0,Action,March,17.0,0.292,0.1214,0.0147,6.9,15787771.0
845387.0,Japan,2023.0,ja,7.3,0.0,5.0,4.0,2.0,Animation,September,15.0,0.2926,0.1199,0.0144,7.3,1700000.0
1107387.0,China,2023.0,zh,7.9,0.0,5.0,2.0,1.0,Drama,March,31.0,0.2363,0.2101,0.0442,7.9,42423217.0
913673.0,United States of America,2023.0,en,6.758,3000000.0,5.0,2.0,2.0,Horror,April,14.0,0.2578,0.1832,0.0336,6.758,5400000.0
1127087.0,Indonesia,2023.0,id,6.1,0.0,5.0,2.0,1.0,Horror,November,9.0,0.2848,0.1374,0.0189,6.1,1778572.0
798286.0,"Finland, United States of America",2023.0,en,6.7,35000000.0,5.0,3.0,1.0,Comedy,April,14.0,0.248,0.1962,0.0385,6.7,12337378.0
1121612.0,China,2023.0,zh,7.0,0.0,5.0,2.0,1.0,Drama,August,5.0,0.296,0.1112,0.0124,7.0,54578820.0
823482.0,United States of America,2023.0,en,6.7,10000000.0,5.0,2.0,1.0,Comedy,November,10.0,0.3039,0.0874,0.0076,6.7,14114415.0
792293.0,United States of America,2023.0,en,6.7,30000000.0,5.0,3.0,1.0,History,September,15.0,0.2871,0.1325,0.0176,6.7,20703794.0
912520.0,"Canada, France",2023.0,fr,7.225,0.0,5.0,3.0,1.0,Romance,September,22.0,0.277,0.1525,0.0233,7.225,2349665.0
960033.0,"France, Switzerland",2023.0,fr,6.9,2470000.0,5.0,2.0,1.0,Drama,November,1.0,0.2939,0.1166,0.0136,6.9,1091821.0
964960.0,"Belgium, France",2023.0,fr,7.1,6500000.0,5.0,2.0,1.0,Romance,November,8.0,0.2986,0.1042,0.0109,7.1,5970753.0
880100.0,United States of America,2023.0,en,5.3,0.0,5.0,2.0,1.0,Horror,January,27.0,0.2628,0.1759,0.0309,5.3,2100000.0
958196.0,"Belgium, Germany, Greece",2023.0,en,5.612,0.0,5.0,2.0,1.0,Thriller,March,9.0,0.2828,0.1414,0.02,5.612,170000.0
729854.0,South Korea,2023.0,ko,6.977,0.0,5.0,4.0,1.0,Thriller,August,9.0,0.253,0.1897,0.036,6.977,28900000.0
839369.0,United States of America,2023.0,en,6.6,20000000.0,5.0,1.0,1.0,Drama,November,16.0,0.2649,0.1728,0.0299,6.6,4232370.0
1016084.0,"Canada, Finland, United States of America",2023.0,en,7.1,5000000.0,5.0,1.0,1.0,Comedy,February,13.0,0.2974,0.1074,0.0115,7.1,2600000.0
921452.0,"Belgium, France, Russia, Saudi Arabia, United Kingdom, United States of America",2023.0,fr,6.957,22400000.0,5.0,3.0,1.0,Drama,May,16.0,0.2708,0.1633,0.0267,6.957,13000000.0
994143.0,Canada,2023.0,en,5.428,15000.0,5.0,1.0,1.0,Horror,January,13.0,0.3042,0.0865,0.0075,5.428,2100000.0
837335.0,"France, Italy, Switzerland, Turkey",2023.0,it,7.3,0.0,5.0,3.0,1.0,Drama,October,12.0,0.2746,0.1569,0.0246,7.3,4933288.0
1008102.0,"United Arab Emirates, United Kingdom, United States of America",2023.0,en,6.7,0.0,5.0,3.0,1.0,Animation,May,12.0,0.2813,0.1445,0.0209,6.7,2900000.0
897160.0,South Korea,2023.0,ko,7.0,0.0,5.0,3.0,1.0,Action,October,25.0,0.2725,0.1605,0.0258,7.0,2116112.0
939338.0,France,2023.0,fr,6.7,0.0,5.0,5.0,1.0,Animation,January,25.0,0.2394,0.2066,0.0427,6.7,4834952.0
1058616.0,United States of America,2023.0,en,7.983,0.0,5.0,2.0,1.0,Documentary,July,14.0,0.2931,0.1186,0.0141,7.983,21000.0
1163258.0,India,2023.0,hi,8.0,2400000.0,5.0,1.0,1.0,Drama,August,11.0,0.2769,0.1528,0.0233,8.0,8300000.0
532408.0,United States of America,2023.0,en,6.4,41900000.0,5.0,3.0,1.0,Horror,May,31.0,0.2908,0.1243,0.0154,6.4,66978229.0
1109534.0,"Belgium, France, Germany, Malta, United Kingdom",2023.0,en,6.3,0.0,5.0,2.0,1.0,Thriller,August,24.0,0.2926,0.1199,0.0144,6.3,5914.0
814776.0,United States of America,2023.0,en,6.7,11300000.0,5.0,1.0,1.0,Comedy,August,25.0,0.2994,0.1017,0.0103,6.7,12976079.0
734253.0,India,2023.0,hi,5.0,63000000.0,5.0,4.0,1.0,History,June,16.0,0.25,0.1936,0.0375,5.0,54300000.0
926599.0,"United Kingdom, United States of America",2023.0,en,5.6,0.0,5.0,2.0,2.0,Horror,August,30.0,0.283,0.1411,0.0199,5.6,165485.0
900379.0,Germany,2023.0,de,6.9,0.0,5.0,3.0,1.0,Drama,April,20.0,0.2694,0.1656,0.0274,6.9,2147526.0
980078.0,United Kingdom,2023.0,en,5.037,50000.0,5.0,2.0,1.0,Horror,January,26.0,0.2921,0.1212,0.0147,5.037,7717044.0
864168.0,"Canada, United Kingdom, United States of America",2023.0,en,6.6,20000000.0,5.0,1.0,1.0,Comedy,June,22.0,0.2821,0.1429,0.0204,6.6,15800000.0
801112.0,"Italy, France, Germany",2023.0,it,7.3,14100000.0,5.0,2.0,1.0,Drama,May,25.0,0.2822,0.1426,0.0203,7.3,4123091.0
1001811.0,United States of America,2023.0,en,6.0,0.0,5.0,2.0,1.0,Comedy,September,7.0,0.239,0.207,0.0429,6.0,34900000.0
864692.0,"India, Italy, Spain, Turkey",2023.0,hi,6.515,29000000.0,5.0,3.0,1.0,Action,January,25.0,0.2585,0.1821,0.0332,6.515,130000000.0
1040892.0,"United States of America, Serbia",2023.0,en,4.51,350000.0,5.0,3.0,1.0,Horror,August,30.0,0.2688,0.1666,0.0278,4.51,123000.0
809787.0,"United Kingdom, United States of America, Italy",2023.0,en,6.063,41000000.0,5.0,3.0,1.0,Comedy,April,13.0,0.2954,0.1128,0.0127,6.063,3900000.0
988402.0,Canada,2023.0,fr,7.4,3000000.0,5.0,4.0,1.0,Romance,October,13.0,0.2683,0.1673,0.028,7.4,97578.0
942922.0,United States of America,2023.0,en,6.3,28000000.0,5.0,2.0,1.0,Comedy,February,3.0,0.2967,0.1093,0.012,6.3,29637811.0
972230.0,United States of America,2023.0,en,5.5,7500000.0,5.0,3.0,1.0,Comedy,January,27.0,0.2882,0.1301,0.0169,5.5,4393504.0
555285.0,United States of America,2023.0,en,7.2,30000000.0,5.0,2.0,1.0,Comedy,March,29.0,0.304,0.0871,0.0076,7.2,21800000.0
1030587.0,Japan,2023.0,ja,7.042,0.0,5.0,4.0,1.0,Animation,March,3.0,0.279,0.1489,0.0222,7.042,37475850.0
1002315.0,United States of America,2023.0,en,6.2,0.0,5.0,2.0,1.0,Comedy,November,17.0,0.2872,0.1324,0.0175,6.2,14582.0
829051.0,United States of America,2023.0,en,6.1,29100000.0,5.0,1.0,1.0,Comedy,May,25.0,0.298,0.1058,0.0112,6.1,18167819.0
1061855.0,"Belgium, Germany, Norway",2023.0,en,6.8,0.0,5.0,4.0,2.0,Animation,March,23.0,0.2773,0.1521,0.0231,6.8,6500000.0
621587.0,"New Zealand, United Kingdom, United States of America",2023.0,en,6.4,14000000.0,5.0,2.0,1.0,Comedy,November,16.0,0.2782,0.1504,0.0226,6.4,18062279.0
933419.0,United States of America,2023.0,en,6.7,0.0,5.0,2.0,1.0,Comedy,March,9.0,0.2831,0.141,0.0199,6.7,9263009.0
876969.0,"Italy, United States of America",2023.0,en,6.0,0.0,5.0,3.0,1.0,Action,February,24.0,0.2911,0.1234,0.0152,6.0,188292.0
812635.0,"Ireland, United States of America",2023.0,en,6.3,35000000.0,6.0,3.0,1.0,Music,April,20.0,0.2913,0.1231,0.0152,6.3,4200000.0
1070032.0,United States of America,2023.0,en,7.6,0.0,5.0,2.0,1.0,Documentary,October,23.0,0.2858,0.1354,0.0183,7.6,6800.0
667717.0,China,2023.0,zh,6.938,28700000.0,5.0,5.0,1.0,Animation,January,22.0,0.2433,0.202,0.0408,6.938,136090000.0
1059572.0,Japan,2023.0,ja,6.875,0.0,5.0,7.0,1.0,Animation,August,4.0,0.2613,0.1781,0.0317,6.875,23839864.0
843846.0,"United Kingdom, United States of America",2023.0,en,6.0,0.0,5.0,2.0,1.0,Western,February,3.0,0.2858,0.1353,0.0183,6.0,15648.0
1058078.0,Sweden,2023.0,sv,5.9,2250000.0,5.0,1.0,1.0,Horror,October,20.0,0.2433,0.202,0.0408,5.9,633385.0
1058638.0,United States of America,2023.0,en,6.5,0.0,5.0,5.0,1.0,Horror,August,18.0,0.2962,0.1106,0.0122,6.5,138617.0
843843.0,"Belgium, France, Iceland",2023.0,fr,6.4,22800000.0,2.0,3.0,1.0,Thriller,December,6.0,0.2744,0.1572,0.0247,6.4,1418682.0
970348.0,"Belgium, France, United Kingdom",2023.0,en,7.2,0.0,5.0,1.0,1.0,Drama,September,29.0,0.2746,0.1569,0.0246,7.2,7702015.0
734002.0,"Lithuania, Poland, Serbia",2023.0,pl,7.6,7475000.0,5.0,3.0,2.0,Animation,October,13.0,0.267,0.1695,0.0287,7.6,10064347.0
1053600.0,Spain,2023.0,es,7.0,2000000.0,5.0,1.0,1.0,Drama,April,21.0,0.2887,0.1291,0.0167,7.0,1193593.0
1092329.0,United States of America,2023.0,en,7.9,6000000.0,5.0,2.0,1.0,Family,November,9.0,0.288,0.1305,0.017,7.9,7778330.0
983883.0,Taiwan,2023.0,zh,7.0,1874400.0,5.0,3.0,1.0,Comedy,February,10.0,0.2886,0.1294,0.0167,7.0,15410325.0
937085.0,"Croatia, France, Luxembourg, Romania",2023.0,ro,7.2,0.0,5.0,2.0,1.0,Comedy,September,27.0,0.28,0.147,0.0216,7.2,92360.0
1008048.0,United States of America,2023.0,en,6.4,0.0,5.0,3.0,1.0,Crime,April,7.0,0.2869,0.1331,0.0177,6.4,882348.0
676696.0,"Belgium, France",2023.0,fr,7.9,0.0,5.0,4.0,1.0,Adventure,December,13.0,0.3075,0.0736,0.0054,7.9,956832.0
956920.0,"Finland, France, Norway",2023.0,en,6.2,0.0,5.0,3.0,1.0,Horror,November,2.0,0.2838,0.1394,0.0194,6.2,1295585.0
979097.0,"Mexico, United Kingdom, United States of America, Chile",2023.0,en,7.2,0.0,5.0,1.0,1.0,Drama,December,22.0,0.282,0.143,0.0205,7.2,313000.0
586810.0,France,2023.0,fr,7.5,7900000.0,5.0,4.0,1.0,Animation,November,22.0,0.2621,0.1769,0.0313,7.5,1455713.0
944952.0,"Australia, United Kingdom",2023.0,en,5.4,0.0,5.0,2.0,1.0,Drama,October,6.0,0.2907,0.1246,0.0155,5.4,877412.0
1049638.0,"United Kingdom, United States of America",2023.0,en,7.1,0.0,5.0,2.0,1.0,Comedy,March,17.0,0.2804,0.1463,0.0214,7.1,1600000.0
753091.0,South Korea,2023.0,ko,6.522,20000000.0,5.0,3.0,1.0,Drama,August,2.0,0.2828,0.1414,0.02,6.522,92718.0
868985.0,Mexico,2023.0,es,7.4,0.0,5.0,2.0,1.0,Drama,March,23.0,0.2758,0.1547,0.0239,7.4,4155903.0
978035.0,"Belgium, France",2023.0,fr,6.169,0.0,5.0,1.0,1.0,Drama,December,6.0,0.2828,0.1414,0.02,6.169,1049121.0
800787.0,"Canada, United States of America, United Kingdom",2023.0,en,7.1,0.0,5.0,2.0,1.0,Drama,March,23.0,0.2798,0.1474,0.0217,7.1,2196991.0
967585.0,France,2023.0,fr,6.6,0.0,5.0,2.0,1.0,Comedy,February,8.0,0.2596,0.1806,0.0326,6.6,34112816.0
898673.0,France,2023.0,fr,6.3,0.0,5.0,2.0,1.0,Romance,June,28.0,0.2965,0.1099,0.0121,6.3,1103374.0
523607.0,United States of America,2023.0,en,6.333,80000000.0,5.0,3.0,1.0,Drama,November,22.0,0.3019,0.0942,0.0089,6.333,300000.0
823452.0,United States of America,2023.0,en,7.3,40000000.0,5.0,2.0,1.0,Drama,December,25.0,0.2181,0.229,0.0524,7.3,54401583.0
989672.0,France,2023.0,fr,7.0,6300000.0,5.0,3.0,1.0,Thriller,May,24.0,0.2891,0.1282,0.0164,7.0,5099005.0
1115379.0,China,2023.0,zh,6.5,0.0,5.0,3.0,1.0,Thriller,October,21.0,0.2646,0.1732,0.03,6.5,42686993.0
1108211.0,China,2023.0,zh,6.5,9500000.0,5.0,3.0,2.0,Mystery,June,22.0,0.2526,0.1902,0.0362,6.5,334039200.0
758769.0,"Ireland, United Kingdom, United States of America",2023.0,en,5.9,0.0,5.0,2.0,1.0,Horror,January,27.0,0.258,0.1828,0.0334,5.9,392846.0
869612.0,"Australia, United States of America",2023.0,en,6.1,4100000.0,5.0,4.0,1.0,Drama,May,19.0,0.2888,0.1288,0.0166,6.1,1506008.0
884184.0,"United Kingdom, United States of America",2023.0,en,5.6,0.0,5.0,2.0,1.0,Horror,February,9.0,0.2496,0.1941,0.0377,5.6,1504289.0
719256.0,United States of America,2023.0,en,6.6,15000000.0,5.0,2.0,2.0,Drama,February,23.0,0.2983,0.105,0.011,6.6,52300000.0
923579.0,Russia,2023.0,ru,6.7,0.0,5.0,4.0,1.0,Animation,March,23.0,0.3054,0.0821,0.0067,6.7,8093685.0
1012837.0,China,2023.0,zh,6.4,0.0,5.0,2.0,1.0,Action,April,28.0,0.2976,0.1068,0.0114,6.4,80504376.0
1004255.0,France,2023.0,fr,6.1,0.0,5.0,1.0,1.0,Comedy,November,22.0,0.284,0.139,0.0193,6.1,460904.0
887321.0,"Switzerland, United States of America",2023.0,en,5.8,0.0,5.0,2.0,1.0,Music,August,4.0,0.266,0.1709,0.0292,5.8,296276.0
715385.0,"Belgium, France, Italy, Portugal, Switzerland",2023.0,fr,7.5,5.0,5.0,3.0,1.0,Animation,January,25.0,0.2711,0.1629,0.0265,7.5,1395922.0
823598.0,"China, Hong Kong",2023.0,cn,6.1,45000000.0,5.0,2.0,1.0,Crime,December,30.0,0.2828,0.1414,0.02,6.1,6136329.0
676727.0,"France, Ireland, United States of America",2023.0,en,6.3,10000000.0,5.0,4.0,2.0,Animation,September,15.0,0.2574,0.1836,0.0337,6.3,2037563.0
1113278.0,United States of America,2023.0,en,5.2,0.0,5.0,2.0,1.0,Horror,November,10.0,0.3025,0.0921,0.0085,5.2,970781.0
986280.0,"Finland, Germany",2023.0,fi,7.2,1480000.0,5.0,3.0,1.0,Romance,September,14.0,0.2887,0.1291,0.0167,7.2,12400000.0
1008374.0,United States of America,2023.0,en,5.1,0.0,5.0,3.0,1.0,Thriller,February,3.0,0.2853,0.1364,0.0186,5.1,16991.0
982271.0,United States of America,2023.0,en,6.304,20000000.0,5.0,2.0,1.0,Comedy,May,11.0,0.3033,0.0895,0.008,6.304,27849137.0
1063453.0,South Korea,2023.0,ko,8.25,0.0,5.0,2.0,1.0,Music,February,1.0,0.2966,0.1098,0.0121,8.25,29291883.0
950253.0,South Korea,2023.0,ko,6.0,0.0,5.0,2.0,1.0,Fantasy,September,27.0,0.3011,0.0967,0.0093,6.0,14000000.0
1072371.0,"United States of America, United Kingdom",2023.0,en,7.2,0.0,5.0,3.0,1.0,Comedy,August,10.0,0.246,0.1987,0.0395,7.2,2000000.0
1058620.0,United States of America,2023.0,en,6.2,0.0,5.0,3.0,1.0,Comedy,October,20.0,0.279,0.1488,0.0222,6.2,534000.0
1069193.0,"France, Germany, Saudi Arabia, Tunisia",2023.0,ar,7.453,0.0,5.0,2.0,1.0,Documentary,July,5.0,0.3087,0.0687,0.0047,7.453,861000.0
843394.0,"France, United States of America",2023.0,en,5.8,12000000.0,5.0,2.0,1.0,Thriller,October,6.0,0.3,0.1,0.01,5.8,282000.0
844417.0,"France, Ireland, Spain, United States of America",2023.0,en,5.7,20000000.0,5.0,1.0,1.0,Crime,February,15.0,0.2457,0.1991,0.0396,5.7,6262663.0
1121956.0,"Belgium, Czech Republic, France, Poland, United States of America",2023.0,pl,7.3,0.0,5.0,1.0,1.0,Drama,September,22.0,0.279,0.1489,0.0222,7.3,4175869.0
996347.0,United States of America,2023.0,en,4.8,0.0,5.0,1.0,1.0,Thriller,August,31.0,0.2741,0.1578,0.0249,4.8,522875.0
800301.0,"France, United Kingdom",2023.0,en,6.0,0.0,5.0,2.0,1.0,Romance,January,26.0,0.2778,0.1511,0.0228,6.0,10898395.0
977506.0,France,2023.0,fr,6.4,13700000.0,5.0,4.0,1.0,Crime,February,24.0,0.2903,0.1255,0.0157,6.4,10436638.0
1048522.0,United States of America,2023.0,en,6.458,3000000.0,5.0,2.0,1.0,Comedy,August,25.0,0.2619,0.1772,0.0314,6.458,600376.0
1068452.0,India,2023.0,te,7.7,7819000.0,5.0,3.0,1.0,Drama,December,7.0,0.2594,0.1809,0.0327,7.7,9184966.0
1066298.0,"China, Hong Kong",2023.0,zh,5.9,0.0,5.0,4.0,1.0,Mystery,January,22.0,0.2936,0.1175,0.0138,5.9,673556758.0
720557.0,"Austria, India, Russia, Turkey",2023.0,hi,5.837,38000000.0,5.0,3.0,1.0,Action,November,12.0,0.2887,0.1291,0.0167,5.837,47000000.0
859235.0,"France, United Kingdom, United States of America",2023.0,fr,6.2,10000000.0,5.0,3.0,1.0,Romance,September,15.0,0.2835,0.14,0.0196,6.2,3767399.0
1035806.0,"Canada, United States of America",2023.0,en,5.4,2000000.0,5.0,3.0,1.0,Action,January,20.0,0.3059,0.0802,0.0064,5.4,36171.0
502345.0,Australia,2023.0,en,7.0,0.0,5.0,4.0,1.0,Animation,October,5.0,0.294,0.1165,0.0136,7.0,1194805.0
824016.0,"Belgium, France, Italy, Poland, Switzerland",2023.0,en,5.4,18700000.0,5.0,2.0,1.0,Comedy,September,28.0,0.3003,0.0991,0.0098,5.4,420350.0
1001026.0,"Belgium, France",2023.0,fr,5.924,9827000.0,5.0,1.0,2.0,Comedy,December,20.0,0.2794,0.1481,0.0219,5.924,14990406.0
942199.0,Canada,2023.0,en,5.9,0.0,5.0,2.0,1.0,Science Fiction,March,29.0,0.2897,0.1267,0.016,5.9,53095.0
1058696.0,"Mexico, United States of America",2023.0,es,6.7,0.0,5.0,3.0,1.0,Mystery,September,8.0,0.2673,0.169,0.0286,6.7,14707.0
949229.0,India,2023.0,ta,6.9,42219285.0,5.0,3.0,1.0,Action,October,18.0,0.2772,0.1521,0.0231,6.9,71772785.0
1108958.0,Spain,2023.0,es,4.0,0.0,5.0,3.0,1.0,Drama,March,24.0,0.2994,0.1018,0.0104,4.0,108288.0
1033774.0,Russia,2023.0,ru,8.0,0.0,5.0,3.0,1.0,Fantasy,October,26.0,0.2393,0.2067,0.0427,8.0,25985603.0
1024541.0,Spain,2023.0,es,7.708,0.0,5.0,2.0,1.0,Drama,November,10.0,0.2858,0.1354,0.0183,7.708,2232542.0
986054.0,United States of America,2023.0,en,6.5,5000000.0,5.0,1.0,2.0,Comedy,July,13.0,0.2993,0.102,0.0104,6.5,4400000.0
714889.0,"Argentina, Brazil, Chile, Luxembourg",2023.0,es,6.4,0.0,5.0,3.0,1.0,Drama,October,16.0,0.2739,0.1581,0.025,6.4,51000.0
1146143.0,United States of America,2023.0,en,5.7,0.0,5.0,1.0,1.0,Horror,October,10.0,0.2744,0.1572,0.0247,5.7,1000000.0
1032666.0,United States of America,2023.0,en,6.9,2500000.0,5.0,3.0,1.0,Horror,September,14.0,0.2683,0.1673,0.028,6.9,101045.0
636173.0,"South Korea, Hungary",2023.0,ko,6.9,0.0,5.0,2.0,1.0,Comedy,April,26.0,0.2804,0.1463,0.0214,6.9,3890008.0
1089654.0,China,2023.0,zh,7.5,0.0,5.0,2.0,2.0,Animation,July,2.0,0.3,0.1,0.01,7.5,252520750.0
887580.0,"Canada, United States of America",2023.0,en,6.7,0.0,5.0,2.0,2.0,Drama,March,24.0,0.3079,0.072,0.0052,6.7,15055.0
973778.0,"United Kingdom, United States of America",2023.0,en,5.7,10000000.0,5.0,3.0,1.0,Drama,December,8.0,0.2714,0.1624,0.0264,5.7,604830.0
963765.0,"France, Spain",2023.0,es,6.4,0.0,5.0,3.0,1.0,Drama,May,26.0,0.2953,0.1131,0.0128,6.4,1057090.0
830721.0,"Ireland, United Kingdom, United States of America",2023.0,en,6.1,0.0,5.0,2.0,1.0,Comedy,July,14.0,0.2714,0.1623,0.0263,6.1,6800000.0
965890.0,"Belgium, France",2023.0,fr,6.401,4340000.0,5.0,4.0,1.0,Drama,November,15.0,0.2945,0.1152,0.0133,6.401,158787.0
1018754.0,"Canada, United States of America",2023.0,en,6.1,0.0,5.0,3.0,1.0,Comedy,August,4.0,0.2887,0.1291,0.0167,6.1,666482.0
934506.0,France,2023.0,fr,6.361,8200000.0,5.0,2.0,1.0,Comedy,September,13.0,0.2435,0.2017,0.0407,6.361,3452861.0
1073140.0,other,2023.0,en,5.3,0.0,5.0,2.0,1.0,Adventure,March,23.0,0.2562,0.1854,0.0344,5.3,31104.0
753336.0,United States of America,2023.0,en,6.607,38000000.0,5.0,1.0,1.0,Drama,December,8.0,0.283,0.141,0.0199,6.607,4474931.0
925714.0,"Germany, France, United States of America",2023.0,fr,6.798,0.0,5.0,2.0,1.0,Thriller,March,1.0,0.2949,0.1142,0.013,6.798,3900000.0
589026.0,"France, Italy",2023.0,fr,6.9,0.0,5.0,3.0,2.0,Animation,October,18.0,0.2944,0.1155,0.0133,6.9,685093.0
1010639.0,United States of America,2023.0,en,6.5,0.0,5.0,3.0,1.0,Comedy,December,1.0,0.2598,0.1803,0.0325,6.5,103000.0
1072269.0,"Belgium, Canada, France",2023.0,fr,6.5,0.0,5.0,2.0,1.0,Drama,November,7.0,0.2985,0.1044,0.0109,6.5,1006815.0
785759.0,United States of America,2023.0,en,6.0,0.0,5.0,1.0,1.0,Horror,March,2.0,0.2953,0.1131,0.0128,6.0,537974.0
1109402.0,"Czech Republic, Slovakia",2023.0,cs,6.1,0.0,5.0,1.0,1.0,Drama,November,16.0,0.2728,0.1599,0.0256,6.1,929614.0
1047223.0,France,2023.0,fr,6.2,0.0,5.0,3.0,1.0,Fantasy,October,25.0,0.2649,0.1728,0.0299,6.2,55009.0
1074049.0,Spain,2023.0,es,5.977,5500000.0,5.0,2.0,1.0,Comedy,December,1.0,0.2714,0.1624,0.0264,5.977,10950000.0
1185743.0,United States of America,2023.0,en,8.6,15000000.0,5.0,2.0,1.0,Music,December,1.0,0.2557,0.186,0.0346,8.6,44029271.0
978870.0,Italy,2023.0,it,7.2,9500000.0,5.0,2.0,1.0,Thriller,March,9.0,0.272,0.1614,0.026,7.2,3800000.0
899524.0,"United Kingdom, United States of America",2023.0,en,6.4,0.0,5.0,3.0,1.0,Drama,August,23.0,0.2632,0.1752,0.0307,6.4,7039677.0
606400.0,South Korea,2023.0,ko,5.8,0.0,5.0,3.0,1.0,Action,January,18.0,0.3019,0.0942,0.0089,5.8,13325763.0
890215.0,United States of America,2023.0,en,6.4,0.0,5.0,3.0,1.0,Comedy,May,26.0,0.2524,0.1906,0.0363,6.4,5000000.0
997294.0,"Argentina, Spain",2023.0,es,6.989,0.0,5.0,2.0,1.0,Drama,August,16.0,0.2921,0.1211,0.0147,6.989,716644.0
960876.0,India,2023.0,hi,6.1,239000000.0,5.0,3.0,1.0,Adventure,December,21.0,0.2988,0.1037,0.0107,6.1,501000000.0
888003.0,France,2023.0,fr,5.969,0.0,5.0,2.0,1.0,Comedy,June,7.0,0.2835,0.14,0.0196,5.969,3557686.0
855263.0,United States of America,2023.0,en,6.6,0.0,5.0,2.0,1.0,Drama,March,31.0,0.2853,0.1364,0.0186,6.6,3395595.0
845643.0,United States of America,2023.0,en,5.3,0.0,5.0,1.0,1.0,Horror,October,12.0,0.283,0.141,0.0199,5.3,88944.0
1108658.0,United States of America,2023.0,en,6.2,6500000.0,5.0,1.0,1.0,Science Fiction,November,30.0,0.2661,0.1709,0.0292,6.2,12238643.0
965791.0,France,2023.0,fr,5.91,13000000.0,5.0,1.0,2.0,Comedy,October,18.0,0.3078,0.0724,0.0052,5.91,7004555.0
971699.0,United Kingdom,2023.0,en,6.9,0.0,5.0,1.0,1.0,Drama,February,10.0,0.2829,0.1412,0.0199,6.9,110722.0
1008903.0,Canada,2023.0,en,4.848,10000000.0,5.0,4.0,1.0,Science Fiction,January,26.0,0.2937,0.1172,0.0137,4.848,3649422.0
1061656.0,"United States of America, France",2023.0,en,4.3,0.0,5.0,1.0,1.0,Horror,September,1.0,0.2948,0.1144,0.0131,4.3,67136.0
891636.0,Italy,2023.0,it,7.4,0.0,5.0,1.0,1.0,Drama,March,23.0,0.2251,0.2221,0.0493,7.4,1400000.0
1057856.0,Vietnam,2023.0,vi,6.7,0.0,4.0,2.0,1.0,Thriller,January,22.0,0.2923,0.1207,0.0146,6.7,5097243.0
1032194.0,United States of America,2023.0,en,6.8,30000000.0,5.0,1.0,1.0,Drama,September,28.0,0.2915,0.1225,0.015,6.8,17265487.0
935906.0,United Kingdom,2023.0,en,6.7,84.0,5.0,2.0,1.0,Comedy,August,25.0,0.2698,0.165,0.0272,6.7,1234483.0
1126128.0,"Indonesia, South Korea",2023.0,id,7.2,4722030.0,5.0,3.0,1.0,Action,December,28.0,0.2594,0.1809,0.0327,7.2,953672.0
1038515.0,Japan,2023.0,ja,7.0,0.0,5.0,1.0,1.0,Drama,April,21.0,0.2611,0.1784,0.0318,7.0,494402.0
890203.0,France,2023.0,fr,6.5,0.0,5.0,1.0,1.0,Drama,March,15.0,0.3019,0.094,0.0088,6.5,4324164.0
1118824.0,Philippines,2023.0,tl,7.1,1350000.0,5.0,3.0,1.0,Horror,December,25.0,0.2811,0.1448,0.021,7.1,3800000.0
989596.0,"Belgium, Canada, France, Italy",2023.0,en,7.6,8500000.0,5.0,2.0,1.0,Drama,November,29.0,0.2901,0.1258,0.0158,7.6,9235757.0
790416.0,United States of America,2023.0,en,5.8,0.0,5.0,2.0,1.0,Comedy,April,7.0,0.3004,0.0987,0.0097,5.8,708854.0
1036312.0,Spain,2023.0,es,6.2,186413.0,3.0,1.0,1.0,Drama,November,21.0,0.2562,0.1854,0.0344,6.2,2168.0
1027982.0,"Malaysia, Singapore, Taiwan",2023.0,zh,7.6,653000.0,5.0,2.0,1.0,Drama,December,1.0,0.2737,0.1583,0.0251,7.6,1363827.0
844386.0,"South Korea, Japan",2023.0,ko,6.3,0.0,5.0,2.0,1.0,Horror,April,19.0,0.2762,0.154,0.0237,6.3,2305305.0
1110358.0,France,2023.0,fr,7.086,0.0,5.0,2.0,1.0,Comedy,August,2.0,0.2834,0.1404,0.0197,7.086,3500000.0
1075815.0,United States of America,2023.0,en,6.5,0.0,4.0,2.0,3.0,Documentary,October,6.0,0.2932,0.1185,0.014,6.5,630000.0
762509.0,United States of America,2024.0,en,7.467,200000000.0,6.0,3.0,1.0,Adventure,December,18.0,0.2892,0.1278,0.0163,7.467,700197856.0
939243.0,"United States of America, Japan",2024.0,en,7.742,122000000.0,5.0,4.0,1.0,Action,December,19.0,0.3027,0.0915,0.0084,7.742,472518457.0
1241982.0,"Canada, United States of America",2024.0,en,7.1,150000000.0,5.0,4.0,3.0,Animation,November,21.0,0.2556,0.1862,0.0347,7.1,1044396565.0
1160956.0,China,2024.0,zh,7.055,0.0,5.0,2.0,1.0,Action,October,1.0,0.305,0.0835,0.007,7.055,42333207.0
539972.0,United States of America,2024.0,en,6.7,120000000.0,5.0,3.0,1.0,Action,December,11.0,0.2722,0.161,0.0259,6.7,59184643.0
912649.0,United States of America,2024.0,en,6.786,120000000.0,5.0,3.0,1.0,Action,October,22.0,0.2689,0.1664,0.0277,6.786,478103649.0
558449.0,United States of America,2024.0,en,6.767,310000000.0,5.0,3.0,1.0,Action,November,13.0,0.2887,0.1291,0.0167,6.767,458718000.0
549509.0,"United Kingdom, United States of America",2024.0,en,7.065,9000000.0,5.0,1.0,1.0,Drama,December,20.0,0.2887,0.1291,0.0167,7.065,41360246.0
933260.0,"France, United Kingdom, United States of America",2024.0,en,7.1,17500000.0,5.0,2.0,1.0,Horror,September,7.0,0.2887,0.1291,0.0167,7.1,76506196.0
1064213.0,United States of America,2024.0,en,7.1,6000000.0,5.0,3.0,1.0,Drama,October,14.0,0.2875,0.1316,0.0173,7.1,38475235.0
1064486.0,Australia,2024.0,en,7.8,4350000.0,5.0,3.0,1.0,Animation,October,17.0,0.301,0.0971,0.0094,7.8,1189972.0
1247019.0,Thailand,2024.0,th,7.038,0.0,5.0,3.0,1.0,Horror,October,10.0,0.2667,0.17,0.0289,7.038,4210676.0
1357633.0,Japan,2024.0,ja,6.8,0.0,5.0,4.0,1.0,Action,November,26.0,0.2785,0.1497,0.0224,6.8,6331827.0
1035048.0,United States of America,2024.0,en,6.5,18000000.0,5.0,3.0,1.0,Action,November,7.0,0.3019,0.0942,0.0089,6.5,3300000.0
402431.0,United States of America,2024.0,en,6.9,150000000.0,5.0,3.0,1.0,Drama,November,20.0,0.2724,0.1607,0.0258,6.9,728145850.0
516729.0,"United Kingdom, France, United States of America, Japan",2024.0,en,6.8,90000000.0,5.0,3.0,1.0,Family,November,8.0,0.2717,0.1617,0.0262,6.8,150254414.0
519182.0,United States of America,2024.0,en,7.06,100000000.0,5.0,4.0,1.0,Animation,June,20.0,0.228,0.2191,0.048,7.06,969280910.0
1184918.0,United States of America,2024.0,en,8.3,78000000.0,5.0,3.0,1.0,Animation,September,12.0,0.2856,0.1357,0.0184,8.3,331982078.0
974576.0,"United Kingdom, United States of America",2024.0,en,7.1,20000000.0,5.0,2.0,1.0,Drama,October,25.0,0.297,0.1087,0.0118,7.1,95579868.0
426063.0,United States of America,2024.0,en,6.686,50000000.0,5.0,2.0,1.0,Fantasy,December,25.0,0.2862,0.1345,0.0181,6.686,177225075.0
533535.0,United States of America,2024.0,en,7.619,200000000.0,5.0,3.0,1.0,Action,July,24.0,0.3085,0.0695,0.0048,7.619,1338073645.0
811941.0,India,2024.0,te,7.1,24000000.0,5.0,2.0,1.0,Action,September,26.0,0.2724,0.1606,0.0258,7.1,54000000.0
845781.0,United States of America,2024.0,en,7.1,250000000.0,5.0,3.0,1.0,Action,October,31.0,0.3021,0.0935,0.0087,7.1,185700759.0
839033.0,"Japan, New Zealand, United States of America",2024.0,en,6.647,30000000.0,5.0,4.0,1.0,Animation,December,5.0,0.261,0.1785,0.0319,6.647,19958572.0
1022789.0,United States of America,2024.0,en,7.6,200000000.0,5.0,4.0,1.0,Animation,June,11.0,0.2823,0.1426,0.0203,7.6,1698863816.0
974453.0,United States of America,2024.0,en,5.896,30000000.0,5.0,4.0,1.0,Action,October,31.0,0.2945,0.1152,0.0133,5.896,3854594.0
970450.0,"Puerto Rico, United States of America",2024.0,en,6.238,0.0,5.0,3.0,1.0,Action,December,4.0,0.2425,0.203,0.0412,6.238,1052998.0
1138194.0,United States of America,2024.0,en,7.2,10000000.0,5.0,2.0,2.0,Horror,October,31.0,0.2774,0.1519,0.0231,7.2,51913394.0
1028196.0,United States of America,2024.0,en,6.491,23200000.0,5.0,1.0,1.0,Drama,December,13.0,0.2866,0.1337,0.0179,6.491,2851181.0
945961.0,United States of America,2024.0,en,7.2,80000000.0,5.0,2.0,1.0,Horror,August,13.0,0.2611,0.1784,0.0318,7.2,350865342.0
1118031.0,Spain,2024.0,es,6.715,0.0,5.0,3.0,1.0,Drama,October,4.0,0.2708,0.1633,0.0267,6.715,500000.0
573435.0,United States of America,2024.0,en,7.384,100000000.0,5.0,5.0,2.0,Action,June,5.0,0.26,0.18,0.0324,7.384,404547819.0
1100782.0,United States of America,2024.0,en,6.586,28000000.0,5.0,2.0,1.0,Horror,October,16.0,0.2635,0.1748,0.0306,6.586,138083280.0
698687.0,United States of America,2024.0,en,8.095,75000000.0,5.0,4.0,1.0,Animation,September,11.0,0.2694,0.1656,0.0274,8.095,128888103.0
1029235.0,"Estonia, United States of America",2024.0,en,6.0,12000000.0,5.0,3.0,1.0,Action,September,27.0,0.265,0.1726,0.0298,6.0,631272.0
693134.0,United States of America,2024.0,en,8.148,190000000.0,5.0,2.0,1.0,Science Fiction,February,27.0,0.2804,0.1463,0.0214,8.148,714444358.0
974950.0,"Belgium, France, United States of America, Mexico",2024.0,fr,6.856,26000000.0,5.0,2.0,1.0,Drama,August,21.0,0.2611,0.1784,0.0318,6.856,15366077.0
1051896.0,"Ireland, United States of America",2024.0,en,6.1,0.0,5.0,4.0,1.0,Action,April,12.0,0.2502,0.1934,0.0374,6.1,859453.0
1034541.0,United States of America,2024.0,en,6.9,2000000.0,5.0,2.0,1.0,Horror,October,9.0,0.2722,0.1609,0.0259,6.9,89947122.0
799766.0,"Australia, United Kingdom, United States of America, China, Cyprus",2024.0,en,7.6,110000000.0,5.0,2.0,1.0,Music,December,6.0,0.2916,0.1223,0.015,7.6,20120006.0
1097549.0,"United States of America, Netherlands",2024.0,en,5.793,20000000.0,5.0,1.0,1.0,Drama,December,25.0,0.3024,0.0926,0.0086,5.793,60934894.0
1241320.0,Japan,2024.0,ja,6.9,0.0,5.0,2.0,1.0,Action,July,12.0,0.2656,0.1717,0.0295,6.9,54114815.0
929204.0,United Kingdom,2024.0,en,7.608,0.0,5.0,4.0,2.0,Animation,December,18.0,0.2556,0.1863,0.0347,7.608,191452.0
1000837.0,"Brazil, France",2024.0,pt,7.9,1480000.0,5.0,2.0,1.0,Drama,September,19.0,0.2785,0.1497,0.0224,7.9,29940623.0
1011985.0,United States of America,2024.0,en,7.074,80000000.0,5.0,4.0,1.0,Animation,March,2.0,0.2592,0.1811,0.0328,7.074,548040835.0
1122418.0,"United Kingdom, Germany, Italy",2024.0,en,6.067,0.0,5.0,2.0,1.0,Romance,June,3.0,0.2998,0.1005,0.0101,6.067,99296.0
1159311.0,Japan,2024.0,ja,6.793,0.0,5.0,4.0,1.0,Animation,August,2.0,0.3012,0.0965,0.0093,6.793,32224616.0
823464.0,United States of America,2024.0,en,7.111,150000000.0,5.0,3.0,1.0,Action,March,27.0,0.281,0.1451,0.021,7.111,571750016.0
786892.0,"Australia, United States of America",2024.0,en,7.491,170000000.0,5.0,3.0,1.0,Action,May,22.0,0.281,0.145,0.021,7.491,173775791.0
957452.0,"France, Germany, United Kingdom, United States of America",2024.0,en,5.8,50000000.0,5.0,3.0,1.0,Action,August,21.0,0.3023,0.0929,0.0086,5.8,24109036.0
1084736.0,France,2024.0,fr,8.0,46000000.0,5.0,3.0,2.0,Action,June,28.0,0.3018,0.0946,0.0089,8.0,75360860.0
748783.0,"Hong Kong, United Kingdom, United States of America",2024.0,en,7.082,60000000.0,5.0,4.0,1.0,Animation,April,30.0,0.2705,0.1638,0.0268,7.082,254907482.0
717196.0,"Denmark, Finland, Germany, Ireland",2024.0,fi,7.5,0.0,5.0,3.0,1.0,Animation,October,7.0,0.2851,0.1369,0.0187,7.5,12907944.0
661539.0,United States of America,2024.0,en,7.196,65000000.0,5.0,2.0,1.0,Drama,December,18.0,0.2722,0.1609,0.0259,7.196,110280739.0
653346.0,United States of America,2024.0,en,7.1,160000000.0,5.0,5.0,1.0,Science Fiction,May,8.0,0.2655,0.1718,0.0295,7.1,397378150.0
639720.0,United States of America,2024.0,en,7.1,110000000.0,5.0,3.0,1.0,Comedy,May,8.0,0.2622,0.1767,0.0312,7.1,190309707.0
1013850.0,"Poland, United States of America",2024.0,en,6.786,3000000.0,5.0,2.0,1.0,Comedy,November,1.0,0.2965,0.1099,0.0121,6.786,20581325.0
762441.0,United States of America,2024.0,en,6.7,67000000.0,5.0,3.0,1.0,Horror,June,26.0,0.2565,0.185,0.0342,6.7,261907653.0
1216191.0,"Ireland, United States of America",2024.0,en,6.698,0.0,5.0,2.0,1.0,Horror,July,19.0,0.2888,0.1288,0.0166,6.698,1699044.0
929590.0,"Finland, United Kingdom, United States of America",2024.0,en,6.9,50000000.0,5.0,3.0,1.0,War,April,10.0,0.2793,0.1483,0.022,6.9,126542249.0
1242372.0,China,2024.0,zh,6.6,0.0,5.0,2.0,1.0,Science Fiction,July,18.0,0.2953,0.1132,0.0128,6.6,15848000.0
1029281.0,United States of America,2024.0,en,6.9,4000000.0,5.0,3.0,1.0,Crime,August,22.0,0.272,0.1614,0.026,6.9,3504687.0
1147710.0,South Korea,2024.0,ko,6.4,0.0,5.0,3.0,1.0,Action,June,21.0,0.2601,0.1799,0.0324,6.4,14602614.0
1064028.0,United States of America,2024.0,en,6.677,4400000.0,5.0,2.0,1.0,Science Fiction,August,15.0,0.2934,0.1179,0.0139,6.677,262793.0
726139.0,South Korea,2024.0,ko,7.0,14750000.0,5.0,5.0,1.0,Thriller,July,11.0,0.2646,0.1732,0.03,7.0,6283415.0
1111873.0,United States of America,2024.0,en,6.8,28000000.0,5.0,2.0,2.0,Horror,April,16.0,0.2769,0.1528,0.0233,6.8,42791449.0
1154215.0,France,2024.0,fr,6.2,12460000.0,5.0,2.0,1.0,Action,July,3.0,0.2954,0.1128,0.0127,6.2,1359330.0
1278263.0,"France, Germany",2024.0,fr,7.7,0.0,5.0,3.0,1.0,Drama,September,18.0,0.2844,0.1383,0.0191,7.7,5343031.0
437342.0,United States of America,2024.0,en,6.8,30000000.0,5.0,1.0,1.0,Horror,April,3.0,0.2782,0.1504,0.0226,6.8,53992802.0
866398.0,"United Kingdom, United States of America",2024.0,en,7.337,35000000.0,5.0,3.0,1.0,Crime,January,8.0,0.3002,0.0995,0.0099,7.337,152720535.0
1014505.0,Japan,2024.0,ja,7.256,0.0,5.0,4.0,1.0,Action,September,20.0,0.2804,0.1463,0.0214,7.256,7614966.0
1167271.0,"France, Taiwan",2024.0,en,6.2,30000000.0,5.0,3.0,1.0,Action,September,19.0,0.2704,0.1639,0.0269,6.2,2826064.0
1226578.0,"Canada, United States of America",2024.0,en,6.6,10000000.0,5.0,3.0,1.0,Crime,July,10.0,0.3003,0.099,0.0098,6.6,126942386.0
588648.0,"China, Spain",2024.0,zh,7.6,25600000.0,5.0,5.0,2.0,Animation,April,11.0,0.294,0.1165,0.0136,7.6,6206231.0
976576.0,France,2024.0,en,5.0,19000000.0,5.0,2.0,1.0,Romance,September,25.0,0.3031,0.0903,0.0082,5.0,578924.0
1087822.0,"United States of America, Germany",2024.0,en,5.3,20000000.0,5.0,3.0,1.0,Fantasy,August,29.0,0.2926,0.1199,0.0144,5.3,2014050.0
1114513.0,United States of America,2024.0,en,7.3,15000000.0,5.0,2.0,1.0,Horror,September,11.0,0.3021,0.0936,0.0088,7.3,76756109.0
889737.0,United States of America,2024.0,en,5.489,195000000.0,5.0,3.0,1.0,Drama,October,1.0,0.2814,0.1442,0.0208,5.489,206400287.0
1221404.0,Japan,2024.0,ja,5.675,0.0,5.0,4.0,1.0,Animation,August,9.0,0.2966,0.1095,0.012,5.675,21478573.0
718821.0,United States of America,2024.0,en,6.9,155000000.0,5.0,2.0,1.0,Action,July,10.0,0.2621,0.1769,0.0313,6.9,370962265.0
1079091.0,United States of America,2024.0,en,7.071,25000000.0,5.0,2.0,1.0,Drama,August,7.0,0.2778,0.1511,0.0228,7.071,350993761.0
1222248.0,Norway,2024.0,no,7.1,0.0,5.0,3.0,1.0,War,October,30.0,0.2588,0.1817,0.033,7.1,3301976.0
976734.0,"United Kingdom, United States of America",2024.0,en,6.2,0.0,5.0,3.0,1.0,Action,October,10.0,0.2835,0.14,0.0196,6.2,525704.0
1084863.0,"Belgium, France",2024.0,fr,6.2,3500000.0,5.0,4.0,2.0,Thriller,April,24.0,0.2601,0.1799,0.0324,6.2,864825.0
938614.0,"Australia, United Arab Emirates, United States of America",2024.0,en,7.173,2000000.0,5.0,1.0,2.0,Horror,March,19.0,0.2858,0.1354,0.0183,7.173,15469415.0
728949.0,United States of America,2024.0,en,5.806,20000000.0,5.0,1.0,1.0,Comedy,December,6.0,0.2898,0.1265,0.016,5.806,170737.0
365177.0,"Luxembourg, United States of America",2024.0,en,5.7,115000000.0,5.0,3.0,1.0,Action,August,7.0,0.2895,0.1273,0.0162,5.7,32978510.0
1079485.0,United Kingdom,2024.0,en,6.026,415000.0,5.0,2.0,1.0,Horror,March,26.0,0.2817,0.1437,0.0206,6.026,7582541.0
814889.0,"United States of America, Canada, France",2024.0,en,6.2,20000000.0,5.0,2.0,1.0,Horror,September,18.0,0.286,0.1348,0.0182,6.2,21768945.0
1016848.0,"United Kingdom, United States of America",2024.0,en,5.3,3500000.0,5.0,3.0,2.0,Horror,September,5.0,0.2843,0.1385,0.0192,5.3,3165361.0
746036.0,"United States of America, Australia",2024.0,en,7.0,125000000.0,5.0,3.0,1.0,Action,April,24.0,0.3039,0.0874,0.0076,7.0,181073291.0
917496.0,United States of America,2024.0,en,7.063,100000000.0,5.0,3.0,1.0,Comedy,September,4.0,0.2462,0.1985,0.0394,7.063,451100435.0
507241.0,"United States of America, United Kingdom, Spain",2024.0,en,6.4,30000000.0,5.0,3.0,1.0,Action,September,12.0,0.268,0.1678,0.0282,6.4,5928351.0
1100099.0,United Kingdom,2024.0,en,7.4,20000000.0,5.0,2.0,1.0,Romance,October,10.0,0.2481,0.1961,0.0384,7.4,37182814.0
1104844.0,Japan,2024.0,ja,7.362,0.0,5.0,3.0,1.0,Animation,April,19.0,0.2974,0.1074,0.0115,7.362,14291561.0
1082195.0,"United Kingdom, United States of America",2024.0,en,6.643,20000000.0,5.0,3.0,1.0,Crime,December,5.0,0.2803,0.1464,0.0214,6.643,1970445.0
1211472.0,"Germany, United States of America",2024.0,en,6.996,0.0,5.0,3.0,1.0,Thriller,November,7.0,0.2765,0.1535,0.0236,6.996,852000.0
1182047.0,"Canada, Denmark, Ireland, Sweden, United Kingdom, United States of America",2024.0,en,6.8,16000000.0,5.0,2.0,1.0,History,October,9.0,0.2818,0.1435,0.0206,6.8,17279457.0
1066262.0,"Australia, New Zealand, United Kingdom",2024.0,en,6.1,0.0,5.0,2.0,1.0,Action,March,14.0,0.2928,0.1194,0.0143,6.1,692018.0
1333100.0,Japan,2024.0,ja,8.35,0.0,5.0,4.0,1.0,Animation,November,8.0,0.3009,0.0973,0.0095,8.35,12755520.0
1023915.0,"United Kingdom, United States of America",2024.0,en,7.0,0.0,3.0,3.0,1.0,Thriller,December,27.0,0.296,0.1112,0.0124,7.0,7125.0
1047373.0,"United States of America, Malta",2024.0,en,6.5,0.0,5.0,3.0,1.0,Crime,October,3.0,0.2785,0.1499,0.0225,6.5,209307.0
1165466.0,"Canada, France",2024.0,en,7.1,0.0,5.0,3.0,3.0,Horror,May,8.0,0.287,0.1328,0.0176,7.1,251071.0
1041613.0,United States of America,2024.0,en,6.24,9000000.0,5.0,3.0,1.0,Horror,March,20.0,0.2553,0.1866,0.0348,6.24,35340015.0
592831.0,United States of America,2024.0,en,5.276,120000000.0,5.0,2.0,1.0,Science Fiction,September,25.0,0.2766,0.1533,0.0235,5.276,13857002.0
719221.0,United States of America,2024.0,en,6.5,8000000.0,5.0,1.0,2.0,Horror,May,1.0,0.2984,0.1047,0.011,6.5,49256239.0
1154304.0,Spain,2024.0,es,6.8,0.0,5.0,4.0,2.0,Animation,August,14.0,0.2828,0.1414,0.02,6.8,7478666.0
840705.0,United States of America,2024.0,en,6.676,20000000.0,5.0,2.0,1.0,Mystery,August,21.0,0.2905,0.1248,0.0156,6.676,46393906.0
763215.0,"Spain, United States of America",2024.0,en,7.03,60000000.0,5.0,3.0,1.0,Fantasy,March,7.0,0.2714,0.1624,0.0264,7.03,5000.0
799583.0,"United Kingdom, United States of America",2024.0,en,7.1,60000000.0,5.0,3.0,1.0,Action,April,18.0,0.2925,0.1203,0.0145,7.1,29715044.0
969492.0,"United States of America, Australia, Czech Republic",2024.0,en,7.3,18000000.0,5.0,3.0,1.0,Action,February,9.0,0.277,0.1526,0.0233,7.3,7021101.0
826510.0,United States of America,2024.0,en,6.829,40000000.0,5.0,4.0,1.0,Family,July,31.0,0.2811,0.1448,0.021,6.829,32227855.0
1106739.0,United States of America,2024.0,en,6.816,30000000.0,5.0,2.0,1.0,Crime,October,30.0,0.2687,0.1668,0.0278,6.816,21418477.0
1232827.0,"Denmark, Poland, Sweden",2024.0,da,7.7,0.0,5.0,2.0,1.0,Drama,September,6.0,0.2954,0.1128,0.0127,7.7,470300.0
843527.0,United States of America,2024.0,en,7.399,0.0,5.0,3.0,1.0,Romance,May,2.0,0.2744,0.1572,0.0247,7.399,36178.0
1278101.0,China,2024.0,zh,7.5,7000000.0,5.0,2.0,1.0,Drama,December,27.0,0.2867,0.1334,0.0178,7.5,109500000.0
1232449.0,"Belgium, Netherlands",2024.0,nl,8.5,0.0,5.0,2.0,1.0,Drama,October,26.0,0.2739,0.1581,0.025,8.5,2160.0
1088514.0,Spain,2024.0,es,6.8,0.0,5.0,1.0,1.0,Drama,October,7.0,0.2733,0.159,0.0253,6.8,15102319.0
1032823.0,United States of America,2024.0,en,6.394,30000000.0,5.0,3.0,1.0,Crime,July,31.0,0.2619,0.1773,0.0314,6.394,82677281.0
1160018.0,India,2024.0,hi,7.1,4800000.0,5.0,4.0,1.0,Action,July,3.0,0.2814,0.1443,0.0208,7.1,5600000.0
1244492.0,Japan,2024.0,ja,8.0,0.0,5.0,2.0,1.0,Animation,June,28.0,0.2621,0.1769,0.0313,8.0,12648664.0
1130053.0,United Kingdom,2024.0,en,6.0,0.0,5.0,2.0,1.0,Horror,May,31.0,0.2269,0.2203,0.0485,6.0,47300.0
1155828.0,United States of America,2024.0,en,7.593,2000000.0,5.0,1.0,1.0,Drama,July,12.0,0.287,0.1328,0.0176,7.593,3401789.0
947891.0,United States of America,2024.0,en,6.9,3000000.0,5.0,3.0,1.0,Comedy,September,13.0,0.3018,0.0945,0.0089,6.9,5705895.0
1062215.0,United States of America,2024.0,en,6.0,12000000.0,5.0,3.0,1.0,Horror,August,28.0,0.276,0.1543,0.0238,6.0,12977758.0
923667.0,"China, Hong Kong",2024.0,cn,7.0,38400000.0,5.0,3.0,1.0,Action,April,23.0,0.2357,0.2108,0.0444,7.0,95399186.0
1059128.0,"Italy, United States of America",2024.0,en,6.915,53400000.0,5.0,2.0,1.0,Drama,November,27.0,0.3017,0.0947,0.009,6.915,3865730.0
567811.0,"Canada, United Kingdom, United States of America",2024.0,en,7.8,0.0,5.0,4.0,1.0,Animation,April,18.0,0.292,0.1214,0.0147,7.8,16219846.0
1086747.0,"United States of America, Ireland",2024.0,en,6.4,30000000.0,5.0,3.0,1.0,Fantasy,June,6.0,0.2829,0.1413,0.02,6.4,51147812.0
949484.0,United States of America,2024.0,en,6.3,13000000.0,5.0,2.0,1.0,Action,August,29.0,0.2814,0.1443,0.0208,6.3,126540.0
1207898.0,United Kingdom,2024.0,en,6.6,0.0,5.0,1.0,1.0,Horror,January,18.0,0.2967,0.1094,0.012,6.6,771460.0
857598.0,India,2024.0,te,6.762,63000000.0,5.0,4.0,1.0,Action,December,4.0,0.2828,0.1414,0.02,6.762,199000000.0
937287.0,"Italy, United States of America",2024.0,en,7.0,55000000.0,5.0,2.0,1.0,Romance,April,18.0,0.2791,0.1488,0.0221,7.0,94182533.0
634492.0,United States of America,2024.0,en,5.4,80000000.0,5.0,2.0,1.0,Action,February,14.0,0.2708,0.1632,0.0266,5.4,100498764.0
975511.0,"Greece, Italy, United Kingdom, United States of America",2024.0,en,6.6,20000000.0,5.0,3.0,1.0,History,September,7.0,0.2791,0.1486,0.0221,6.6,2106733.0
967847.0,United States of America,2024.0,en,6.5,100000000.0,5.0,3.0,1.0,Fantasy,March,20.0,0.2642,0.1737,0.0302,6.5,201967521.0
989662.0,United States of America,2024.0,en,7.0,0.0,5.0,2.0,1.0,Comedy,August,24.0,0.2782,0.1504,0.0226,7.0,1169365.0
1038263.0,"Germany, Italy, United States of America",2024.0,en,6.5,0.0,5.0,2.0,1.0,Drama,November,27.0,0.2565,0.185,0.0342,6.5,504938.0
1109255.0,"France, Italy",2024.0,it,6.9,32000000.0,5.0,2.0,1.0,Romance,October,19.0,0.2911,0.1236,0.0153,6.9,8460800.0
1186532.0,United States of America,2024.0,en,8.3,5000000.0,5.0,2.0,1.0,Drama,August,22.0,0.2598,0.1803,0.0325,8.3,40392664.0
646683.0,United States of America,2024.0,en,5.1,22000000.0,5.0,2.0,1.0,Horror,May,30.0,0.2502,0.1934,0.0374,5.1,12610418.0
560016.0,"Canada, Singapore, United States of America",2024.0,en,6.9,10000000.0,5.0,2.0,1.0,Action,April,3.0,0.2863,0.1343,0.018,6.9,35271631.0
1010600.0,"Slovakia, Spain, United Kingdom, United States of America",2024.0,en,5.767,8500000.0,5.0,2.0,1.0,Horror,May,15.0,0.2916,0.1223,0.015,5.767,48166448.0
959098.0,France,2024.0,fr,6.6,0.0,5.0,2.0,1.0,Adventure,February,1.0,0.24,0.2059,0.0424,6.6,21719459.0
1171462.0,Japan,2024.0,ja,6.8,0.0,5.0,3.0,1.0,Action,January,19.0,0.2496,0.1941,0.0377,6.8,19077748.0
1023922.0,United States of America,2024.0,en,6.367,1000000.0,5.0,3.0,1.0,Horror,July,4.0,0.2879,0.1309,0.0171,6.367,22057160.0
1125311.0,United States of America,2024.0,en,5.989,13000000.0,5.0,2.0,1.0,Horror,March,6.0,0.2971,0.1082,0.0117,5.989,43787034.0
1225377.0,Canada,2024.0,en,4.129,800000.0,5.0,2.0,1.0,Horror,August,23.0,0.2469,0.1976,0.039,4.129,5737.0
1012201.0,Japan,2024.0,ja,7.6,5000000.0,5.0,2.0,1.0,Animation,February,16.0,0.26,0.18,0.0324,7.6,100255784.0
1087388.0,"Australia, United Kingdom, United States of America",2024.0,en,6.324,0.0,5.0,3.0,1.0,Horror,April,12.0,0.2631,0.1754,0.0308,6.324,1090798.0
869291.0,"Germany, United States of America",2024.0,en,5.8,7000000.0,5.0,3.0,1.0,Horror,August,2.0,0.2773,0.1521,0.0231,5.8,6680396.0
970347.0,"Canada, United States of America",2024.0,en,6.4,30000000.0,5.0,3.0,1.0,Action,August,22.0,0.2885,0.1296,0.0168,6.4,318618.0
932086.0,United States of America,2024.0,en,6.908,50000000.0,5.0,2.0,1.0,Western,June,26.0,0.273,0.1597,0.0255,6.908,38235702.0
1026999.0,Poland,2024.0,pl,6.1,0.0,5.0,3.0,1.0,Fantasy,January,5.0,0.2665,0.1702,0.029,6.1,15348026.0
1207830.0,"Canada, South Africa, United States of America",2024.0,en,6.4,0.0,5.0,4.0,1.0,Animation,May,1.0,0.2506,0.1928,0.0372,6.4,664443.0
1214509.0,Canada,2024.0,en,5.7,600000.0,5.0,2.0,1.0,Horror,May,31.0,0.2949,0.1141,0.013,5.7,4258197.0
838209.0,South Korea,2024.0,ko,7.5,0.0,5.0,3.0,1.0,Mystery,February,22.0,0.2716,0.162,0.0262,7.5,97974828.0
1209217.0,Japan,2024.0,ja,7.1,0.0,5.0,4.0,1.0,Animation,April,12.0,0.2738,0.1583,0.025,7.1,150008115.0
748230.0,United States of America,2024.0,en,6.2,0.0,5.0,1.0,1.0,Horror,October,3.0,0.2623,0.1767,0.0312,6.2,851156.0
959604.0,"Belgium, France",2024.0,fr,7.3,37315205.0,5.0,3.0,1.0,Romance,October,16.0,0.254,0.1884,0.0355,7.3,36010728.0
948549.0,"United Kingdom, United States of America",2024.0,en,6.579,10000000.0,5.0,6.0,1.0,Crime,March,7.0,0.2673,0.169,0.0286,6.579,12778225.0
801688.0,India,2024.0,te,6.4,75000000.0,5.0,4.0,1.0,Drama,June,26.0,0.2974,0.1075,0.0116,6.4,141000000.0
956842.0,United States of America,2024.0,en,6.866,100000000.0,5.0,2.0,1.0,Romance,July,10.0,0.2886,0.1292,0.0167,6.866,42247783.0
1094274.0,United States of America,2024.0,en,5.2,15000000.0,5.0,3.0,1.0,Comedy,December,6.0,0.2393,0.2067,0.0427,5.2,4210306.0
413846.0,United States of America,2024.0,en,6.9,0.0,5.0,3.0,1.0,Crime,August,29.0,0.2837,0.1397,0.0195,6.9,2.0
785542.0,"Germany, United Kingdom, France, United States of America",2024.0,en,6.9,0.0,5.0,1.0,1.0,Drama,September,27.0,0.3031,0.0902,0.0081,6.9,3983828.0
882059.0,United States of America,2024.0,en,6.8,18000000.0,5.0,3.0,1.0,Crime,April,24.0,0.254,0.1884,0.0355,6.8,3139717.0
1026436.0,United States of America,2024.0,en,6.4,4000000.0,5.0,3.0,1.0,Thriller,January,18.0,0.2898,0.1266,0.016,6.4,1430985.0
832964.0,"Australia, United States of America, United Kingdom, Luxembourg",2024.0,en,7.091,0.0,5.0,3.0,1.0,History,September,12.0,0.2866,0.1337,0.0179,7.091,23508220.0
1128650.0,"China, Hong Kong",2024.0,cn,7.4,38500000.0,5.0,4.0,1.0,Action,December,8.0,0.2714,0.1623,0.0263,7.4,128093757.0
1062644.0,"Belgium, France",2024.0,fr,6.663,0.0,5.0,1.0,1.0,Drama,March,27.0,0.2921,0.1212,0.0147,6.663,2365956.0
974635.0,United States of America,2024.0,en,6.832,8800000.0,5.0,3.0,1.0,Comedy,May,16.0,0.2977,0.1065,0.0113,6.832,5101673.0
1115623.0,"Germany, United States of America",2024.0,en,6.8,1303000.0,5.0,2.0,1.0,Action,May,9.0,0.2842,0.1387,0.0192,6.8,65000000.0
1103621.0,Thailand,2024.0,th,8.1,0.0,5.0,1.0,1.0,Drama,April,4.0,0.261,0.1785,0.0319,8.1,73800000.0
1300962.0,United Kingdom,2024.0,en,6.0,0.0,5.0,3.0,1.0,Horror,July,22.0,0.2905,0.1248,0.0156,6.0,51860.0
626412.0,South Korea,2024.0,ko,6.582,0.0,5.0,3.0,1.0,Action,January,10.0,0.2828,0.1414,0.02,6.582,10824208.0
1017163.0,South Korea,2024.0,ko,6.8,0.0,5.0,5.0,1.0,Action,April,24.0,0.2779,0.151,0.0228,6.8,83703350.0
921436.0,South Korea,2024.0,ko,7.2,0.0,5.0,2.0,1.0,Action,July,3.0,0.2879,0.1307,0.0171,7.2,13368094.0
995926.0,South Korea,2024.0,ko,7.1,0.0,5.0,2.0,1.0,Action,September,13.0,0.2714,0.1624,0.0264,7.1,53453611.0
1051891.0,"Switzerland, United States of America",2024.0,en,7.0,5000000.0,5.0,4.0,1.0,Action,June,21.0,0.2455,0.1994,0.0398,7.0,12537071.0
940139.0,"United States of America, Canada",2024.0,en,6.718,40000000.0,5.0,1.0,1.0,Drama,October,30.0,0.2621,0.1769,0.0313,6.718,15397270.0
1029955.0,"Ireland, United Kingdom, United States of America",2024.0,en,6.572,15000000.0,5.0,2.0,1.0,Drama,May,30.0,0.2762,0.154,0.0237,6.572,16398509.0
1235499.0,United States of America,2024.0,en,6.364,2000000.0,5.0,1.0,1.0,Drama,December,13.0,0.2346,0.212,0.045,6.364,4455671.0
1059064.0,United States of America,2024.0,en,6.2,0.0,5.0,3.0,1.0,Crime,August,2.0,0.2268,0.2204,0.0486,6.2,11098.0
1120911.0,United States of America,2024.0,en,6.8,25000000.0,5.0,2.0,1.0,Comedy,September,27.0,0.2651,0.1725,0.0297,6.8,9802525.0
858017.0,United States of America,2024.0,en,6.1,10000000.0,5.0,2.0,1.0,Drama,May,3.0,0.2043,0.2414,0.0583,6.1,5396508.0
1072342.0,United States of America,2024.0,en,5.577,15000000.0,5.0,1.0,1.0,Horror,January,3.0,0.3048,0.0841,0.0071,5.577,54771241.0
848538.0,"United Kingdom, United States of America",2024.0,en,6.1,200000000.0,5.0,4.0,1.0,Action,January,31.0,0.2931,0.1188,0.0141,6.1,96221061.0
673593.0,United States of America,2024.0,en,5.9,36000000.0,5.0,1.0,2.0,Comedy,January,10.0,0.281,0.1451,0.021,5.9,104573204.0
1241674.0,"Sweden, United Kingdom",2024.0,en,6.2,30000.0,5.0,2.0,1.0,Horror,June,28.0,0.2335,0.2133,0.0455,6.2,273650.0
1008409.0,United States of America,2024.0,en,6.717,40000000.0,5.0,2.0,1.0,Crime,June,19.0,0.2835,0.1402,0.0196,6.717,36110860.0
1207123.0,China,2024.0,zh,8.0,0.0,5.0,4.0,2.0,Animation,July,30.0,0.2951,0.1135,0.0129,8.0,59307515.0
1192209.0,"Brazil, India",2024.0,pt,6.9,0.0,5.0,5.0,2.0,Animation,January,5.0,0.281,0.1451,0.021,6.9,2162345.0
998846.0,"United Kingdom, United States of America",2024.0,en,6.688,30000000.0,5.0,3.0,1.0,Music,April,11.0,0.2558,0.1859,0.0345,6.688,51001975.0
647245.0,United States of America,2024.0,en,6.273,25000000.0,5.0,2.0,1.0,History,August,29.0,0.2906,0.1246,0.0155,6.273,30107173.0
1232493.0,"Norway, Palestinian Territory",2024.0,ar,8.1,0.0,5.0,1.0,4.0,Documentary,November,1.0,0.2853,0.1364,0.0186,8.1,116787.0
1099413.0,Brazil,2024.0,pt,7.173,3000000.0,5.0,2.0,2.0,Comedy,December,25.0,0.2757,0.1548,0.024,7.173,7200000.0
1129610.0,Japan,2024.0,ja,6.6,0.0,5.0,3.0,1.0,Animation,June,7.0,0.2971,0.1084,0.0118,6.6,3829407.0
1144911.0,"France, Italy, United States of America",2024.0,en,5.8,0.0,5.0,2.0,1.0,Thriller,August,15.0,0.2987,0.1037,0.0108,5.8,451381.0
1158915.0,United States of America,2024.0,en,7.2,0.0,5.0,2.0,1.0,Comedy,July,26.0,0.2648,0.1729,0.0299,7.2,5067608.0
1186350.0,India,2024.0,ml,6.6,3467987.0,5.0,3.0,1.0,Action,December,20.0,0.279,0.1489,0.0222,6.6,11559958.0
870360.0,United States of America,2024.0,en,7.7,15000000.0,5.0,3.0,1.0,Animation,August,1.0,0.2534,0.1892,0.0358,7.7,423628.0
1020896.0,"Greece, Norway, Sweden",2024.0,no,5.985,0.0,5.0,3.0,1.0,Horror,February,9.0,0.2934,0.118,0.0139,5.985,105046.0
1087421.0,Spain,2024.0,es,5.9,0.0,5.0,1.0,1.0,Comedy,August,23.0,0.2792,0.1484,0.022,5.9,5799220.0
758679.0,"Belgium, United Kingdom, United States of America",2024.0,en,6.9,0.0,5.0,2.0,1.0,Thriller,January,11.0,0.2935,0.1176,0.0138,6.9,2681023.0
598387.0,United States of America,2024.0,en,7.3,0.0,5.0,3.0,1.0,Animation,February,16.0,0.2887,0.1291,0.0167,7.3,762183.0
1029330.0,United States of America,2024.0,en,7.3,0.0,5.0,2.0,1.0,Romance,April,2.0,0.265,0.1725,0.0298,7.3,5937306.0
927547.0,"India, France, Luxembourg, Netherlands, Italy",2024.0,ml,6.9,0.0,5.0,1.0,1.0,Drama,September,21.0,0.2804,0.1463,0.0214,6.9,3010117.0
802219.0,United States of America,2024.0,en,6.7,70000000.0,5.0,3.0,1.0,Music,February,14.0,0.2711,0.1629,0.0265,6.7,180828556.0
1096342.0,United States of America,2024.0,en,5.5,0.0,5.0,3.0,1.0,Romance,January,24.0,0.283,0.1412,0.0199,5.5,1781246.0
914206.0,"Canada, France",2024.0,fr,6.3,8400000.0,5.0,3.0,1.0,Drama,February,7.0,0.292,0.1214,0.0147,6.3,760979.0
1056444.0,Japan,2024.0,ja,6.7,0.0,5.0,3.0,1.0,Animation,August,30.0,0.2605,0.1793,0.0322,6.7,1470214.0
1236419.0,"Denmark, United States of America",2024.0,en,7.5,16000000.0,5.0,3.0,1.0,Animation,October,10.0,0.265,0.1726,0.0298,7.5,10591426.0
1118224.0,India,2024.0,ta,7.9,0.0,5.0,2.0,1.0,Action,June,14.0,0.3054,0.082,0.0067,7.9,10758542.0
1045770.0,France,2024.0,fr,6.156,6700000.0,5.0,2.0,1.0,Comedy,February,7.0,0.2782,0.1504,0.0226,6.156,3829263.0
1079244.0,"Belgium, Ireland",2024.0,en,6.9,25000000.0,5.0,3.0,1.0,History,November,20.0,0.3011,0.0966,0.0093,6.9,12165702.0
618588.0,"Canada, United States of America",2024.0,en,7.6,19000000.0,5.0,2.0,1.0,Adventure,March,15.0,0.2944,0.1154,0.0133,7.6,40829138.0
1102493.0,"Belgium, Ireland, United States of America",2024.0,en,6.8,0.0,5.0,1.0,1.0,Drama,November,1.0,0.2948,0.1144,0.0131,6.8,10604490.0
1146972.0,Japan,2024.0,ja,6.7,0.0,5.0,4.0,1.0,Animation,January,26.0,0.2799,0.1472,0.0217,6.7,36038764.0
974036.0,United States of America,2024.0,en,7.8,13000000.0,5.0,1.0,1.0,Drama,February,22.0,0.2805,0.146,0.0213,7.8,20571534.0
1192195.0,France,2024.0,fr,6.3,5000000.0,5.0,1.0,1.0,Comedy,April,24.0,0.284,0.1392,0.0194,6.3,6483501.0
1180629.0,"Ireland, United Kingdom",2024.0,ga,7.07,0.0,5.0,3.0,1.0,Comedy,August,2.0,0.2685,0.1671,0.0279,7.07,4345446.0
1030076.0,Spain,2024.0,es,7.048,0.0,5.0,2.0,1.0,Family,July,17.0,0.2953,0.1131,0.0128,7.048,14668098.0
1158874.0,United States of America,2024.0,en,6.8,0.0,5.0,1.0,2.0,Documentary,August,9.0,0.304,0.0871,0.0076,6.8,60091.0
1013154.0,"Spain, United Kingdom",2024.0,en,6.274,5000.0,5.0,2.0,1.0,Drama,December,6.0,0.2957,0.1121,0.0126,6.274,718850.0
774531.0,United States of America,2024.0,en,7.9,40000000.0,5.0,2.0,1.0,History,May,31.0,0.2675,0.1687,0.0285,7.9,581725.0
1037113.0,United States of America,2024.0,en,7.2,3000000.0,5.0,1.0,1.0,Comedy,March,15.0,0.2828,0.1414,0.02,7.2,455708.0
1217690.0,United States of America,2024.0,en,5.7,8000000.0,5.0,3.0,1.0,Action,December,19.0,0.2832,0.1408,0.0198,5.7,20751060.0
1223178.0,Japan,2024.0,ja,8.7,0.0,5.0,4.0,1.0,Animation,May,24.0,0.2668,0.1698,0.0288,8.7,8551637.0
784651.0,India,2024.0,hi,6.1,30069500.0,5.0,2.0,1.0,Action,January,24.0,0.2963,0.1104,0.0122,6.1,43160558.0
843416.0,"Luxembourg, United States of America",2024.0,en,6.2,0.0,5.0,1.0,1.0,Drama,June,27.0,0.2997,0.1009,0.0102,6.2,1045422.0
957304.0,United Kingdom,2024.0,en,5.5,8000000.0,5.0,2.0,1.0,Comedy,February,22.0,0.2814,0.1443,0.0208,5.5,7935363.0
1152014.0,France,2024.0,fr,7.141,6400000.0,5.0,1.0,1.0,Comedy,April,18.0,0.2897,0.1267,0.016,7.141,84058132.0
1128559.0,"United States of America, United Kingdom",2024.0,en,8.3,0.0,5.0,1.0,2.0,Documentary,September,21.0,0.275,0.1561,0.0244,8.3,89388.0
840889.0,United Kingdom,2024.0,en,6.366,0.0,5.0,1.0,1.0,Horror,February,22.0,0.2751,0.156,0.0243,6.366,778500.0
610251.0,South Korea,2024.0,ko,7.2,0.0,5.0,4.0,1.0,Action,December,24.0,0.2926,0.1199,0.0144,7.2,31399844.0
1116465.0,"China, Hong Kong",2024.0,zh,5.879,0.0,5.0,4.0,1.0,Action,July,5.0,0.2822,0.1427,0.0204,5.879,11242056.0
848439.0,"United Kingdom, United States of America",2024.0,en,6.3,0.0,5.0,3.0,1.0,Drama,March,27.0,0.2654,0.172,0.0296,6.3,2603084.0
1292359.0,"Philippines, Canada",2024.0,tl,6.5,0.0,5.0,2.0,1.0,Romance,November,13.0,0.2945,0.1152,0.0133,6.5,27638704.0
1148713.0,"Belgium, France, Spain",2024.0,es,6.5,5400000.0,5.0,2.0,1.0,Thriller,January,19.0,0.2985,0.1044,0.0109,6.5,1751343.0
832262.0,"Australia, United States of America",2024.0,en,6.5,0.0,5.0,2.0,1.0,Mystery,February,8.0,0.2255,0.2217,0.0492,6.5,5786313.0
881366.0,"United Kingdom, Denmark, Germany, Ireland, Italy, Sweden",2024.0,en,4.8,0.0,5.0,4.0,1.0,Drama,December,6.0,0.2592,0.1811,0.0328,4.8,141660.0
1214539.0,"Belgium, France, Netherlands",2024.0,fr,7.241,0.0,5.0,2.0,1.0,Documentary,September,11.0,0.2517,0.1915,0.0367,7.241,311457.0
1068518.0,Spain,2024.0,en,5.8,0.0,5.0,2.0,1.0,Romance,August,23.0,0.2939,0.1166,0.0136,5.8,271682.0
622792.0,India,2024.0,ta,4.2,0.0,5.0,3.0,1.0,Action,November,14.0,0.2773,0.1521,0.0231,4.2,13885456.0
472221.0,India,2024.0,ml,7.3,9800000.0,5.0,2.0,1.0,Drama,March,28.0,0.2689,0.1664,0.0277,7.3,19000000.0
1033462.0,China,2024.0,zh,3.3,0.0,5.0,3.0,1.0,Action,October,1.0,0.2745,0.157,0.0247,3.3,51706251.0
1112426.0,India,2024.0,hi,6.5,12000000.0,5.0,2.0,1.0,Horror,August,15.0,0.2592,0.1811,0.0328,6.5,102184000.0
1019939.0,United States of America,2024.0,en,7.374,150000.0,5.0,3.0,1.0,Comedy,January,26.0,0.2605,0.1793,0.0322,7.374,804017.0
1206617.0,United States of America,2024.0,en,6.9,10000000.0,5.0,3.0,1.0,Comedy,November,7.0,0.2999,0.1003,0.0101,6.9,40236104.0
1002155.0,"Belgium, France",2024.0,fr,7.255,28000000.0,5.0,2.0,2.0,History,October,23.0,0.2688,0.1666,0.0278,7.255,15198387.0
1094009.0,United States of America,2024.0,en,5.1,10000000.0,5.0,1.0,1.0,Comedy,May,31.0,0.3081,0.0714,0.0051,5.1,2402245.0
1234397.0,"United Kingdom, United States of America",2024.0,en,6.7,200000.0,5.0,3.0,2.0,Animation,December,6.0,0.2779,0.1509,0.0228,6.7,211734.0
993784.0,United States of America,2024.0,en,6.3,13400000.0,5.0,3.0,1.0,Comedy,February,7.0,0.2815,0.1441,0.0208,6.3,9927714.0
1032425.0,"Canada, Denmark, Mexico, United Kingdom, United States of America",2024.0,en,6.4,0.0,5.0,3.0,1.0,Western,May,1.0,0.3005,0.0984,0.0097,6.4,970119.0
1122618.0,United States of America,2024.0,en,6.3,0.0,5.0,1.0,1.0,Drama,August,9.0,0.2588,0.1817,0.033,6.3,165620.0
790462.0,United States of America,2024.0,en,5.798,13800000.0,5.0,2.0,1.0,Science Fiction,January,19.0,0.2734,0.1589,0.0253,5.798,6605079.0
1229349.0,China,2024.0,zh,6.3,100000000.0,5.0,3.0,1.0,Drama,February,10.0,0.26,0.18,0.0324,6.3,480600000.0
1225862.0,China,2024.0,zh,5.9,0.0,5.0,2.0,1.0,Drama,May,1.0,0.2891,0.1283,0.0164,5.9,55200000.0
1242526.0,United States of America,2024.0,en,6.6,8500000.0,5.0,1.0,1.0,Drama,July,4.0,0.27,0.1646,0.0271,6.6,11721425.0
1159799.0,"Brazil, United States of America",2024.0,en,7.4,0.0,5.0,3.0,1.0,Family,August,7.0,0.284,0.139,0.0193,7.4,2756776.0
1014214.0,India,2024.0,hi,4.3,0.0,5.0,4.0,1.0,Action,November,1.0,0.3085,0.0694,0.0048,4.3,5866875.0
1047020.0,United States of America,2024.0,en,7.089,0.0,5.0,2.0,1.0,Crime,May,10.0,0.2909,0.124,0.0154,7.089,94344.0
1000866.0,France,2024.0,fr,7.5,6100000.0,5.0,3.0,1.0,Comedy,November,27.0,0.2879,0.1309,0.0171,7.5,14870849.0
1273472.0,China,2024.0,zh,5.8,0.0,5.0,2.0,1.0,Comedy,December,20.0,0.2945,0.1152,0.0133,5.8,61098500.0
823491.0,"United Kingdom, United States of America",2024.0,en,5.7,1500000.0,5.0,2.0,1.0,Horror,February,9.0,0.2944,0.1156,0.0134,5.7,1987281.0
852247.0,United States of America,2024.0,en,6.7,12000000.0,5.0,1.0,1.0,Comedy,March,1.0,0.3009,0.0972,0.0094,6.7,2503154.0
975773.0,"United Kingdom, United States of America, France",2024.0,en,6.962,12600000.0,5.0,3.0,1.0,Comedy,February,23.0,0.2729,0.1597,0.0255,6.962,27219729.0
1148677.0,Japan,2024.0,ja,7.2,0.0,5.0,7.0,1.0,Animation,March,1.0,0.2667,0.17,0.0289,7.2,33399912.0
1187417.0,"Canada, Germany, Hungary, United States of America",2024.0,en,4.9,0.0,5.0,2.0,3.0,Comedy,October,18.0,0.2914,0.1227,0.0151,4.9,450517.0
1299537.0,China,2024.0,zh,7.0,0.0,5.0,1.0,2.0,Comedy,July,13.0,0.2795,0.1479,0.0219,7.0,473859800.0
1115009.0,United States of America,2024.0,en,6.7,6000000.0,5.0,3.0,2.0,Drama,April,26.0,0.2728,0.1599,0.0256,6.7,21220422.0
1039773.0,United States of America,2024.0,en,4.7,0.0,5.0,2.0,1.0,Fantasy,March,15.0,0.2981,0.1054,0.0111,4.7,2480645.0
973912.0,France,2024.0,fr,5.5,0.0,5.0,1.0,1.0,Comedy,February,7.0,0.277,0.1525,0.0233,5.5,18259571.0
1032472.0,"Iceland, United Kingdom",2024.0,is,7.5,0.0,5.0,2.0,1.0,Romance,May,29.0,0.2767,0.1531,0.0234,7.5,1709336.0
1200978.0,"Spain, Mexico",2024.0,es,7.2,0.0,5.0,1.0,1.0,Comedy,May,16.0,0.2621,0.177,0.0313,7.2,168579.0
999582.0,United States of America,2024.0,en,6.0,3700000.0,5.0,1.0,1.0,Comedy,May,17.0,0.3,0.1,0.01,6.0,3663309.0
1149791.0,India,2024.0,ml,7.7,380000.0,5.0,2.0,1.0,Romance,February,9.0,0.2979,0.106,0.0112,7.7,9000000.0
974663.0,"Australia, France, Spain",2024.0,en,5.6,0.0,5.0,6.0,1.0,Animation,July,4.0,0.2803,0.1465,0.0214,5.6,4543.0
1024592.0,United States of America,2024.0,en,4.8,0.0,5.0,1.0,1.0,Drama,September,12.0,0.2694,0.1656,0.0274,4.8,3106540.0
1069187.0,"United Kingdom, Italy",2024.0,en,6.5,0.0,5.0,2.0,1.0,Drama,January,25.0,0.2757,0.1549,0.024,6.5,104801.0
1154154.0,South Korea,2024.0,ko,7.6,0.0,5.0,2.0,1.0,Romance,October,1.0,0.2901,0.1259,0.0158,7.6,6229165.0
977262.0,United States of America,2024.0,en,7.0,5000000.0,5.0,2.0,1.0,Comedy,May,30.0,0.2734,0.1589,0.0253,7.0,3046741.0
972433.0,"France, Italy, United Kingdom, Ireland",2024.0,en,6.1,0.0,5.0,2.0,1.0,Drama,January,5.0,0.287,0.1328,0.0176,6.1,2.0
1084066.0,"Georgia, Israel, United Kingdom, United States of America",2024.0,en,7.8,0.0,5.0,3.0,2.0,Thriller,March,8.0,0.2832,0.1406,0.0198,7.8,1750678.0
1042650.0,United States of America,2024.0,en,6.6,0.0,5.0,1.0,1.0,Drama,July,18.0,0.2412,0.2045,0.0418,6.6,3336542.0
1249423.0,China,2024.0,zh,7.1,0.0,5.0,1.0,1.0,Drama,June,14.0,0.2632,0.1754,0.0307,7.1,4600000.0
1093966.0,India,2024.0,ta,6.1,35500000.0,5.0,3.0,1.0,Action,October,10.0,0.2475,0.1969,0.0387,6.1,30745762.0
1088096.0,United States of America,2024.0,en,6.0,5000000.0,5.0,2.0,1.0,Comedy,October,17.0,0.2778,0.151,0.0228,6.0,1320429.0
1083300.0,France,2024.0,fr,5.173,0.0,5.0,1.0,1.0,Comedy,February,14.0,0.2502,0.1934,0.0374,5.173,11227393.0
1129508.0,United States of America,2024.0,en,4.6,1000000.0,5.0,3.0,1.0,History,April,11.0,0.288,0.1306,0.0171,4.6,2601719.0
1223584.0,Turkey,2024.0,tr,0.0,0.0,5.0,2.0,1.0,Drama,April,19.0,0.2424,0.203,0.0412,0.0,37585.0
976584.0,United States of America,2024.0,en,5.8,40000000.0,5.0,3.0,1.0,Adventure,January,11.0,0.2574,0.1836,0.0337,5.8,6205230.0
628922.0,"United Kingdom, United States of America",2024.0,en,6.1,0.0,5.0,2.0,1.0,Thriller,March,28.0,0.2399,0.2061,0.0425,6.1,488002.0
975056.0,"Italy, United States of America",2024.0,en,7.8,50000000.0,5.0,2.0,1.0,History,March,7.0,0.2779,0.1509,0.0228,7.8,20592796.0
982202.0,"Austria, Germany, Switzerland",2024.0,de,6.078,0.0,5.0,3.0,1.0,Drama,January,17.0,0.2967,0.1093,0.012,6.078,115632.0
995746.0,"Belgium, France",2024.0,fr,6.8,7000000.0,5.0,2.0,1.0,Drama,April,10.0,0.2753,0.1556,0.0242,6.8,308326.0
1298727.0,China,2024.0,zh,6.8,0.0,5.0,3.0,1.0,Drama,September,30.0,0.2648,0.1728,0.0299,6.8,165558372.0
831395.0,"United Kingdom, United States of America",2024.0,en,6.8,0.0,5.0,2.0,1.0,Fantasy,June,7.0,0.2683,0.1673,0.028,6.8,637590.0
1189423.0,Australia,2024.0,en,6.3,0.0,5.0,2.0,1.0,Animation,July,25.0,0.2897,0.1267,0.016,6.3,349698.0
1257926.0,Turkey,2024.0,tr,5.5,0.0,5.0,2.0,1.0,Romance,October,31.0,0.2854,0.1362,0.0185,5.5,1450000.0
1113583.0,"United States of America, Israel",2024.0,en,6.2,0.0,5.0,1.0,1.0,Drama,December,6.0,0.2937,0.1172,0.0137,6.2,39856.0
879805.0,"Canada, United States of America",2024.0,en,7.8,0.0,5.0,2.0,1.0,Documentary,June,18.0,0.2967,0.1095,0.012,7.8,292987.0
1129608.0,India,2024.0,ta,4.9,36000000.0,5.0,3.0,1.0,Action,September,5.0,0.294,0.1165,0.0136,4.9,47700000.0
1289004.0,Turkey,2024.0,tr,1.8,0.0,5.0,1.0,1.0,Horror,June,13.0,0.2694,0.1656,0.0274,1.8,3000000.0
1208850.0,Malaysia,2024.0,ms,7.8,1955146.0,5.0,6.0,1.0,War,August,22.0,0.2928,0.1194,0.0143,7.8,5800981.0
1057006.0,United States of America,2024.0,en,6.074,6000000.0,5.0,2.0,1.0,Drama,May,24.0,0.2932,0.1185,0.014,6.074,7206741.0
586353.0,Russia,2024.0,ru,7.0,15000000.0,5.0,2.0,1.0,Drama,January,25.0,0.2917,0.122,0.0149,7.0,28013812.0
1214469.0,United States of America,2024.0,en,7.2,0.0,5.0,2.0,2.0,Comedy,June,14.0,0.2611,0.1784,0.0318,7.2,672640.0
1233208.0,"France, Germany, United Kingdom",2024.0,hi,7.2,2500000.0,5.0,3.0,1.0,Crime,July,17.0,0.2621,0.1769,0.0313,7.2,1097812.0
1216195.0,Thailand,2024.0,th,6.1,0.0,5.0,2.0,1.0,Comedy,March,14.0,0.2981,0.1054,0.0111,6.1,3984000.0
645985.0,South Korea,2024.0,ko,7.3,0.0,5.0,1.0,1.0,Drama,December,4.0,0.2828,0.1414,0.02,7.3,22810160.0
736720.0,South Korea,2024.0,ko,6.6,0.0,5.0,2.0,1.0,Comedy,June,26.0,0.2809,0.1452,0.0211,6.6,14439610.0
1258626.0,Vietnam,2024.0,vi,7.3,0.0,5.0,2.0,1.0,Family,April,26.0,0.2842,0.1387,0.0192,7.3,19353760.0
610219.0,United States of America,2024.0,en,6.8,12000000.0,5.0,2.0,1.0,History,December,25.0,0.261,0.1785,0.0319,6.8,7630259.0
1187058.0,India,2024.0,hi,6.0,3592556.0,5.0,2.0,1.0,Comedy,June,7.0,0.2887,0.1291,0.0167,6.0,15743613.0
1171634.0,France,2024.0,fr,6.359,0.0,5.0,3.0,1.0,Drama,October,2.0,0.2941,0.1163,0.0135,6.359,5675601.0
1084514.0,United States of America,2024.0,en,6.2,0.0,5.0,2.0,1.0,Drama,August,2.0,0.2639,0.1742,0.0304,6.2,376554.0
1125073.0,United States of America,2024.0,en,5.6,0.0,5.0,2.0,1.0,Comedy,August,22.0,0.294,0.1165,0.0136,5.6,2113603.0
891933.0,United States of America,2024.0,en,6.5,0.0,5.0,3.0,1.0,Drama,January,10.0,0.2853,0.1364,0.0186,6.5,65871.0
1280941.0,Italy,2024.0,it,7.062,0.0,5.0,1.0,1.0,Drama,October,10.0,0.2672,0.1692,0.0286,7.062,3252119.0
1143508.0,"United Kingdom, United States of America",2024.0,en,6.3,0.0,5.0,2.0,1.0,Family,August,30.0,0.2907,0.1246,0.0155,6.3,1369201.0
1251621.0,"Czech Republic, Slovakia",2024.0,cs,8.3,3400000.0,5.0,3.0,1.0,Thriller,August,1.0,0.2774,0.1519,0.0231,8.3,7234115.0
1300945.0,China,2024.0,zh,6.733,0.0,5.0,3.0,1.0,Crime,July,3.0,0.2455,0.1994,0.0398,6.733,192856689.0
696047.0,South Korea,2024.0,ko,7.4,0.0,5.0,2.0,1.0,Comedy,January,24.0,0.2853,0.1364,0.0186,7.4,11976305.0
635996.0,South Korea,2024.0,ko,7.076,0.0,5.0,2.0,1.0,Science Fiction,June,5.0,0.2818,0.1436,0.0206,7.076,4264268.0
1201753.0,"Canada, Finland, United Kingdom, United States of America",2024.0,en,5.193,0.0,5.0,2.0,1.0,Horror,December,6.0,0.2586,0.182,0.0331,5.193,104976.0
1166133.0,India,2024.0,ml,7.478,3300000.0,5.0,3.0,1.0,Horror,February,15.0,0.2711,0.1629,0.0265,7.478,10000000.0
1037035.0,"United Kingdom, United States of America",2024.0,en,5.9,0.0,5.0,1.0,1.0,Drama,June,21.0,0.2563,0.1853,0.0343,5.9,727621.0
1001292.0,"Belgium, France, Germany",2024.0,fr,6.9,0.0,5.0,2.0,1.0,Drama,July,3.0,0.2944,0.1155,0.0133,6.9,609149.0
1032642.0,"Denmark, Sweden, United States of America",2024.0,en,5.2,0.0,5.0,2.0,1.0,Comedy,July,5.0,0.27,0.1646,0.0271,5.2,9150.0
1126166.0,United States of America,2025.0,en,6.0,25000000.0,5.0,3.0,1.0,Action,January,22.0,0.2845,0.1381,0.0191,6.0,40420193.0
822119.0,United States of America,2025.0,en,6.179,180000000.0,5.0,3.0,1.0,Action,February,12.0,0.3053,0.0823,0.0068,6.179,289405738.0
1084199.0,United States of America,2025.0,en,7.0,10000000.0,5.0,3.0,1.0,Horror,January,22.0,0.273,0.1597,0.0255,7.0,34480388.0
774370.0,United States of America,2025.0,en,7.7,40000000.0,5.0,4.0,1.0,Family,January,24.0,0.2896,0.1271,0.0161,7.7,88192145.0
710295.0,United States of America,2025.0,en,6.5,25000000.0,5.0,2.0,1.0,Horror,January,15.0,0.2691,0.166,0.0276,6.5,34844931.0
1124620.0,"Canada, United States of America",2025.0,en,6.0,10000000.0,5.0,2.0,1.0,Horror,February,14.0,0.2775,0.1517,0.023,6.0,31249964.0
1272149.0,"United Kingdom, United States of America, France",2025.0,en,6.778,50000000.0,5.0,3.0,1.0,Romance,February,12.0,0.2697,0.1651,0.0273,6.778,66212000.0
980477.0,China,2025.0,zh,7.7,80000000.0,5.0,3.0,1.0,Animation,January,29.0,0.2954,0.1128,0.0127,7.7,1990000000.0
604685.0,"Canada, United States of America",2025.0,en,6.7,40000000.0,5.0,3.0,1.0,Action,January,8.0,0.2972,0.1081,0.0117,6.7,54586117.0
1280672.0,United States of America,2025.0,en,6.9,14000000.0,5.0,1.0,1.0,Comedy,January,16.0,0.301,0.0969,0.0094,6.9,44081884.0
1302151.0,other,2025.0,es,6.8,0.0,5.0,1.0,1.0,Comedy,January,16.0,0.2449,0.2,0.04,6.8,5800000.0
1196943.0,India,2025.0,hi,7.8,15000000.0,5.0,3.0,1.0,History,February,14.0,0.2534,0.1892,0.0358,7.8,28000000.0
881415.0,United States of America,2025.0,en,5.917,2500000.0,2.0,3.0,2.0,Science Fiction,January,31.0,0.2557,0.1861,0.0346,5.917,215586.0
1226406.0,United States of America,2025.0,en,6.0,18000000.0,5.0,3.0,1.0,Action,February,6.0,0.2638,0.1743,0.0304,6.0,13646385.0
1140535.0,United States of America,2025.0,en,6.1,2000000.0,5.0,2.0,1.0,Horror,January,16.0,0.2566,0.1849,0.0342,6.1,9284015.0
1155281.0,China,2025.0,zh,6.1,120000000.0,5.0,3.0,1.0,Action,January,29.0,0.2832,0.1406,0.0198,6.1,161210000.0
972533.0,"United Kingdom, United States of America",2025.0,en,7.0,23800000.0,5.0,2.0,1.0,Thriller,February,24.0,0.2986,0.1042,0.0109,7.0,8337349.0
659956.0,United States of America,2025.0,en,5.679,200000.0,5.0,1.0,1.0,Drama,January,23.0,0.2944,0.1154,0.0133,5.679,3898508.0
1185528.0,China,2025.0,zh,6.615,0.0,5.0,3.0,1.0,Action,January,29.0,0.2475,0.1968,0.0387,6.615,81550000.0
1302916.0,United States of America,2025.0,en,6.2,18000000.0,5.0,3.0,1.0,Comedy,February,6.0,0.2615,0.1778,0.0316,6.2,31010725.0
850439.0,"Ireland, United Kingdom, United States of America, Iceland, Belgium",2025.0,en,5.9,0.0,5.0,3.0,1.0,Drama,January,3.0,0.2968,0.1091,0.0119,5.9,1352553.0
1357305.0,"China, Hong Kong",2025.0,zh,6.0,0.0,5.0,3.0,2.0,Comedy,January,29.0,0.3064,0.0784,0.0061,6.0,441460000.0
1009640.0,"United States of America, Canada",2025.0,en,5.7,10000000.0,5.0,2.0,1.0,War,January,30.0,0.2868,0.1332,0.0178,5.7,725000.0
1020414.0,United Kingdom,2025.0,en,5.4,310000.0,5.0,2.0,1.0,Horror,January,13.0,0.2622,0.1767,0.0312,5.4,269407.0
658224.0,Russia,2025.0,ru,7.3,9100000.0,5.0,2.0,1.0,Drama,January,1.0,0.3066,0.0773,0.006,7.3,34654318.0
765897.0,United States of America,2025.0,en,5.1,6000000.0,5.0,2.0,1.0,Drama,February,20.0,0.3144,0.0335,0.0011,5.1,2500000.0
857800.0,"United Kingdom, United States of America",2025.0,en,7.455,0.0,5.0,2.0,1.0,Documentary,February,5.0,0.2668,0.1698,0.0288,7.455,6625821.0
1290182.0,South Korea,2025.0,ko,9.0,0.0,5.0,3.0,1.0,Romance,February,21.0,0.2557,0.1861,0.0346,9.0,302086.0
811944.0,India,2025.0,te,4.5,41000000.0,5.0,2.0,1.0,Action,January,9.0,0.2804,0.1462,0.0214,4.5,8800000.0
1208735.0,India,2025.0,te,7.1,6400000.0,5.0,4.0,1.0,Romance,February,7.0,0.2343,0.2124,0.0451,7.1,20000000.0
1205229.0,"Belgium, Canada, France, United Kingdom",2025.0,en,5.1,0.0,5.0,5.0,2.0,Animation,January,23.0,0.2868,0.1332,0.0177,5.1,989484.0
1322752.0,Japan,2025.0,ja,0.0,0.0,5.0,2.0,1.0,Animation,January,17.0,0.2955,0.1126,0.0127,0.0,7216471.0
1214522.0,Australia,2025.0,en,0.0,0.0,1.0,1.0,1.0,Documentary,March,6.0,0.2969,0.1088,0.0118,0.0,63448.0
1397163.0,Japan,2025.0,ja,8.0,0.0,5.0,4.0,3.0,Animation,January,17.0,0.3105,0.0598,0.0036,8.0,19467898.0
1210732.0,France,2025.0,fr,6.557,0.0,5.0,2.0,1.0,Comedy,January,1.0,0.2685,0.1671,0.0279,6.557,6606491.0
1424740.0,Brazil,2025.0,pt,0.0,100.0,5.0,2.0,1.0,Documentary,February,27.0,0.2722,0.161,0.0259,0.0,100.0
1377650.0,China,2025.0,zh,0.0,0.0,4.0,3.0,1.0,Animation,January,29.0,0.2741,0.1578,0.0249,0.0,57530000.0
1021679.0,Japan,2025.0,ja,0.0,0.0,5.0,4.0,1.0,Animation,January,31.0,0.2776556197245668,0.1458242685790442,0.022498540331281337,0.0,708566.0
