revenue,rating
752600867.0,6.38
839030630.0,8.369
954305868.0,7.744
592461732.0,7.6
494879471.0,7.8
294804195.0,8.2
359126022.0,6.5
623933331.0,6.8
271430189.0,6.394
844281.0,6.416
543284256.0,7.2
1067316101.0,7.8
698491347.0,6.204
1025467110.0,6.6
0.0,5.471
282548.0,7.517
224920315.0,7.368
0.0,7.7
226497209.0,6.21
154026136.0,7.2
127200000.0,6.3
321885765.0,6.999
415686217.0,6.4
274470394.0,6.248
493214993.0,5.9
329398046.0,7.7
96188903.0,7.122
400062763.0,6.5
6703873.0,7.9
52800000.0,6.27
319713881.0,4.6
170432927.0,6.3
63027681.0,7.811
336365676.0,6.3
51691156.0,7.491
67900000.0,5.9
43059790.0,7.7
572809.0,6.5
35700000.0,7.1
199006387.0,6.7
11000000.0,7.3
34604339.0,6.2
293329073.0,6.4
6788659.0,8.1
0.0,5.0
4324817.0,8.016
102800000.0,7.0
93251121.0,6.3
83188165.0,5.4
0.0,6.7
157107755.0,6.8
140700000.0,5.9
0.0,6.7
177238796.0,6.397
204594016.0,6.241
0.0,6.2
42345360.0,8.0
16537336.0,7.1
12966357.0,7.794
0.0,5.8
15440333.0,6.9
76196538.0,6.2
321669741.0,6.4
149660003.0,7.663
32686500.0,6.9
215300000.0,6.117
49800000.0,6.5
3065860.0,6.0
136151680.0,5.989
261989769.0,6.2
5224938.0,7.379
0.0,5.9
69400000.0,5.7
211800000.0,6.382
0.0,2.0
115664037.0,5.5
80205382.0,6.229
0.0,6.314
414211549.0,7.7
56000000.0,7.1
75026327.0,6.8
167805466.0,6.6
0.0,7.2
290700000.0,6.1
0.0,6.677
23081726.0,6.3
177512032.0,5.8
278731369.0,6.183
159291809.0,6.8
252300000.0,7.3
67448651.0,7.1
82148538.0,7.002
64780213.0,6.0
80547866.0,4.3
66166000.0,5.9
2340363.0,6.0
0.0,5.8
3400000.0,6.154
194243.0,6.1
0.0,7.4
16441438.0,7.2
112462508.0,5.5
140073390.0,6.8
67900000.0,6.0
0.0,6.8
24200000.0,7.0
45491656.0,6.3
0.0,6.1
19152480.0,6.6
0.0,6.0
0.0,5.5
48200000.0,6.965
66984887.0,5.013
0.0,6.117
13657649.0,6.1
43042835.0,6.0
0.0,6.965
4159678.0,6.7
0.0,5.3
51417188.0,6.3
9918093.0,6.9
310650585.0,5.645
136300000.0,5.855
60300000.0,6.8
24145613.0,6.8
4160000.0,6.0
0.0,5.0
416675.0,6.6
36993168.0,5.775
129190869.0,7.4
7000000.0,7.0
8749681.0,7.6
54956140.0,6.279
6890432.0,6.231
89500000.0,7.2
0.0,4.881
49050886.0,5.8
134748021.0,6.1
10539000.0,4.9
20967660.0,7.518
0.0,6.1
216500000.0,5.9
237382724.0,5.203
81126522.0,6.3
0.0,6.6
23580000.0,6.3
0.0,6.4
114977104.0,6.8
6629178.0,7.735
105734416.0,6.9
0.0,6.5
33885979.0,5.78
45203103.0,7.575
3205829.0,7.0
0.0,7.0
0.0,6.941
104731450.0,7.8
90029656.0,6.0
8212430.0,8.1
55600000.0,5.5
36407407.0,7.1
0.0,7.9
0.0,6.4
0.0,5.6
0.0,6.8
48668907.0,5.305
58147.0,6.3
17555141.0,7.3
60300000.0,7.4
107000000.0,6.105
16533595.0,6.2
0.0,7.15
0.0,7.0
98159963.0,6.0
0.0,7.2
12884923.0,6.647
117224271.0,6.6
0.0,6.2
0.0,4.489
203509374.0,5.6
71594792.0,6.003
0.0,7.9
152300000.0,6.1
0.0,6.5
33583175.0,6.1
0.0,5.9
3156482.0,6.5
77477008.0,6.1
71143529.0,6.7
120000.0,6.6
0.0,7.801
41424067.0,6.669
5343820.0,5.771
0.0,6.4
0.0,7.8
13831503.0,6.8
5639730.0,6.222
8428636.0,6.909
0.0,6.894
17177993.0,5.1
1185012.0,6.538
156190.0,5.5
0.0,7.0
0.0,5.9
0.0,6.3
83761844.0,5.2
5144717.0,6.7
7871522.0,7.7
45700000.0,6.3
0.0,7.139
94882889.0,6.5
0.0,5.7
0.0,7.8
1671196.0,5.3
0.0,6.9
0.0,6.6
112483764.0,5.2
49830607.0,6.2
0.0,6.6
50507267.0,5.9
60040976.0,6.3
0.0,5.677
0.0,7.3
358399.0,6.7
382879.0,6.0
967000.0,5.4
25806953.0,6.474
34702573.0,7.1
6491240.0,7.0
0.0,7.217
3977192.0,5.8
0.0,4.369
8307227.0,5.9
89137047.0,7.2
25147786.0,7.2
6820000.0,6.6
0.0,7.095
1754389.0,6.0
0.0,7.5
0.0,6.5
0.0,5.6
0.0,7.2
12876220.0,7.8
0.0,6.5
0.0,6.3
20768906.0,6.4
863000.0,6.505
0.0,6.0
0.0,3.771
32054369.0,6.281
0.0,6.2
349899.0,7.6
13900000.0,7.1
42045846.0,6.1
0.0,7.3
0.0,6.8
48531470.0,7.107
6200000.0,6.955
48398.0,6.8
0.0,6.7
3317662.0,5.8
86387857.0,5.7
7644937.0,6.115
0.0,7.3
0.0,7.3
0.0,3.9
0.0,6.8
3453043.0,6.4
0.0,5.5
0.0,6.5
25346148.0,7.55
0.0,5.927
851517.0,6.1
12014663.0,6.8
0.0,6.4
0.0,6.4
0.0,4.7
3470487.0,6.6
21500813.0,5.5
0.0,6.066
0.0,6.3
33245.0,6.2
69229.0,5.8
0.0,4.8
0.0,7.1
27293743.0,6.5
0.0,6.4
17636261.0,6.3
12037973.0,5.9
0.0,5.7
0.0,7.4
62000000.0,6.6
0.0,6.3
9479718.0,5.3
0.0,6.2
7022728.0,6.188
4882577.0,6.5
0.0,6.0
0.0,5.5
0.0,6.974
0.0,5.592
6344112.0,5.9
0.0,6.9
21520719.0,6.6
14788642.0,6.1
0.0,6.0
8020.0,5.4
18144030.0,6.5
0.0,6.3
0.0,6.145
34705850.0,6.6
1451343.0,6.2
11100000.0,6.6
6007194.0,7.2
0.0,3.2
430041.0,7.2
0.0,6.3
47355187.0,6.6
0.0,7.4
13004198.0,7.118
15134293.0,6.3
0.0,4.0
18409891.0,6.323
6775121.0,6.375
4790751.0,7.5
0.0,3.237
10000000.0,5.3
635162.0,5.6
1437000.0,7.27
45636368.0,6.6
0.0,6.5
0.0,6.776
0.0,5.882
0.0,5.07
0.0,4.882
0.0,4.2
1611000.0,6.1
0.0,3.9
129706.0,5.9
0.0,5.91
0.0,6.6
0.0,8.0
2.0,5.4
17511906.0,7.3
871279.0,7.0
0.0,6.7
0.0,6.8
1000000.0,6.804
0.0,6.2
51723285.0,6.5
0.0,7.0
0.0,5.2
0.0,5.4
0.0,5.6
0.0,5.8
0.0,5.1
0.0,6.837
0.0,6.9
0.0,7.2
2405336.0,6.093
0.0,4.9
19406406.0,7.4
123820.0,4.898
0.0,2.187
221590.0,5.711
2995811.0,6.5
0.0,6.9
0.0,5.1
7243674.0,7.6
36236710.0,5.021
0.0,7.0
744816.0,5.992
0.0,7.2
0.0,4.4
49827298.0,6.403
0.0,5.292
324424.0,6.018
3476910.0,7.3
12629471.0,6.7
0.0,6.0
0.0,4.3
0.0,4.0
0.0,6.0
0.0,6.7
9116968.0,7.392
65584679.0,6.7
453708.0,6.4
0.0,7.484
0.0,6.4
3900000.0,6.2
449702.0,6.8
4404729.0,7.2
0.0,4.7
3604598.0,6.7
10522511.0,6.7
378600.0,6.4
9322895.0,5.4
636706.0,4.4
18124262.0,7.0
361960.0,6.6
0.0,4.65
0.0,7.402
346594.0,5.4
4791599.0,6.1
100297064.0,7.1
0.0,5.9
0.0,6.5
0.0,7.3
0.0,6.3
0.0,6.9
0.0,6.8
0.0,6.7
0.0,6.9
60673972.0,6.5
0.0,5.2
0.0,5.7
0.0,7.7
143485.0,6.067
0.0,6.4
6467348.0,7.1
20601987.0,6.1
0.0,7.1
0.0,4.2
0.0,6.3
98017.0,5.9
0.0,6.3
0.0,2.5
0.0,5.0
93800000.0,5.9
0.0,5.955
88335.0,5.2
0.0,6.521
0.0,7.2
0.0,4.909
11826980.0,7.058
62985.0,7.1
0.0,6.6
0.0,6.538
0.0,5.343
38000000.0,6.7
0.0,4.3
177182.0,5.212
1183258.0,6.5
0.0,6.974
8454301.0,7.029
2439448.0,5.8
0.0,6.2
0.0,4.1
50113.0,4.1
5050298.0,6.7
1083683.0,5.836
143000.0,4.4
0.0,5.8
0.0,7.258
0.0,4.9
16000000.0,5.7
22588876.0,4.6
69961.0,6.2
0.0,6.0
0.0,6.888
0.0,5.4
0.0,7.3
0.0,6.7
0.0,6.9
51138.0,5.2
0.0,5.659
8220215.0,7.3
0.0,5.8
0.0,5.0
0.0,7.4
7736632.0,7.0
2200000.0,5.8
0.0,4.2
18000.0,5.1
706546.0,6.0
0.0,5.3
0.0,6.0
0.0,7.0
0.0,5.234
0.0,5.3
0.0,5.5
0.0,5.2
0.0,6.327
0.0,5.0
0.0,6.3
0.0,6.763
0.0,6.2
24658706.0,7.6
1790061.0,6.325
55089.0,6.0
0.0,6.4
3045943.0,6.834
0.0,5.0
0.0,4.7
801206.0,6.0
15302850.0,6.1
0.0,7.2
0.0,6.9
0.0,7.027
0.0,6.2
0.0,7.2
0.0,5.863
0.0,7.7
0.0,6.2
63000.0,7.3
0.0,7.6
0.0,6.9
0.0,7.0
0.0,7.4
0.0,5.656
0.0,4.875
0.0,5.4
0.0,4.4
0.0,5.9
0.0,6.4
1163967.0,5.52
2566717.0,5.7
0.0,6.4
21409028.0,5.702
0.0,5.0
0.0,5.1
0.0,6.4
0.0,5.9
0.0,6.0
0.0,6.3
0.0,6.8
5505962.0,5.9
0.0,5.2
0.0,3.8
0.0,6.4
13851432.0,5.1
0.0,5.7
0.0,5.762
9900000.0,5.9
0.0,5.852
0.0,5.7
0.0,7.329
0.0,4.8
309973.0,6.8
520000.0,7.188
0.0,6.4
0.0,5.91
0.0,5.4
0.0,7.704
0.0,6.0
0.0,5.3
0.0,6.6
0.0,5.5
0.0,5.8
0.0,5.3
0.0,5.134
0.0,5.73
0.0,5.6
0.0,6.8
0.0,6.4
9700000.0,7.0
4427419.0,5.0
0.0,5.5
0.0,6.0
14586.0,7.1
0.0,5.821
0.0,6.5
0.0,6.026
0.0,7.1
0.0,6.3
0.0,6.9
0.0,7.0
0.0,4.4
0.0,5.5
231820.0,7.1
0.0,5.7
4000000.0,5.0
0.0,6.1
850994.0,6.119
25030264.0,6.4
187716.0,7.6
0.0,3.5
0.0,5.956
0.0,6.9
8786756.0,6.363
0.0,4.9
0.0,4.7
0.0,6.6
0.0,7.3
0.0,5.8
0.0,7.0
0.0,4.5
0.0,7.5
0.0,5.3
0.0,3.0
0.0,5.8
0.0,6.3
0.0,5.9
6933474.0,7.5
12005838.0,7.257
0.0,8.1
0.0,5.5
0.0,6.3
0.0,5.2
515065.0,6.1
0.0,7.2
0.0,6.932
0.0,6.1
500000.0,6.9
0.0,3.95
8300000.0,6.6
453079.0,5.8
8910819.0,5.3
0.0,3.4
0.0,5.986
0.0,7.027
0.0,4.4
0.0,5.573
0.0,4.8
0.0,3.7
0.0,7.1
46488.0,5.9
0.0,5.4
0.0,6.173
0.0,5.7
0.0,7.1
0.0,7.6
0.0,6.4
0.0,7.8
0.0,6.9
0.0,5.4
0.0,4.857
8101240.0,6.9
0.0,5.9
0.0,5.8
0.0,3.6
0.0,5.3
0.0,5.9
0.0,4.8
0.0,6.5
200.0,6.6
9961838.0,6.7
1309580.0,4.5
0.0,6.3
0.0,4.511
8553835.0,5.2
0.0,7.4
0.0,7.337
0.0,5.6
5380142.0,5.8
0.0,5.0
0.0,6.6
0.0,5.5
0.0,6.2
0.0,6.5
0.0,4.817
0.0,6.185
0.0,7.1
90647.0,5.2
0.0,5.5
19640073.0,4.4
0.0,6.0
0.0,6.7
0.0,7.1
9700000.0,6.701
0.0,4.882
0.0,6.1
0.0,5.0
22039646.0,5.6
0.0,7.6
0.0,7.475
0.0,4.9
0.0,6.1
0.0,5.9
0.0,5.4
0.0,5.479
0.0,5.1
0.0,5.5
0.0,6.8
0.0,5.2
0.0,7.3
0.0,5.8
0.0,7.4
0.0,5.0
0.0,7.5
5900000.0,6.0
7100000.0,5.8
0.0,6.2
622644.0,6.491
0.0,5.5
0.0,7.056
20157447.0,6.239
20000000.0,6.552
0.0,4.9
0.0,6.7
0.0,4.6
0.0,6.1
0.0,4.4
0.0,6.9
0.0,6.6
0.0,4.7
0.0,4.3
0.0,5.1
0.0,6.652
0.0,5.0
0.0,5.2
0.0,6.165
0.0,7.5
0.0,4.1
0.0,5.5
0.0,6.4
0.0,4.7
338987.0,7.3
0.0,6.8
5980.0,5.7
0.0,6.5
0.0,4.6
0.0,4.2
3770657.0,6.7
0.0,5.9
0.0,5.5
0.0,3.0
0.0,7.275
0.0,5.9
0.0,6.3
2921178.0,6.622
0.0,4.5
12971.0,6.7
0.0,6.5
0.0,7.231
0.0,5.1
0.0,6.8
0.0,6.4
0.0,6.3
0.0,4.635
0.0,6.9
0.0,7.971
6161728.0,5.5
0.0,6.3
0.0,6.5
0.0,6.5
0.0,6.8
1853321.0,6.571
0.0,7.1
0.0,6.1
0.0,7.2
20666.0,6.5
0.0,6.9
0.0,6.1
0.0,5.3
208475.0,6.5
0.0,8.3
0.0,5.8
0.0,5.7
744000.0,5.8
0.0,4.5
0.0,8.2
0.0,6.1
1700000.0,6.5
0.0,6.5
0.0,6.274
0.0,7.1
22270.0,5.1
0.0,5.2
0.0,4.4
0.0,6.071
13273759.0,6.512
0.0,5.2
0.0,6.2
0.0,8.0
33020000.0,7.5
0.0,4.3
0.0,6.0
0.0,5.5
103735.0,6.1
0.0,3.908
0.0,7.2
0.0,5.755
0.0,5.9
0.0,6.9
0.0,7.8
0.0,5.356
1132843.0,5.8
0.0,6.4
0.0,5.7
0.0,7.0
0.0,6.69
0.0,7.3
11081555.0,5.2
0.0,4.662
0.0,5.691
0.0,4.2
0.0,6.3
0.0,5.5
0.0,7.8
0.0,5.4
0.0,5.227
0.0,6.4
300849.0,6.254
24998.0,5.3
0.0,5.2
0.0,5.3
0.0,6.8
8628997.0,4.4
0.0,9.0
0.0,5.866
0.0,6.3
0.0,6.8
0.0,6.34
0.0,6.5
2.0,7.6
0.0,3.6
0.0,6.1
0.0,6.0
0.0,4.2
0.0,5.481
0.0,7.0
0.0,6.7
0.0,6.2
0.0,5.5
4800080.0,6.5
0.0,6.18
0.0,4.4
0.0,5.4
0.0,5.8
0.0,4.5
0.0,6.8
486756.0,6.0
5000000.0,5.2
0.0,6.6
0.0,5.0
416498.0,5.7
0.0,5.5
8929413.0,6.0
178174.0,6.612
0.0,6.5
0.0,4.9
0.0,5.3
12000000.0,7.6
10000.0,6.184
0.0,4.0
0.0,5.4
0.0,7.65
0.0,7.5
0.0,6.9
0.0,4.8
0.0,5.242
2800000.0,6.8
0.0,4.8
0.0,5.4
0.0,5.3
0.0,6.6
288512.0,6.104
0.0,3.2
96868.0,5.347
0.0,4.6
2700000.0,5.5
0.0,4.8
0.0,7.8
2611555.0,6.1
10000000.0,5.6
0.0,7.0
20728.0,6.6
0.0,4.0
0.0,5.9
621262.0,7.2
0.0,5.6
0.0,5.0
0.0,3.7
22212223.0,4.7
0.0,6.167
4100000.0,4.4
0.0,4.9
0.0,6.811
20000000.0,5.4
0.0,5.2
0.0,6.0
3807808.0,4.5
4214668.0,6.8
0.0,5.1
0.0,6.5
0.0,5.8
0.0,5.8
771499.0,5.738
2473891.0,7.4
0.0,4.3
0.0,7.178
0.0,5.7
0.0,7.0
0.0,6.5
0.0,4.245
0.0,4.5
0.0,6.0
2124145.0,6.5
0.0,4.2
0.0,5.7
0.0,3.8
0.0,4.5
0.0,5.7
0.0,6.7
0.0,7.2
1338132.0,6.9
0.0,6.727
0.0,6.2
12000000.0,5.9
0.0,4.6
0.0,4.3
0.0,5.5
0.0,7.1
0.0,6.823
0.0,6.013
0.0,3.9
0.0,6.2
0.0,5.0
0.0,7.0
0.0,6.0
0.0,5.9
0.0,6.0
0.0,4.8
0.0,7.2
0.0,7.0
0.0,6.5
0.0,6.1
0.0,6.7
0.0,5.0
33042.0,5.4
0.0,6.0
0.0,6.0
0.0,5.2
0.0,4.4
107742.0,7.9
0.0,5.6
0.0,6.056
0.0,7.0
5000000.0,5.9
0.0,7.3
0.0,6.4
0.0,7.238
0.0,6.6
0.0,6.6
0.0,6.3
0.0,5.8
0.0,6.1
0.0,8.2
76100000.0,5.808
0.0,7.3
0.0,6.0
0.0,5.7
0.0,4.7
0.0,6.3
0.0,5.3
0.0,5.3
0.0,3.6
0.0,6.1
0.0,6.9
0.0,3.1
0.0,4.8
0.0,5.3
0.0,5.7
0.0,3.7
0.0,2.962
3785593.0,5.5
0.0,6.224
0.0,7.2
0.0,6.1
0.0,5.8
0.0,5.167
0.0,6.6
0.0,6.4
0.0,6.3
0.0,6.1
0.0,6.4
58.0,7.2
0.0,6.3
1950000.0,7.0
0.0,6.7
0.0,7.7
0.0,5.6
0.0,5.167
0.0,5.4
0.0,6.25
399611.0,5.6
0.0,5.0
35556.0,5.4
0.0,6.4
0.0,6.9
0.0,4.8
0.0,4.7
0.0,6.9
0.0,5.6
0.0,5.8
0.0,5.8
0.0,3.821
0.0,4.393
0.0,3.707
0.0,5.9
0.0,5.6
0.0,7.379
0.0,6.4
0.0,3.5
0.0,7.2
0.0,4.6
13826.0,5.838
1341511219.0,8.089
1046721266.0,6.556
0.0,6.0
0.0,6.9
712171856.0,6.196
559852396.0,6.136
370569774.0,7.0
449326618.0,6.8
299300000.0,7.046
426590315.0,8.273
586764305.0,6.5
245700000.0,6.867
554987477.0,6.569
216600000.0,8.2
694713380.0,7.093
665692281.0,7.0
214945591.0,6.7
483866772.0,6.7
51070807.0,6.518
97231420.0,6.5
100106454.0,6.939
33750478.0,7.5
71508440.0,6.634
157887643.0,6.095
0.0,7.5
78309131.0,5.817
145079584.0,7.3
161900000.0,7.191
173900000.0,6.97
0.0,5.7
481800873.0,7.3
0.0,5.7
0.0,6.3
0.0,6.3
78100000.0,7.58
170323.0,4.8
89162162.0,6.0
98000000.0,6.7
59400000.0,7.422
10800000.0,7.5
563749323.0,5.8
132563930.0,5.008
0.0,6.5
232617430.0,7.4
149900000.0,6.18
0.0,6.7
334615000.0,7.139
226904017.0,6.0
373993951.0,6.899
211800000.0,5.799
151119219.0,7.5
9065101.0,7.2
149200000.0,6.3
149500000.0,6.7
288383523.0,6.523
147332697.0,7.302
219851172.0,5.2
0.0,6.1
23300000.0,7.842
15800000.0,6.177
19504039.0,6.9
0.0,7.174
342695435.0,5.7
3900000.0,7.777
72526996.0,6.6
31500000.0,8.1
63523283.0,5.3
91627228.0,5.5
209838559.0,6.6
260100000.0,6.8
63543328.0,6.6
0.0,6.961
75500000.0,6.152
0.0,6.6
120081841.0,6.8
85412898.0,7.2
0.0,6.9
31505287.0,6.2
89792502.0,6.2
3909002.0,6.9
57777106.0,6.3
35690739.0,7.6
1681521.0,7.6
3424648.0,6.7
160078586.0,6.2
85564310.0,4.7
82686066.0,5.5
174822325.0,5.621
127900000.0,6.762
0.0,5.1
110206216.0,7.3
150406466.0,6.2
0.0,7.3
0.0,6.466
78396.0,5.399
177584879.0,7.3
137551594.0,6.6
0.0,7.1
0.0,7.372
216197492.0,5.6
39000000.0,5.949
0.0,7.147
108609310.0,6.0
5151023.0,6.1
0.0,7.1
246091.0,6.9
80600000.0,6.621
39800000.0,6.6
185770160.0,7.2
189712432.0,5.862
207039844.0,5.9
169900000.0,5.42
64626786.0,5.3
13500000.0,5.1
0.0,7.0
132274484.0,5.8
76338111.0,6.7
149700000.0,4.4
0.0,6.3
0.0,6.671
187361754.0,6.0
152930623.0,6.106
41002607.0,6.2
227817248.0,5.584
75055070.0,6.0
0.0,7.2
408680.0,5.3
130786397.0,6.678
142000000.0,5.9
1072602.0,5.853
0.0,6.8
0.0,6.576
96047633.0,6.105
83200000.0,5.7
0.0,7.2
0.0,6.9
65090821.0,6.3
82087155.0,5.86
40909909.0,5.533
14460000.0,6.9
0.0,6.3
183953723.0,5.766
0.0,8.0
2527904.0,6.7
0.0,8.4
0.0,6.9
10126458.0,4.992
0.0,6.5
19560274.0,7.0
95311434.0,7.5
0.0,6.4
42808575.0,7.1
34710627.0,7.212
0.0,6.6
0.0,5.8
26611650.0,6.881
36192775.0,6.0
33372606.0,5.701
61037844.0,7.537
151300000.0,6.8
0.0,3.6
0.0,6.7
15946321.0,7.171
27122040.0,6.2
40500000.0,5.782
30426096.0,6.5
0.0,5.7
1123794079.0,6.209
6638849.0,7.467
9612469.0,5.5
33662874.0,6.9
0.0,6.9
0.0,5.2
28550000.0,6.5
0.0,5.9
54700000.0,6.737
28550000.0,6.5
63782078.0,6.6
55200000.0,6.975
39984400.0,6.182
0.0,7.044
160000000.0,7.6
3500000.0,6.616
43200000.0,6.3
5206.0,6.2
177200000.0,6.8
14400000.0,5.873
0.0,7.3
1296937.0,6.4
39187783.0,7.169
0.0,6.926
0.0,6.827
6879667.0,6.372
0.0,7.248
3741098.0,7.0
7621364.0,6.8
25345000.0,6.2
34942188.0,5.6
0.0,6.5
165184237.0,6.7
0.0,6.64
14089528.0,5.912
18445.0,6.4
21434003.0,8.0
0.0,7.4
10324441.0,5.923
1104682.0,6.1
1742215.0,5.9
0.0,7.5
3964682.0,6.5
0.0,5.8
24000000.0,5.9
0.0,5.6
1743743.0,6.336
0.0,5.8
0.0,3.8
1188194.0,6.8
0.0,7.4
0.0,7.5
0.0,6.9
47088990.0,7.0
8791590.0,7.1
0.0,6.0
2295733.0,7.2
27462041.0,6.4
0.0,4.5
0.0,6.7
0.0,6.038
0.0,6.0
117094902.0,6.9
0.0,6.3
0.0,7.5
0.0,7.0
0.0,5.2
0.0,7.8
0.0,6.888
0.0,6.7
52545707.0,5.4
24426169.0,7.9
0.0,5.2
0.0,4.852
115890792.0,6.4
450275.0,6.201
911466.0,5.4
0.0,7.1
0.0,6.7
133432856.0,7.456
0.0,2.8
4498.0,5.604
6941450.0,7.8
1938783.0,6.7
0.0,6.051
0.0,5.7
5728213.0,6.7
28013733.0,5.3
0.0,6.675
6900000.0,5.979
2500000.0,4.3
0.0,6.7
0.0,6.3
25562924.0,5.3
2639616.0,8.1
29737384.0,5.5
9927260.0,5.491
16653488.0,7.852
22939027.0,5.8
0.0,4.1
0.0,6.416
0.0,6.4
618425.0,5.1
138730.0,7.5
2614773.0,6.155
876302.0,6.5
95404397.0,6.9
13131714.0,7.8
19660000.0,7.3
5468650.0,6.4
48147945.0,5.5
0.0,7.3
15786086.0,7.2
0.0,6.518
610986.0,6.133
0.0,5.6
0.0,6.33
0.0,7.0
20502.0,5.1
0.0,6.5
6861102.0,5.9
15395087.0,6.4
0.0,6.005
14311701.0,6.848
0.0,7.8
1359257.0,5.6
0.0,6.641
0.0,5.261
0.0,6.1
0.0,6.9
4729855.0,5.797
4072098.0,5.5
0.0,6.0
0.0,5.7
176669.0,6.6
0.0,6.8
30722632.0,7.2
35911689.0,5.7
37700000.0,5.9
162088.0,7.7
0.0,7.5
484592.0,7.275
13.0,7.3
3012210.0,5.5
3542353.0,6.4
0.0,6.6
0.0,7.6
0.0,6.0
1941667.0,5.51
11790979.0,7.0
0.0,6.4
2900000.0,7.0
18962444.0,7.2
0.0,6.8
84606030.0,6.231
0.0,7.5
972512.0,5.5
3265941.0,7.1
4878284.0,7.3
970816.0,6.4
2400000.0,6.2
48000000.0,7.8
8200000.0,6.0
0.0,6.1
67112664.0,5.3
228239.0,7.3
0.0,5.3
3807134.0,5.7
0.0,6.9
0.0,5.3
49000000.0,7.2
3759582.0,6.8
0.0,5.9
0.0,4.2
0.0,6.125
868439.0,6.4
99036827.0,5.196
0.0,6.6
24816118.0,6.1
5634828.0,6.3
2128186.0,4.9
0.0,6.3
0.0,5.8
35100000.0,6.7
0.0,6.6
3142154.0,6.4
0.0,7.1
6581915.0,7.1
25603.0,4.8
0.0,5.7
2550508.0,7.8
138868.0,6.9
0.0,5.394
1406224.0,6.6
0.0,6.7
0.0,4.764
0.0,5.9
0.0,6.21
15478800.0,6.5
20374201.0,7.787
127709.0,6.3
0.0,7.2
0.0,6.1
87793.0,5.621
0.0,6.1
626100000.0,7.242
957240.0,5.8
0.0,3.9
0.0,5.9
0.0,7.1
0.0,6.0
0.0,5.7
54161287.0,6.7
0.0,6.2
13194167.0,6.858
0.0,6.847
987883.0,6.6
0.0,5.6
355688.0,5.6
0.0,4.4
29000000.0,8.1
0.0,4.9
16611575.0,5.9
0.0,5.7
0.0,6.9
1332231.0,6.1
0.0,7.0
10654385.0,6.828
0.0,5.7
23774400.0,6.29
1481665.0,7.466
0.0,5.3
0.0,7.8
0.0,4.0
0.0,4.108
0.0,4.742
11045966.0,5.3
6660000.0,5.8
0.0,7.1
0.0,6.1
0.0,6.1
88823111.0,6.2
51917.0,5.2
533235.0,5.316
4965950.0,6.3
0.0,5.2
0.0,5.058
0.0,3.675
0.0,6.8
30000000.0,6.507
0.0,5.4
4627375.0,5.4
29000000.0,7.3
0.0,6.9
14166853.0,6.1
0.0,5.5
0.0,6.2
0.0,5.742
7706436.0,7.1
0.0,3.7
0.0,5.4
0.0,4.1
15724275.0,7.3
0.0,4.7
0.0,5.685
0.0,7.4
748453.0,5.9
0.0,6.5
46495.0,6.4
6226507.0,6.8
0.0,5.625
0.0,5.8
0.0,7.2
1126525.0,5.889
0.0,5.2
2140.0,7.5
0.0,5.3
30857747.0,7.351
31410151.0,5.2
253899.0,7.2
0.0,6.9
0.0,7.1
68945.0,6.7
0.0,5.7
15.0,6.7
15.0,5.53
9504139.0,6.7
0.0,6.9
6632403.0,7.055
10306807.0,5.5
0.0,5.6
0.0,7.3
0.0,6.811
0.0,6.5
5799606.0,7.2
0.0,5.0
0.0,6.8
0.0,6.7
0.0,5.755
0.0,5.5
647839.0,5.1
0.0,6.7
1678.0,5.099
0.0,5.6
0.0,6.223
0.0,6.1
864659.0,7.4
0.0,6.8
0.0,5.4
0.0,6.799
0.0,5.8
4634062.0,4.7
0.0,6.0
0.0,6.2
0.0,6.2
0.0,6.4
0.0,7.167
3929796.0,6.0
0.0,3.6
0.0,8.0
0.0,6.7
1543385.0,7.3
0.0,6.8
14624826.0,7.425
0.0,4.8
0.0,8.0
3838.0,5.34
0.0,6.7
0.0,5.2
0.0,8.6
1349387.0,6.3
0.0,4.8
0.0,6.9
0.0,5.117
4909485.0,6.7
0.0,5.6
0.0,5.8
0.0,6.4
18700000.0,7.3
0.0,6.4
0.0,4.8
0.0,6.159
539896.0,5.9
0.0,6.7
0.0,5.4
0.0,5.7
0.0,5.512
0.0,4.5
0.0,6.9
154098.0,6.3
0.0,5.2
3242802.0,6.5
0.0,5.7
0.0,6.3
5576725.0,6.9
0.0,5.8
5435358.0,7.2
303877.0,5.8
0.0,5.2
0.0,3.9
4040142.0,6.5
0.0,6.9
10130000.0,6.112
16590.0,5.7
10.0,4.8
5446000.0,6.5
0.0,4.9
286201.0,7.2
6963872.0,4.6
1800000.0,7.2
2777000.0,2.804
0.0,6.095
13101672.0,5.4
0.0,6.9
43000000.0,6.3
0.0,6.2
0.0,5.8
0.0,4.9
0.0,6.0
0.0,5.0
0.0,6.1
201607.0,5.5
11229.0,7.1
0.0,7.409
0.0,4.9
0.0,5.922
15000000.0,6.0
58132.0,6.6
0.0,4.5
664747.0,7.1
0.0,4.8
0.0,6.333
4132000.0,5.2
0.0,5.566
0.0,5.1
0.0,4.9
0.0,6.146
0.0,6.5
15292.0,6.3
4230854.0,7.0
65301.0,6.4
14885722.0,6.642
0.0,7.6
0.0,5.034
0.0,4.9
0.0,5.7
471334.0,7.784
0.0,5.9
0.0,4.9
0.0,6.3
0.0,5.2
0.0,6.654
65708.0,5.331
405614.0,6.282
0.0,5.8
18463.0,5.1
0.0,8.0
0.0,5.5
0.0,7.389
2500000.0,6.515
0.0,6.007
621951.0,6.4
46207.0,7.0
0.0,5.5
108139.0,6.1
1417397.0,5.8
15714.0,6.8
0.0,6.1
0.0,6.4
0.0,7.7
951179.0,6.7
655802.0,6.3
0.0,5.6
0.0,6.4
0.0,4.9
0.0,4.4
0.0,5.233
0.0,4.9
10975.0,7.4
0.0,6.9
0.0,6.6
0.0,5.0
0.0,5.9
21000000.0,7.5
0.0,5.1
0.0,4.0
0.0,6.4
0.0,6.633
108541.0,7.4
676111.0,7.257
0.0,3.658
1674801.0,6.9
0.0,6.0
0.0,4.1
0.0,4.2
0.0,6.1
0.0,5.5
0.0,4.9
2963639.0,5.9
15500000.0,5.7
0.0,6.3
0.0,3.9
1809527.0,5.4
0.0,7.2
12000000.0,6.022
0.0,5.5
0.0,6.1
112498.0,5.1
1248748.0,6.928
0.0,7.3
2419473.0,5.7
8801.0,6.4
0.0,5.8
0.0,7.1
30905.0,5.5
0.0,5.2
0.0,4.7
0.0,3.0
0.0,6.4
0.0,8.0
0.0,8.1
0.0,6.149
0.0,6.9
0.0,6.3
0.0,6.308
0.0,7.9
0.0,6.8
0.0,6.0
0.0,6.2
0.0,7.1
0.0,5.4
0.0,7.6
124104.0,6.7
0.0,7.174
0.0,4.5
0.0,4.935
268401.0,6.9
1435252.0,5.9
0.0,5.9
0.0,5.1
11933.0,5.1
0.0,5.631
0.0,7.1
63931.0,6.021
0.0,7.1
0.0,5.0
0.0,4.4
0.0,7.032
0.0,6.8
0.0,4.0
1116180.0,6.5
0.0,7.547
0.0,5.333
0.0,6.0
0.0,5.2
0.0,7.345
0.0,6.0
0.0,6.8
0.0,6.0
0.0,4.2
0.0,5.5
0.0,7.4
17000000.0,6.3
0.0,6.7
18035000.0,7.1
0.0,6.1
89182.0,5.3
0.0,5.073
0.0,8.3
625.0,5.5
0.0,5.8
0.0,3.289
0.0,4.941
204232.0,6.3
0.0,5.363
0.0,6.9
0.0,6.7
0.0,5.4
0.0,8.4
0.0,6.9
0.0,5.9
11819.0,6.9
26923513.0,6.8
0.0,4.0
223959.0,6.5
0.0,7.2
108640.0,7.4
0.0,7.3
0.0,4.6
6035.0,5.2
0.0,6.823
0.0,5.17
0.0,5.1
0.0,7.2
0.0,6.1
0.0,5.9
77348.0,6.2
0.0,5.2
0.0,6.3
18050000.0,5.9
0.0,6.899
2206089.0,6.3
0.0,5.2
6776616.0,5.3
0.0,6.7
0.0,5.331
0.0,5.6
0.0,6.577
0.0,5.099
0.0,6.9
0.0,6.069
0.0,7.6
0.0,5.951
0.0,5.8
0.0,5.0
0.0,5.5
0.0,6.5
0.0,3.6
0.0,6.053
0.0,7.1
0.0,5.6
101236.0,5.93
0.0,6.7
1373312.0,7.0
0.0,5.1
28000000.0,6.7
0.0,5.969
0.0,6.3
0.0,7.7
0.0,5.8
0.0,7.1
0.0,4.1
0.0,4.355
0.0,6.8
0.0,5.2
9696204.0,6.4
0.0,6.4
0.0,6.1
0.0,5.781
0.0,5.889
0.0,5.4
0.0,7.1
0.0,4.9
0.0,7.8
0.0,5.3
240381.0,5.8
0.0,6.9
0.0,5.839
0.0,6.5
0.0,6.1
0.0,5.3
0.0,6.1
13970489.0,5.8
0.0,7.0
0.0,3.5
0.0,5.4
0.0,5.833
0.0,4.4
3333050.0,4.1
0.0,6.1
0.0,6.642
853862.0,6.516
0.0,5.7
0.0,4.5
0.0,5.3
0.0,5.9
225861.0,7.2
0.0,5.4
0.0,7.3
11156312.0,7.4
3483795.0,7.2
7586448.0,5.0
3879603.0,6.7
7200000.0,6.8
634297.0,6.8
6255.0,6.5
0.0,6.4
9330465.0,6.6
2692857.0,6.573
50000.0,6.795
0.0,5.346
1000000.0,7.829
0.0,5.5
152616.0,6.667
0.0,6.849
0.0,5.0
0.0,4.3
12935800.0,6.1
0.0,5.62
0.0,4.6
0.0,5.6
0.0,7.6
0.0,5.5
13585314.0,6.8
1154901.0,4.2
0.0,5.4
0.0,5.4
0.0,4.925
517069.0,5.2
0.0,7.2
378187.0,7.1
5661517.0,4.6
0.0,6.66
0.0,4.19
0.0,6.4
0.0,4.5
32358664.0,6.6
5396618.0,6.3
0.0,4.4
0.0,7.8
0.0,7.0
13.0,6.2
0.0,2.9
4820000.0,6.9
0.0,5.5
0.0,5.3
0.0,5.7
0.0,5.434
0.0,6.922
0.0,5.7
0.0,6.3
0.0,7.7
0.0,4.4
0.0,4.3
0.0,7.6
0.0,5.4
0.0,5.3
757111.0,6.0
0.0,8.1
0.0,5.8
0.0,5.385
0.0,4.318
0.0,6.1
0.0,5.2
0.0,6.4
0.0,7.0
0.0,6.8
0.0,7.1
0.0,4.1
0.0,5.7
27000000.0,5.0
12154107.0,6.6
0.0,3.1
0.0,5.2
0.0,4.6
31313.0,6.8
14663510.0,6.3
0.0,4.5
0.0,6.5
0.0,7.22
0.0,6.7
0.0,6.3
0.0,5.7
583844.0,7.4
0.0,5.0
0.0,7.4
0.0,5.6
0.0,4.3
0.0,5.863
0.0,5.8
0.0,7.5
0.0,5.2
0.0,2.7
0.0,5.8
769552.0,6.9
0.0,4.054
0.0,6.657
0.0,4.5
0.0,6.3
0.0,7.0
0.0,6.152
0.0,6.7
3554533.0,6.4
0.0,3.9
0.0,5.268
0.0,5.289
0.0,7.8
0.0,7.1
0.0,3.9
0.0,7.2
0.0,5.7
0.0,6.3
0.0,4.8
43500000.0,6.532
0.0,3.722
0.0,6.009
0.0,6.0
0.0,6.5
159846.0,5.6
0.0,6.9
0.0,4.7
0.0,4.6
0.0,4.1
0.0,4.4
0.0,4.7
0.0,5.5
0.0,6.5
0.0,5.5
0.0,5.57
0.0,5.9
22043584.0,6.199
0.0,6.241
24708786.0,5.5
0.0,5.767
0.0,7.063
0.0,6.5
0.0,5.6
0.0,6.441
0.0,7.0
0.0,5.0
0.0,5.618
0.0,5.158
0.0,5.675
0.0,7.5
0.0,3.5
0.0,6.5
0.0,5.1
17808683.0,6.5
0.0,6.4
0.0,6.1
0.0,6.4
0.0,5.6
0.0,5.5
0.0,5.5
4687.0,6.3
0.0,5.6
0.0,6.5
252000.0,6.816
5012245.0,6.4
0.0,7.4
0.0,6.1
0.0,5.5
0.0,3.8
0.0,4.2
0.0,5.2
0.0,5.0
4365667.0,5.656
0.0,5.8
0.0,4.5
7732325.0,7.0
0.0,4.1
0.0,6.3
0.0,6.4
1208479.0,4.8
0.0,5.6
0.0,4.7
0.0,5.9
0.0,6.6
0.0,7.5
0.0,5.1
0.0,6.4
0.0,6.5
0.0,7.4
0.0,7.3
0.0,5.1
0.0,8.0
992195.0,6.8
0.0,4.5
0.0,5.4
0.0,4.4
0.0,0.0
0.0,7.0
0.0,5.8
0.0,6.284
0.0,6.6
0.0,7.0
0.0,7.1
0.0,7.1
0.0,5.0
0.0,6.7
0.0,6.0
1518815515.0,7.73
829747654.0,6.461
1021103568.0,7.357
877244782.0,6.38
349305397.0,6.5
757930663.0,6.7
1081041287.0,7.8
218300000.0,6.64
539000000.0,7.02
746921274.0,6.6
0.0,5.397
694394724.0,7.214
425368238.0,8.183
471222889.0,7.342
0.0,5.4
358375603.0,7.0
24016152.0,7.4
71038838.0,6.6
549368315.0,6.4
17876559.0,7.3
102731865.0,6.881
303025485.0,5.861
306941670.0,7.4
0.0,6.153
201585328.0,6.9
0.0,7.21
16465764.0,5.9
234989584.0,6.297
145000000.0,6.8
301970083.0,5.7
403354469.0,6.6
376100000.0,6.4
58100000.0,5.821
0.0,6.5
355692760.0,6.152
284100000.0,6.327
115647426.0,7.3
0.0,4.457
1108594176.0,7.247
18300000.0,8.1
314975955.0,6.347
82515113.0,6.9
9148519.0,7.405
609016565.0,7.4
624000000.0,6.5
99400000.0,7.2
0.0,6.522
396600000.0,6.0
160112671.0,6.322
33384127.0,7.8
179379533.0,6.2
161772575.0,6.842
2152610.0,7.2
0.0,7.1
2325035.0,6.879
245527149.0,6.1
0.0,5.6
47042000.0,6.889
0.0,7.3
276600000.0,6.228
0.0,7.143
132800000.0,7.0
0.0,7.735
32500000.0,5.7
55362705.0,5.5
198800000.0,6.02
23000000.0,6.3
0.0,7.2
116500000.0,5.7
198100000.0,7.362
0.0,7.0
442636309.0,7.3
193425.0,5.856
81493846.0,6.992
232300000.0,7.278
61700000.0,7.522
55060661.0,8.2
130482868.0,6.886
0.0,8.0
183018522.0,5.9
44806783.0,5.706
79781695.0,6.6
236412453.0,7.1
0.0,7.5
0.0,7.0
107139399.0,6.989
41037742.0,6.84
40300000.0,6.485
0.0,6.4
49000000.0,6.993
171300000.0,6.2
9368803.0,7.1
88200000.0,5.9
0.0,7.12
9138338.0,6.902
196114570.0,7.2
0.0,5.9
11879046.0,7.237
0.0,5.8
2106557.0,5.465
14858240.0,6.1
8493728.0,4.314
74223861.0,7.488
140470746.0,6.9
76196538.0,6.3
79700000.0,5.997
0.0,6.3
275300000.0,6.9
82499399.0,6.5
85400000.0,6.037
0.0,5.2
129000000.0,6.1
156974557.0,6.2
6842058.0,6.4
10109659.0,5.7
0.0,5.685
77839.0,6.9
13551174.0,6.2
68263166.0,7.685
24267.0,6.8
38390020.0,5.3
0.0,6.1
8109160.0,7.8
96262212.0,6.331
2412576.0,5.8
67282623.0,7.2
73100000.0,6.188
55078146.0,7.3
0.0,6.1
68929150.0,6.7
0.0,7.8
54819301.0,5.8
0.0,5.536
592116.0,6.367
22044277.0,6.1
37930465.0,6.024
970000.0,4.7
8826837.0,6.581
0.0,4.6
68267862.0,5.584
18100189.0,6.2
50365377.0,6.6
0.0,5.0
208076205.0,6.5
11019975.0,5.291
0.0,7.3
447630.0,6.1
0.0,6.295
2631275.0,6.0
10500000.0,6.1
167200000.0,6.2
0.0,7.71
44287131.0,5.8
0.0,4.9
0.0,6.8
0.0,6.4
28258060.0,7.117
156362.0,5.927
0.0,6.8
56012642.0,7.0
13231461.0,6.644
0.0,7.4
0.0,7.2
5300000.0,7.6
142802657.0,5.407
32948113.0,5.937
0.0,6.2
22187813.0,6.272
24719215.0,6.7
0.0,5.2
55404207.0,7.1
0.0,7.7
9048531.0,7.0
0.0,6.0
123821.0,6.987
0.0,6.398
104907746.0,5.824
1203942.0,5.477
0.0,7.8
103504.0,5.027
0.0,6.7
136800000.0,6.944
5994921.0,7.3
8100000.0,6.287
0.0,7.4
1402307.0,5.5
1969193.0,6.5
641100.0,6.991
0.0,6.9
2500000.0,6.129
82966152.0,6.349
95000.0,6.3
61319383.0,5.095
0.0,6.467
46180706.0,7.0
5816330.0,7.5
26167224.0,6.7
9489829.0,5.6
100345.0,6.096
0.0,7.3
123054041.0,6.5
44057737.0,6.4
6499169.0,7.2
0.0,7.0
20546518.0,5.5
8784318.0,5.6
59400000.0,6.2
1353868.0,5.5
0.0,6.5
722714.0,7.7
0.0,5.623
0.0,6.0
74597643.0,5.7
1438697.0,6.6
96070507.0,6.8
6202879.0,6.383
11620000.0,7.2
0.0,7.639
0.0,7.2
0.0,6.0
0.0,7.404
54169363.0,5.848
10079201.0,5.7
34564651.0,6.436
0.0,4.7
5500000.0,7.698
9627492.0,4.5
4100000.0,7.1
33035736.0,6.8
101800000.0,4.7
0.0,6.6
66899242.0,6.1
24200000.0,5.502
0.0,6.3
6483963.0,6.4
30353232.0,5.186
29800000.0,7.762
7900000.0,7.014
23570541.0,6.6
0.0,5.5
0.0,4.2
0.0,6.5
0.0,4.9
0.0,6.2
14800000.0,7.4
0.0,7.0
31100000.0,6.3
29657751.0,6.288
1900000.0,6.0
10173682.0,6.753
36893721.0,5.6
0.0,6.2
119772232.0,6.0
46221189.0,6.427
0.0,4.9
45250.0,6.8
0.0,6.2
8315.0,4.6
2500277.0,5.674
20014680.0,6.174
306724.0,6.2
712216.0,6.9
0.0,7.658
7419431.0,6.0
0.0,6.9
36531605.0,7.0
0.0,8.0
83519699.0,6.7
44369456.0,6.945
0.0,6.1
0.0,4.9
0.0,6.9
18295.0,7.3
0.0,5.2
20400000.0,6.8
0.0,6.145
41863726.0,5.597
0.0,6.9
7339398.0,6.8
0.0,7.6
11947954.0,5.407
92654.0,7.0
0.0,6.0
0.0,6.3
16786016.0,7.155
0.0,5.6
6063556.0,5.7
4633668.0,6.5
50100000.0,5.3
0.0,4.9
0.0,6.2
61782.0,6.274
1581252.0,5.8
0.0,5.336
0.0,5.661
0.0,5.931
0.0,6.186
9636289.0,6.572
0.0,6.347
1469.0,5.2
12400000.0,5.8
2341226.0,7.184
911467.0,7.25
16722143.0,6.0
4424699.0,6.785
717205.0,6.9
58510.0,5.1
0.0,8.0
0.0,6.924
7034007.0,6.952
14400000.0,5.699
0.0,4.757
6616296.0,7.1
6748888.0,7.4
0.0,5.4
35500000.0,6.315
0.0,6.2
0.0,5.2
0.0,5.3
0.0,7.0
0.0,7.3
0.0,6.9
11384015.0,6.2
0.0,6.6
1378426.0,5.6
2653454.0,6.2
2802459.0,7.479
1243961.0,5.9
0.0,5.6
0.0,6.9
0.0,5.2
0.0,4.3
3325038.0,6.9
0.0,6.5
479226.0,7.505
124919.0,7.1
8303261.0,5.3
0.0,3.8
73200000.0,5.8
0.0,6.8
0.0,7.13
16215856.0,7.034
0.0,6.019
73706.0,1.899
0.0,4.3
0.0,6.0
13749809.0,5.7
0.0,6.625
14752.0,5.1
0.0,5.686
0.0,3.4
87910.0,6.8
3094813.0,6.4
7200000.0,5.7
0.0,4.7
0.0,4.7
0.0,5.2
0.0,6.0
114281051.0,6.257
0.0,5.838
5297232.0,5.9
2700000.0,7.3
0.0,5.9
0.0,7.7
0.0,5.7
0.0,7.0
3300000.0,7.0
0.0,6.1
2750275.0,7.2
5750.0,5.586
0.0,6.6
0.0,6.7
0.0,6.7
0.0,6.9
0.0,6.9
0.0,6.3
30962335.0,5.7
0.0,6.8
0.0,3.2
3696196.0,7.879
2804874.0,7.5
0.0,6.303
0.0,6.693
9001826.0,6.057
0.0,5.329
203373.0,5.8
2514478.0,6.352
0.0,6.45
1653792.0,5.6
6423279.0,5.8
432274.0,4.8
354939.0,6.0
0.0,4.9
59520298.0,6.5
0.0,6.1
0.0,6.6
23785681.0,6.1
25762027.0,7.2
0.0,5.6
0.0,7.1
2293798.0,6.4
0.0,5.5
0.0,4.8
0.0,5.0
23000000.0,7.2
0.0,6.1
21107746.0,6.8
19450000.0,7.1
0.0,5.567
1005700.0,6.1
9206470.0,6.6
0.0,5.5
0.0,7.3
63595.0,6.005
0.0,6.2
0.0,5.543
8249053.0,6.1
970000.0,6.8
29494.0,6.5
0.0,3.3
0.0,6.0
0.0,7.2
0.0,6.8
0.0,4.3
0.0,6.9
32726956.0,7.2
12186625.0,6.0
0.0,5.859
0.0,4.3
16863583.0,5.4
0.0,5.6
12434778.0,6.8
0.0,5.8
0.0,4.3
37470.0,5.963
377000.0,6.5
0.0,7.5
24637469.0,6.2
0.0,6.565
0.0,5.358
12197574.0,6.8
0.0,5.8
6303709.0,6.7
0.0,7.1
0.0,5.9
327345.0,6.5
0.0,7.0
0.0,6.179
1317376.0,6.0
1000000.0,3.6
0.0,5.4
20335408.0,5.3
130781.0,5.2
31000000.0,5.9
0.0,4.9
279735.0,7.3
6294161.0,5.7
0.0,5.8
0.0,5.8
27942181.0,7.1
0.0,7.2
0.0,5.8
5909483.0,5.368
0.0,6.4
0.0,6.1
0.0,5.1
2573616.0,6.9
0.0,7.3
1081.0,5.8
0.0,5.6
175706.0,5.871
0.0,7.7
0.0,6.606
197911.0,5.7
0.0,4.3
1157257.0,5.0
29193330.0,6.5
1305473.0,6.0
0.0,6.2
0.0,0.0
441420.0,4.723
587211.0,6.1
0.0,5.9
0.0,6.4
19000000.0,7.2
1314358.0,5.5
1777709.0,5.9
0.0,3.9
0.0,7.7
0.0,7.5
0.0,6.8
220145.0,5.8
0.0,5.9
427335.0,6.1
0.0,4.4
0.0,5.0
45190.0,6.3
3754070.0,4.8
0.0,5.6
0.0,6.3
0.0,5.3
16.0,7.108
103131994.0,5.8
0.0,6.1
0.0,7.9
0.0,2.4
1328467.0,7.5
166228.0,5.678
0.0,5.7
0.0,6.4
0.0,5.6
0.0,5.8
4408087.0,5.8
0.0,6.8
0.0,7.1
35579177.0,6.2
0.0,7.061
0.0,4.673
898317.0,7.3
5310554.0,6.1
0.0,4.482
1775316.0,6.5
921752.0,5.0
0.0,4.4
0.0,5.3
0.0,5.8
1663931.0,5.7
4621441.0,6.5
0.0,6.3
6889185.0,7.2
11417362.0,5.6
0.0,3.978
208000000.0,6.407
0.0,7.0
0.0,6.6
16017.0,5.5
0.0,5.1
0.0,6.7
0.0,8.2
0.0,6.2
0.0,7.064
58387.0,5.0
0.0,5.1
0.0,5.9
34823764.0,7.0
4400000.0,6.212
0.0,6.5
25109572.0,5.589
0.0,6.2
311.0,6.471
259765.0,6.1
0.0,7.6
0.0,7.3
0.0,5.534
0.0,6.093
2395000.0,7.0
0.0,6.8
809738.0,6.142
0.0,5.677
31158113.0,6.5
0.0,4.5
1938.0,6.646
0.0,5.8
3350996.0,7.1
3377891.0,3.6
0.0,6.014
3903479.0,6.372
0.0,6.4
1697294.0,6.851
0.0,6.1
540152.0,6.1
0.0,3.0
0.0,4.7
0.0,6.3
0.0,6.2
0.0,6.2
0.0,6.3
20184.0,6.2
3336053.0,5.2
0.0,7.5
562878.0,6.9
0.0,5.1
0.0,6.5
0.0,5.3
0.0,5.4
1576687.0,5.254
0.0,5.9
2521.0,5.5
0.0,7.321
8887603.0,5.3
0.0,6.5
0.0,7.1
23998.0,4.764
0.0,5.7
0.0,7.172
0.0,6.7
0.0,3.0
0.0,6.103
0.0,2.5
0.0,5.5
0.0,4.3
318317.0,7.4
0.0,4.247
0.0,5.8
0.0,5.0
3519.0,5.748
0.0,6.6
0.0,5.297
0.0,7.3
0.0,5.5
0.0,6.1
0.0,7.7
0.0,5.36
4876.0,5.7
0.0,4.934
0.0,6.335
86217.0,7.4
0.0,5.3
0.0,6.1
0.0,5.6
0.0,5.3
0.0,5.013
62580000.0,6.1
0.0,6.8
6508.0,6.6
157036.0,6.466
1800000.0,7.2
35000000.0,5.8
0.0,5.47
0.0,5.482
4709246.0,5.6
25097277.0,5.5
0.0,6.1
0.0,6.781
0.0,4.0
0.0,5.506
0.0,6.6
0.0,5.6
0.0,5.7
34153101.0,7.0
0.0,5.7
0.0,5.3
0.0,5.5
1181929.0,5.754
120680.0,6.1
0.0,5.7
0.0,6.8
4534.0,5.5
0.0,6.743
28000000.0,6.363
0.0,5.6
0.0,5.6
288312.0,6.6
0.0,6.3
0.0,5.7
5719.0,5.733
26966.0,6.9
3512106.0,7.565
16000000.0,7.2
59810.0,7.5
0.0,4.1
0.0,3.5
40924982.0,5.481
0.0,4.9
252603.0,5.0
0.0,5.3
0.0,5.75
0.0,5.552
0.0,5.4
790421.0,6.57
0.0,6.1
9303603.0,5.987
17801.0,4.7
0.0,7.823
0.0,6.0
0.0,5.926
0.0,7.0
24995.0,4.7
0.0,5.6
0.0,6.0
0.0,5.2
0.0,6.3
0.0,5.0
0.0,6.6
10187540.0,6.596
0.0,6.8
0.0,6.011
0.0,6.7
525.0,5.3
7211180.0,6.421
0.0,5.4
0.0,4.92
0.0,6.0
0.0,6.4
0.0,7.127
0.0,6.8
0.0,4.5
0.0,6.116
52632.0,7.2
0.0,4.1
0.0,6.2
0.0,6.25
6388.0,5.8
0.0,5.327
0.0,5.7
0.0,4.9
0.0,4.0
23.0,6.185
1671445.0,6.9
0.0,6.2
201436.0,5.5
0.0,6.1
0.0,6.8
10703234.0,5.891
1528580.0,6.3
0.0,5.5
0.0,6.6
0.0,6.8
0.0,6.408
0.0,6.2
0.0,5.9
0.0,4.2
0.0,4.8
0.0,9.2
0.0,3.9
18000000.0,6.1
0.0,7.5
47974.0,7.1
0.0,4.419
0.0,5.9
0.0,6.7
0.0,6.064
2778028.0,6.0
0.0,6.2
5588517.0,6.0
0.0,7.3
0.0,4.0
0.0,7.0
0.0,7.4
0.0,4.935
0.0,7.1
0.0,7.3
243959.0,5.7
0.0,4.86
0.0,6.255
0.0,4.8
0.0,5.0
0.0,6.4
0.0,7.0
1649260.0,6.6
0.0,6.2
0.0,5.083
0.0,7.4
0.0,6.3
0.0,6.6
0.0,5.2
0.0,5.4
0.0,6.2
0.0,6.3
0.0,6.0
0.0,6.1
0.0,5.5
0.0,5.3
0.0,3.3
0.0,6.9
2263436.0,6.5
0.0,7.7
273747.0,6.973
0.0,7.993
0.0,5.9
0.0,6.0
0.0,6.4
0.0,7.5
1130520.0,5.102
10365853.0,5.3
0.0,4.9
0.0,5.0
0.0,5.5
0.0,6.481
1672940.0,6.4
0.0,6.602
0.0,4.781
0.0,6.1
0.0,6.3
0.0,4.615
7315184.0,5.0
0.0,6.67
0.0,5.6
0.0,2.4
532777.0,5.6
473104.0,6.7
0.0,4.1
0.0,7.3
0.0,7.5
0.0,7.7
0.0,5.0
0.0,3.6
0.0,5.5
0.0,6.827
0.0,4.5
66167.0,7.2
6145395.0,6.1
0.0,5.825
0.0,5.118
75387554.0,6.4
6111.0,4.7
0.0,5.506
181107.0,7.013
0.0,4.4
0.0,6.1
0.0,4.5
0.0,5.648
0.0,3.8
0.0,3.1
0.0,5.0
0.0,5.5
0.0,3.974
0.0,8.1
4900000.0,7.8
0.0,3.7
0.0,5.0
0.0,5.9
0.0,7.3
714544.0,6.9
0.0,6.4
278000.0,6.6
1632.0,5.957
0.0,6.1
0.0,7.475
0.0,4.864
3462.0,5.5
0.0,6.6
0.0,3.1
0.0,2.0
0.0,5.5
0.0,3.6
0.0,4.452
0.0,8.168
0.0,5.0
0.0,5.7
0.0,6.4
0.0,5.5
3216359.0,6.2
0.0,5.0
0.0,3.7
0.0,4.4
3031682.0,5.503
0.0,5.4
0.0,6.311
505154.0,6.9
2400.0,5.3
0.0,6.9
0.0,6.3
0.0,5.3
0.0,6.7
0.0,4.7
0.0,5.233
0.0,5.9
0.0,7.3
0.0,7.2
0.0,7.3
0.0,7.4
0.0,6.4
5290.0,5.5
0.0,4.7
0.0,5.5
0.0,6.242
0.0,6.456
0.0,5.167
0.0,7.045
0.0,4.4
0.0,6.8
1867540.0,5.0
0.0,7.323
2900000.0,4.915
0.0,5.538
0.0,6.3
500000.0,3.681
0.0,5.085
0.0,7.7
67009.0,6.0
0.0,6.9
1004821.0,7.2
0.0,8.1
7863913.0,6.5
0.0,5.5
0.0,4.163
0.0,6.303
0.0,6.0
1832541.0,6.2
0.0,6.6
0.0,5.1
610792.0,5.4
0.0,5.8
0.0,5.9
0.0,5.367
0.0,4.8
0.0,5.8
0.0,5.7
0.0,5.6
0.0,4.5
1244000.0,5.5
1620436.0,6.9
0.0,5.6
116207.0,6.9
0.0,7.3
0.0,5.8
0.0,6.045
35297840.0,6.7
0.0,6.4
10000000.0,8.1
0.0,5.9
0.0,4.4
0.0,5.6
0.0,8.0
21000000.0,5.6
0.0,7.5
0.0,6.256
0.0,7.3
0.0,5.8
0.0,7.3
0.0,5.7
0.0,6.442
0.0,5.3
0.0,6.0
0.0,6.2
0.0,5.6
0.0,4.0
0.0,6.7
0.0,6.1
8927600.0,5.2
16138.0,6.9
0.0,7.409
0.0,7.0
698210.0,5.5
0.0,6.4
0.0,6.3
0.0,5.1
0.0,5.311
0.0,5.1
0.0,6.219
0.0,7.8
0.0,5.6
0.0,5.4
0.0,6.7
0.0,5.6
0.0,6.935
0.0,5.8
0.0,7.2
0.0,6.1
7040609.0,4.3
27740.0,5.8
0.0,8.3
0.0,5.735
0.0,6.2
0.0,7.5
8393.0,2.959
0.0,7.7
0.0,5.3
0.0,6.0
0.0,7.645
0.0,5.3
0.0,6.0
0.0,4.8
0.0,6.0
0.0,7.5
0.0,5.235
0.0,4.5
31307.0,6.0
13218980.0,5.8
0.0,5.582
0.0,8.3
0.0,6.6
0.0,4.6
0.0,7.0
0.0,7.298
0.0,6.0
0.0,5.955
0.0,4.767
0.0,6.4
0.0,7.9
0.0,3.2
0.0,5.6
0.0,7.7
2943372.0,6.0
0.0,4.938
0.0,5.1
0.0,5.0
0.0,5.4
0.0,6.0
0.0,6.0
0.0,7.0
122665.0,6.8
0.0,5.0
0.0,6.6
0.0,7.6
320415166.0,7.5
0.0,5.3
392000000.0,8.031
1274219009.0,7.2
122126687.0,8.1
247022278.0,6.138
531865000.0,6.8
86758912.0,6.903
411000000.0,6.908
958400000.0,7.571
970766005.0,6.9
865011746.0,7.426
1215577205.0,6.9
644783140.0,6.5
743600000.0,7.039
587204668.0,6.9
51695362.0,6.9
362000072.0,6.211
668045518.0,6.6
87100449.0,7.9
50461371.0,6.8
47351251.0,7.851
0.0,6.9
371900000.0,5.63
188133322.0,7.2
91266581.0,6.252
4934725.0,6.7
170270201.0,6.404
9757417.0,6.481
78378744.0,4.8
226349749.0,6.1
137328301.0,6.7
99010045.0,6.6
149295601.0,7.441
60141683.0,5.9
6677474.0,7.4
270000000.0,6.8
47300000.0,5.472
139745.0,7.2
87305549.0,6.274
205366737.0,6.468
248384621.0,6.43
678604.0,6.3
95396573.0,6.441
286168572.0,6.651
467381584.0,7.3
126041322.0,6.2
351040419.0,7.4
0.0,7.0
197700000.0,5.846
351723989.0,7.3
63300000.0,6.3
16000000.0,6.7
3876587.0,5.9
117932401.0,7.8
491868548.0,5.924
12666449.0,5.7
146428180.0,6.3
158674180.0,6.6
0.0,5.8
187000000.0,7.936
8352885.0,6.2
268426634.0,6.5
84790678.0,6.0
218791811.0,7.542
19465835.0,7.1
161921515.0,6.668
304654182.0,5.328
32443111.0,4.606
723192705.0,7.164
0.0,6.013
131940411.0,6.539
98337295.0,6.3
286140700.0,6.5
46216641.0,6.1
0.0,6.9
32768940.0,6.9
148075565.0,6.524
24366656.0,8.1
55736588.0,7.924
0.0,6.442
219788712.0,5.896
282570682.0,6.2
0.0,6.7
0.0,5.7
0.0,5.7
68572378.0,6.8
347434178.0,5.7
44459951.0,6.5
61600000.0,5.8
251171807.0,6.852
1149267.0,6.9
90200000.0,7.7
19775853.0,7.5
3302463.0,6.127
126500000.0,6.152
0.0,6.4
0.0,5.445
0.0,6.066
125537191.0,6.6
243843127.0,5.2
60052138.0,6.033
60795985.0,6.401
117000000.0,6.464
1600000.0,6.1
81071.0,7.4
820165.0,7.572
151783839.0,6.188
0.0,6.3
173700000.0,6.1
5200000.0,5.9
0.0,4.799
399445.0,7.7
20275812.0,7.0
19600000.0,6.2
0.0,7.2
71009334.0,5.3
95020213.0,7.2
63414135.0,6.603
0.0,2.8
36894225.0,6.4
14347000.0,6.6
37795598.0,7.531
260500000.0,6.1
42930462.0,6.1
0.0,7.2
4843719.0,7.6
6854611.0,6.7
0.0,5.9
110000000.0,5.876
9494789.0,6.841
7449778.0,6.9
0.0,7.859
12705094.0,7.1
0.0,6.6
25174316.0,6.3
0.0,7.922
18010317.0,6.6
0.0,7.883
12077441.0,6.6
76586316.0,7.5
32613173.0,7.055
19255873.0,7.8
11176469.0,7.508
97600000.0,7.3
64076736.0,6.6
0.0,8.4
0.0,5.2
0.0,7.4
26433651.0,7.884
0.0,6.1
89237.0,6.3
47135966.0,6.971
27437881.0,5.7
24930592.0,7.5
5867686.0,6.3
31700000.0,5.2
4069826.0,7.4
5524381.0,7.0
46100000.0,6.8
0.0,6.0
91000000.0,6.1
0.0,7.7
199850315.0,6.027
0.0,7.346
24084.0,5.5
21833.0,6.211
99067206.0,7.7
3900000.0,6.3
15400000.0,6.565
0.0,8.4
112544580.0,7.347
173965010.0,5.853
15000000.0,5.6
215637183.0,6.9
0.0,7.7
27200000.0,6.0
80300000.0,8.0
0.0,6.3
9630444.0,6.4
0.0,6.6
0.0,5.0
57300000.0,7.3
0.0,7.3
64197205.0,6.321
7600000.0,7.2
15200000.0,4.6
1585582.0,6.0
1200000.0,6.292
30000000.0,7.0
105200000.0,6.367
23589.0,4.95
134400000.0,6.405
6108720.0,6.639
74188937.0,6.9
0.0,7.9
1600000.0,7.1
17056265.0,5.7
74918.0,6.0
48065672.0,5.8
0.0,4.083
125687.0,6.272
3639345.0,5.4
19978961.0,7.653
0.0,5.8
0.0,7.0
265452.0,5.7
0.0,7.2
599721.0,7.7
3721345.0,5.7
51167572.0,6.8
0.0,6.4
0.0,6.3
3566225.0,5.781
41397727.0,6.9
0.0,6.9
0.0,6.5
0.0,7.597
44095996.0,5.7
19799759.0,5.93
0.0,6.9
71625195.0,6.6
13700000.0,7.1
485232.0,7.4
662736.0,7.8
0.0,5.634
8348.0,4.6
257019.0,4.4
919591.0,6.1
5496951.0,6.3
3499442.0,5.9
0.0,6.5
0.0,7.2
3000000.0,6.7
99200000.0,6.988
151831537.0,6.114
154120.0,7.2
27700000.0,7.442
0.0,8.0
94249025.0,6.2
64065.0,6.164
0.0,5.018
1165882.0,5.5
5127434.0,5.8
1400000.0,7.002
68500000.0,8.3
5217347.0,5.909
342183.0,7.3
32935319.0,7.194
0.0,7.0
8500000.0,6.737
2054941.0,6.1
6399.0,5.634
1200000.0,6.5
0.0,8.0
0.0,7.5
0.0,0.0
23198652.0,7.1
270185.0,4.417
15600000.0,6.625
51164106.0,6.2
21800000.0,5.859
0.0,5.4
10000000.0,8.2
12947880.0,7.7
455815.0,6.4
62600000.0,5.6
32293377.0,6.4
10357345.0,5.737
0.0,6.1
0.0,6.474
177313795.0,7.33
3548845.0,6.1
0.0,6.0
34737199.0,5.9
24174885.0,6.9
81381.0,5.747
0.0,5.2
0.0,6.2
0.0,7.5
0.0,6.8
8555008.0,6.0
2200000.0,6.591
19145732.0,5.423
35825575.0,6.925
16500000.0,7.138
14700000.0,7.5
0.0,7.4
0.0,6.1
11294.0,6.617
3428048.0,7.0
410129.0,6.0
713616.0,5.3
314131.0,5.919
100100000.0,7.4
36324232.0,6.688
770706.0,6.105
77676735.0,7.009
7965.0,6.683
46000000.0,7.2
17600000.0,7.365
9221.0,5.962
0.0,6.1
0.0,5.9
0.0,6.0
0.0,5.4
249601.0,6.3
0.0,7.4
2063312.0,7.8
0.0,6.2
0.0,7.4
18637201.0,5.6
0.0,7.9
0.0,4.0
0.0,5.71
0.0,6.0
2915767.0,6.609
2415472.0,6.107
0.0,5.6
0.0,5.3
0.0,5.4
0.0,4.7
27300000.0,6.9
10300000.0,5.8
1300000.0,5.845
44907260.0,6.1
0.0,8.262
0.0,5.516
16549477.0,6.8
0.0,7.2
11563.0,6.7
467282.0,5.8
0.0,5.164
779893.0,6.3
0.0,5.818
0.0,7.5
0.0,6.4
0.0,6.8
1197759.0,5.9
48965210.0,6.7
0.0,7.1
0.0,6.8
5750401.0,5.9
53143144.0,6.6
2963902.0,6.338
0.0,6.6
84000000.0,5.6
42100000.0,6.1
0.0,6.7
10501938.0,5.1
18642.0,5.687
0.0,5.9
0.0,4.3
0.0,7.0
2967122.0,6.66
1031243.0,6.1
0.0,6.7
0.0,5.8
0.0,7.679
2801166.0,5.8
11650.0,6.4
0.0,6.5
62000000.0,6.5
0.0,8.1
17240000.0,7.3
0.0,5.8
1770376.0,6.093
0.0,7.102
29200000.0,5.5
0.0,5.141
0.0,6.5
641.0,4.4
0.0,6.7
0.0,5.4
0.0,7.0
0.0,5.152
9114264.0,6.865
0.0,3.918
0.0,5.458
0.0,7.328
0.0,5.516
0.0,7.612
12000000.0,7.61
0.0,5.8
0.0,7.0
0.0,5.8
0.0,5.7
0.0,6.2
7755.0,3.5
32000000.0,6.9
0.0,6.1
0.0,7.7
1080000.0,5.7
11724119.0,5.7
0.0,6.5
24300000.0,6.619
58221.0,5.4
0.0,5.6
0.0,4.9
0.0,5.574
35659824.0,7.112
0.0,6.587
1645164.0,7.8
0.0,6.66
22456509.0,5.328
11311521.0,6.719
2681345.0,5.8
2711379.0,7.1
0.0,4.1
0.0,5.097
0.0,6.3
13545832.0,6.9
104810.0,5.6
10759874.0,6.495
1956267.0,7.3
0.0,5.5
0.0,6.1
0.0,5.373
4187.0,5.6
3986888.0,5.9
0.0,6.1
0.0,5.5
89661.0,5.9
0.0,6.9
0.0,5.7
0.0,5.0
39881.0,5.5
0.0,5.9
0.0,6.8
0.0,6.3
10900434.0,6.7
12666.0,5.9
0.0,5.1
19684.0,6.046
0.0,5.197
0.0,5.9
0.0,7.253
0.0,4.6
0.0,5.2
7800000.0,6.385
0.0,3.647
0.0,3.9
21766271.0,5.6
40400.0,6.403
0.0,5.1
0.0,5.7
0.0,6.9
3900000.0,5.9
0.0,5.4
9800000.0,6.6
0.0,7.2
4463059.0,6.7
46495296.0,5.4
0.0,5.304
343341.0,5.9
0.0,5.779
0.0,6.9
98774891.0,6.3
0.0,6.7
0.0,6.307
0.0,6.1
0.0,6.2
0.0,4.4
444098.0,6.4
0.0,5.1
4588899.0,6.8
25000000.0,7.4
0.0,7.1
0.0,7.027
25288872.0,6.72
7972967.0,6.822
0.0,5.519
0.0,7.9
0.0,6.3
2159041.0,6.387
0.0,7.145
0.0,5.1
0.0,5.6
0.0,6.9
0.0,7.5
0.0,7.1
0.0,7.8
0.0,4.7
0.0,6.348
747872.0,4.1
0.0,5.7
0.0,6.4
0.0,6.391
7029858.0,6.2
5809330.0,7.472
51000000.0,6.3
42770271.0,6.5
5104868.0,7.882
124561.0,4.7
0.0,4.425
0.0,6.0
15298355.0,7.233
0.0,7.5
350006.0,6.1
0.0,4.5
0.0,5.1
0.0,7.5
0.0,5.2
489884.0,5.4
0.0,8.4
10435322.0,6.143
18000000.0,7.3
0.0,7.3
0.0,5.8
0.0,3.7
0.0,5.91
8385405.0,4.8
0.0,6.2
84500000.0,7.1
0.0,7.0
0.0,5.389
16968297.0,6.6
0.0,5.9
0.0,5.9
0.0,5.53
86746.0,5.598
0.0,4.957
0.0,7.099
10631747.0,7.2
0.0,5.7
0.0,7.5
0.0,4.0
0.0,5.186
0.0,4.695
0.0,5.92
0.0,5.819
0.0,5.3
2401510.0,6.6
0.0,7.061
54071.0,7.014
1412181.0,6.2
12247.0,5.798
0.0,4.6
0.0,6.1
7636.0,5.949
0.0,4.4
0.0,5.636
0.0,6.0
0.0,7.8
1359910.0,6.6
0.0,6.2
0.0,5.6
340911.0,5.639
0.0,5.6
0.0,3.6
0.0,6.2
4327764.0,6.8
0.0,3.618
22862.0,6.5
0.0,5.953
33000000.0,7.221
17876628.0,6.4
0.0,7.305
0.0,5.7
0.0,6.4
0.0,3.9
4206343.0,6.262
2107925.0,6.659
0.0,5.2
0.0,7.669
3635718.0,6.5
142000.0,6.311
2225098.0,6.2
0.0,5.1
0.0,7.183
0.0,5.4
6701.0,6.3
0.0,7.7
5892466.0,7.2
0.0,6.0
0.0,6.7
175705.0,5.5
0.0,5.2
0.0,6.0
0.0,6.7
6500000.0,6.5
0.0,4.0
0.0,6.0
0.0,4.1
0.0,5.565
20552094.0,7.7
0.0,5.3
51936318.0,6.8
0.0,5.548
0.0,5.9
0.0,7.042
0.0,5.9
0.0,7.2
0.0,4.6
0.0,6.2
0.0,6.138
0.0,5.594
33232.0,6.6
0.0,5.3
35461505.0,6.5
30283.0,6.106
0.0,6.5
0.0,5.6
0.0,7.0
600000.0,6.227
0.0,6.7
0.0,6.8
0.0,5.0
0.0,6.9
19613.0,5.7
0.0,5.3
0.0,7.0
0.0,5.7
0.0,7.3
7865.0,6.0
0.0,4.706
116000000.0,6.2
0.0,4.8
0.0,5.0
22930.0,6.2
0.0,4.0
0.0,5.826
0.0,5.7
0.0,5.4
148671.0,7.093
0.0,5.13
0.0,5.1
0.0,6.8
788700000.0,6.818
0.0,5.364
0.0,5.773
0.0,6.996
0.0,7.7
107670.0,5.938
0.0,5.3
0.0,6.7
0.0,6.494
0.0,4.7
0.0,7.207
0.0,6.2
0.0,5.3
0.0,5.0
10349042.0,6.4
0.0,6.4
0.0,5.0
7182.0,6.3
53396635.0,6.4
5250588.0,5.8
0.0,6.7
0.0,6.07
0.0,7.5
0.0,5.976
0.0,6.0
0.0,6.4
0.0,6.3
0.0,6.3
0.0,7.3
77717014.0,4.2
11719123.0,6.7
0.0,5.497
0.0,6.3
0.0,6.9
210565.0,4.1
0.0,3.0
0.0,7.35
0.0,5.0
0.0,4.9
0.0,5.7
0.0,7.3
0.0,7.211
0.0,5.9
180590.0,6.984
0.0,5.7
7406037.0,7.6
0.0,6.734
0.0,4.8
0.0,5.3
0.0,6.2
0.0,5.798
314047.0,7.1
34664.0,7.174
222000.0,5.9
0.0,6.899
0.0,6.0
0.0,5.8
12189.0,7.272
0.0,5.9
5586646.0,6.046
32230907.0,6.7
0.0,8.6
1675381.0,5.1
0.0,9.0
0.0,7.1
0.0,5.571
228.0,3.2
16971.0,5.5
0.0,5.2
41807000.0,6.9
61669.0,5.2
0.0,7.1
0.0,4.467
0.0,4.864
0.0,5.0
1872903.0,5.588
0.0,6.4
0.0,6.4
0.0,6.9
0.0,5.9
0.0,5.904
0.0,6.4
1171761.0,6.6
0.0,6.0
0.0,7.3
0.0,4.8
0.0,5.752
2861020.0,6.2
0.0,4.2
0.0,6.4
0.0,6.3
0.0,6.3
0.0,6.0
0.0,5.2
0.0,8.5
0.0,6.8
4037782.0,6.6
0.0,6.017
0.0,6.265
850259.0,5.4
0.0,4.767
0.0,4.3
0.0,7.34
0.0,5.7
0.0,7.3
0.0,6.949
0.0,7.5
7424.0,6.8
383294.0,6.9
81350000.0,6.4
0.0,6.0
0.0,4.3
0.0,6.0
0.0,5.6
0.0,7.1
0.0,4.7
0.0,6.9
0.0,5.4
0.0,7.011
10980157.0,7.1
0.0,6.16
88000000.0,6.7
0.0,6.9
0.0,7.1
0.0,5.4
78.0,6.4
57000.0,5.0
466088.0,6.6
0.0,7.0
0.0,6.9
0.0,4.9
0.0,6.9
0.0,6.8
0.0,5.3
0.0,6.7
0.0,3.3
0.0,5.746
0.0,8.0
0.0,0.0
0.0,6.661
0.0,7.1
0.0,6.126
0.0,6.333
0.0,2.1
0.0,5.4
0.0,7.3
0.0,5.5
0.0,7.0
4949039.0,5.9
0.0,5.099
0.0,5.1
0.0,4.2
0.0,7.1
0.0,7.594
2200000.0,6.9
76933.0,7.1
0.0,7.0
0.0,6.2
0.0,6.515
0.0,5.8
0.0,6.6
0.0,6.6
5378537.0,6.9
1110918.0,5.8
163690.0,7.1
0.0,6.6
0.0,5.7
6100000.0,7.2
0.0,6.4
0.0,8.2
0.0,5.41
0.0,6.31
14836.0,5.807
0.0,5.6
0.0,5.181
1800000.0,6.2
0.0,4.3
9195.0,5.1
0.0,5.7
0.0,7.0
0.0,6.3
0.0,7.3
0.0,5.4
0.0,5.8
9500000.0,6.161
415440673.0,6.419
0.0,7.338
0.0,6.2
0.0,5.1
1417453.0,6.3
0.0,5.6
0.0,6.8
0.0,4.6
0.0,6.0
0.0,6.1
5400000.0,5.8
0.0,5.9
135039.0,7.098
6804918.0,3.9
48125.0,6.798
0.0,5.9
0.0,5.4
0.0,4.6
0.0,5.975
0.0,4.565
0.0,7.242
0.0,6.0
0.0,6.6
0.0,6.0
0.0,4.0
0.0,6.8
243550.0,6.8
0.0,4.6
1127938.0,7.0
0.0,4.807
0.0,5.5
0.0,6.45
0.0,4.7
0.0,6.0
0.0,6.045
0.0,7.4
0.0,4.0
0.0,5.3
0.0,5.9
0.0,5.8
0.0,7.2
0.0,6.3
1061.0,5.329
1583687.0,5.8
0.0,5.832
35022.0,4.7
0.0,6.6
0.0,4.673
0.0,6.7
0.0,4.9
0.0,5.5
4793.0,6.024
0.0,5.4
0.0,5.9
0.0,5.167
3995340.0,7.344
0.0,5.9
0.0,6.0
0.0,5.8
0.0,6.1
0.0,7.0
25820000.0,6.9
0.0,6.1
0.0,4.9
0.0,6.4
0.0,5.7
0.0,7.588
0.0,5.524
0.0,6.0
0.0,5.9
0.0,6.5
0.0,7.101
0.0,4.7
115739.0,7.371
0.0,5.2
0.0,6.1
0.0,5.5
0.0,6.0
0.0,6.277
0.0,6.7
0.0,4.7
0.0,6.8
901596.0,4.4
0.0,5.205
0.0,5.5
0.0,6.048
0.0,4.3
0.0,5.976
0.0,4.4
0.0,6.2
0.0,7.0
0.0,4.1
0.0,4.0
0.0,6.9
0.0,6.7
0.0,6.8
50000.0,6.3
0.0,6.5
125.0,7.163
0.0,7.0
0.0,7.2
0.0,6.9
0.0,6.5
0.0,7.4
45659.0,5.297
0.0,6.7
0.0,6.8
2118871.0,4.872
0.0,7.6
0.0,5.3
0.0,5.9
0.0,5.9
0.0,5.4
0.0,4.8
0.0,5.993
164290.0,6.8
0.0,5.0
0.0,3.6
8800000.0,6.6
0.0,6.2
0.0,5.6
0.0,6.316
0.0,6.2
0.0,8.1
0.0,5.2
0.0,7.4
0.0,5.2
0.0,7.1
0.0,7.2
0.0,5.254
0.0,6.6
0.0,5.9
0.0,4.9
0.0,6.8
9300000.0,5.5
0.0,4.9
0.0,7.29
0.0,5.3
0.0,5.6
16999831.0,4.25
0.0,2.056
0.0,6.9
0.0,6.6
0.0,6.4
0.0,4.6
0.0,6.646
0.0,5.6
0.0,4.7
0.0,6.5
0.0,6.1
0.0,4.8
0.0,6.1
0.0,6.531
0.0,5.9
0.0,6.1
0.0,7.5
0.0,6.9
650675.0,6.3
0.0,6.4
0.0,6.397
0.0,5.9
0.0,5.7
0.0,5.2
0.0,4.9
0.0,7.2
0.0,6.2
0.0,5.9
0.0,6.9
0.0,4.692
0.0,6.0
0.0,6.0
0.0,4.7
0.0,5.7
0.0,7.9
0.0,5.1
0.0,3.6
0.0,5.869
2476775.0,5.8
0.0,6.793
0.0,6.0
0.0,2.5
0.0,3.683
0.0,4.5
0.0,4.0
746606706.0,8.5
348319861.0,7.188
956019788.0,7.325
192330738.0,7.28
657870525.0,7.7
211817906.0,7.5
755356711.0,6.813
50307484.0,8.4
714766572.0,7.7
370890259.0,7.89
25343661.0,6.2
370541256.0,7.627
708962323.0,6.5
1104054072.0,5.9
326105453.0,7.1
485004754.0,5.9
621537519.0,7.7
325800000.0,6.3
373515621.0,6.5
288885818.0,6.914
758539785.0,7.1
233555708.0,7.996
458863600.0,6.457
542300000.0,7.423
747862775.0,7.529
710644566.0,7.33
88761661.0,7.442
19840000.0,7.4
10300000.0,6.5
97437106.0,7.5
257589952.0,5.8
128000000.0,6.9
268031828.0,5.9
524978362.0,6.342
50300000.0,7.7
174600318.0,8.042
63998725.0,6.928
244819862.0,5.8
214657577.0,6.21
307166834.0,7.598
363204635.0,6.217
4942449.0,7.4
331333876.0,6.8
103215094.0,7.5
772776600.0,7.9
337580051.0,6.113
470759687.0,7.4
0.0,7.3
111928365.0,6.634
39407616.0,6.39
12342632.0,6.185
1169603.0,6.1
498781117.0,6.5
203277636.0,6.418
136600000.0,6.463
41900000.0,6.712
136853506.0,6.2
126069509.0,5.4
83100000.0,7.3
0.0,5.0
19682924.0,4.3
6566916.0,7.602
169837010.0,5.6
86400000.0,6.047
5735963.0,6.1
47430624.0,6.178
135500000.0,6.111
4439431.0,7.8
84419388.0,7.3
0.0,6.262
0.0,6.5
32600000.0,6.106
107645357.0,6.181
103600000.0,5.1
362600000.0,5.7
114178613.0,5.5
19054534.0,6.787
2478806.0,6.9
0.0,5.9
123726688.0,7.846
10100000.0,6.4
0.0,7.137
272912430.0,6.71
58834384.0,6.327
0.0,6.7
0.0,7.096
0.0,7.1
0.0,6.1
4915757.0,5.6
3396726.0,6.863
2700051.0,6.6
101300000.0,6.7
86165646.0,6.8
5148503.0,5.105
0.0,6.799
108255770.0,6.7
163400000.0,7.4
0.0,4.9
422697.0,5.297
34949567.0,7.9
242688965.0,5.874
196800000.0,6.4
0.0,6.5
103039258.0,6.041
66980456.0,6.554
0.0,6.985
4381603.0,5.8
17150803.0,6.6
270665134.0,6.186
14710975.0,6.6
222809600.0,6.809
45967935.0,7.117
35926213.0,7.5
0.0,6.2
117831631.0,5.54
151165787.0,6.2
1075178.0,5.8
17669776.0,6.5
0.0,5.3
857522.0,8.0
217124280.0,6.4
87937815.0,6.2
1882074.0,5.505
0.0,7.7
90894962.0,5.4
0.0,6.376
67800064.0,6.8
0.0,6.3
45895.0,5.9
12007070.0,6.61
182206924.0,5.5
0.0,5.4
6237990.0,5.8
17534314.0,5.9
53830415.0,5.9
78300000.0,7.37
1289595.0,4.9
34100000.0,6.9
0.0,5.0
0.0,6.7
0.0,6.9
53260230.0,6.091
3758328.0,6.274
212902372.0,5.8
9649013.0,7.114
153997819.0,6.3
0.0,6.3
13809.0,6.3
160600000.0,6.053
41300000.0,6.6
29789000.0,6.007
54837234.0,7.1
44779195.0,7.485
0.0,7.606
31478893.0,7.9
2665322.0,6.013
0.0,4.9
993313.0,6.797
7700259.0,7.6
0.0,7.5
42028116.0,6.9
71416730.0,5.9
138342258.0,6.966
0.0,6.0
48137666.0,7.5
0.0,6.263
66787908.0,7.394
6300000.0,7.6
63500000.0,7.2
1749201.0,5.9
89500000.0,7.3
30932534.0,6.3
59744.0,6.73
0.0,6.0
0.0,5.8
0.0,5.3
0.0,4.727
154984035.0,6.1
61279452.0,4.8
22126842.0,5.6
1323415.0,5.9
76801179.0,5.356
100654149.0,6.191
0.0,6.374
176404493.0,6.7
39171130.0,6.0
11774.0,6.3
395000.0,6.8
49002684.0,6.0
31278476.0,7.0
122500000.0,5.792
0.0,7.722
55000000.0,5.7
0.0,5.1
118920000.0,7.7
0.0,7.4
0.0,7.3
5216102.0,6.3
0.0,6.993
0.0,4.3
358156.0,5.511
0.0,7.3
28595105.0,6.6
15071.0,6.6
0.0,6.292
3396345.0,7.3
0.0,7.736
4500000.0,7.2
0.0,6.1
4070789.0,6.258
2424381.0,5.3
52501541.0,7.0
0.0,5.6
5155325.0,7.406
0.0,7.4
51379470.0,6.8
0.0,6.683
0.0,7.6
0.0,7.2
0.0,6.7
31554855.0,6.475
64400000.0,7.0
2360281.0,6.3
0.0,8.1
0.0,6.516
0.0,5.2
48854305.0,5.254
0.0,4.942
0.0,4.5
3200000.0,6.803
0.0,5.8
0.0,4.9
1124445.0,6.707
0.0,5.4
70181428.0,6.4
3494070.0,8.2
30800231.0,6.3
5092129.0,5.599
2510007.0,6.3
62900000.0,5.5
0.0,7.1
37151.0,6.7
0.0,5.1
11500000.0,7.213
0.0,6.4
0.0,5.2
0.0,3.9
2431443.0,6.5
1363964.0,6.486
0.0,6.1
0.0,6.0
0.0,7.0
15391979.0,6.3
481234.0,7.581
0.0,6.9
2405143.0,6.1
100500000.0,5.3
0.0,6.0
129115.0,6.8
0.0,7.052
0.0,6.0
3442853.0,6.5
0.0,6.2
35900000.0,6.2
16365451.0,6.0
100000.0,5.1
3500000.0,6.623
0.0,5.5
360736.0,8.0
427418.0,6.556
12096300.0,6.653
0.0,7.117
868081.0,6.4
0.0,6.9
9016922.0,6.9
2756.0,4.8
16861137.0,5.306
0.0,8.0
0.0,6.2
6300000.0,7.993
581011.0,5.9
0.0,6.1
1156000.0,6.8
0.0,5.1
33448971.0,6.763
72775689.0,6.933
306004.0,4.762
0.0,4.8
65460.0,5.733
0.0,4.9
0.0,5.952
3484370.0,7.2
0.0,4.7
103536.0,6.1
0.0,3.9
0.0,7.1
0.0,5.902
0.0,7.7
8100000.0,5.968
5300000.0,6.6
0.0,7.143
14947.0,4.932
1472431.0,6.859
37473.0,6.5
78768613.0,6.6
28900000.0,6.982
30127963.0,6.666
1430655.0,6.6
0.0,4.555
0.0,6.2
0.0,4.9
5200000.0,6.612
0.0,6.2
0.0,4.4
0.0,5.7
1897363.0,6.9
0.0,6.6
1857574.0,5.5
4519865.0,6.31
200000.0,6.5
141654055.0,6.5
11500000.0,7.0
5169755.0,7.041
0.0,4.8
0.0,5.521
80400000.0,6.3
0.0,3.9
0.0,5.6
0.0,5.461
4510000.0,6.185
1448076.0,6.2
56574.0,5.308
0.0,6.018
0.0,6.4
4571025.0,7.322
0.0,4.5
0.0,5.8
0.0,5.7
1207841.0,8.0
121179.0,6.426
4574756.0,7.2
17542139.0,7.6
1700000.0,6.5
49970.0,6.6
0.0,4.8
23456897.0,5.4
0.0,6.751
7176347.0,6.2
4094339.0,6.867
0.0,5.7
14600000.0,6.8
3593460.0,7.1
0.0,7.6
58293.0,7.2
0.0,5.8
0.0,5.9
26488847.0,7.1
2379154.0,6.122
0.0,6.8
0.0,6.0
5240.0,6.1
3003169.0,7.7
0.0,6.3
26033917.0,5.5
16700000.0,7.7
5188128.0,7.1
0.0,5.8
3016126.0,5.9
4453524.0,6.0
19572.0,6.5
0.0,6.48
0.0,5.9
0.0,6.5
0.0,7.681
0.0,7.4
10315875.0,6.1
0.0,5.593
0.0,7.041
0.0,7.0
4018705.0,7.5
0.0,7.2
51029361.0,6.5
26117471.0,6.1
1822250.0,7.272
0.0,5.5
0.0,5.9
604517.0,5.5
0.0,4.783
21026290.0,6.638
0.0,6.4
0.0,6.4
0.0,5.6
0.0,6.043
0.0,7.5
10429707.0,5.6
28831145.0,6.7
0.0,5.0
45600000.0,6.1
0.0,8.0
0.0,6.9
5337409.0,7.4
3430018.0,6.7
0.0,6.6
3184472.0,6.9
0.0,5.501
33821.0,6.173
15520023.0,6.8
0.0,6.4
6015494.0,6.4
4635300.0,6.909
0.0,6.9
0.0,6.9
0.0,6.4
0.0,6.5
0.0,6.9
0.0,3.6
0.0,7.2
0.0,5.8
0.0,7.2
0.0,5.869
0.0,6.996
111141.0,6.061
0.0,6.902
0.0,5.9
0.0,6.0
0.0,5.843
3655907.0,7.4
4507463.0,5.84
0.0,5.668
9318.0,5.395
88273.0,5.5
0.0,4.4
0.0,7.8
0.0,7.5
0.0,6.2
0.0,6.0
0.0,7.263
25312387.0,6.028
0.0,6.0
0.0,5.9
52424533.0,6.9
0.0,5.8
0.0,6.4
0.0,5.8
0.0,5.063
0.0,6.6
3790114.0,5.1
0.0,5.3
17834867.0,5.11
26576000.0,6.012
1020921.0,6.013
0.0,4.9
0.0,6.0
0.0,6.1
0.0,7.5
0.0,5.5
0.0,6.6
0.0,7.0
1851517.0,6.6
0.0,4.9
1289998.0,6.7
0.0,5.5
0.0,6.1
0.0,6.1
0.0,6.7
0.0,7.5
0.0,6.4
0.0,6.5
105365782.0,7.5
0.0,6.621
215034.0,6.7
154701.0,6.121
0.0,7.3
0.0,5.2
0.0,6.9
7646700.0,6.0
0.0,6.582
0.0,7.1
45300000.0,5.9
6457479.0,6.4
22179785.0,6.5
0.0,4.799
0.0,7.3
169976.0,5.836
0.0,5.2
0.0,5.843
2262223.0,6.365
0.0,6.5
54915.0,7.1
0.0,5.9
894964.0,7.4
0.0,4.2
0.0,6.36
151530.0,6.341
34592118.0,5.9
5483299.0,6.5
75143.0,5.9
0.0,6.3
0.0,7.4
60765.0,6.4
0.0,5.234
0.0,5.409
0.0,6.9
0.0,5.2
3005082.0,5.4
0.0,5.4
0.0,5.2
38307627.0,6.7
0.0,6.483
22300000.0,6.1
0.0,7.354
0.0,5.322
0.0,6.196
20258904.0,6.8
39296.0,5.4
0.0,5.9
0.0,7.2
0.0,5.75
2100000.0,5.917
4396821.0,7.4
0.0,5.5
0.0,5.905
0.0,5.3
0.0,6.091
0.0,5.0
3946880.0,7.005
616277.0,6.633
67347013.0,6.763
0.0,6.8
0.0,7.0
360000.0,6.5
1503616.0,7.562
0.0,4.8
0.0,5.6
0.0,7.1
12058187.0,5.757
0.0,5.459
30312.0,5.1
0.0,6.7
54606.0,7.421
0.0,4.9
121000.0,7.3
0.0,5.7
0.0,6.7
0.0,6.252
206909.0,6.1
8867935.0,6.0
0.0,5.8
0.0,6.9
0.0,5.303
0.0,5.7
0.0,7.0
0.0,6.018
0.0,6.8
0.0,4.8
0.0,6.5
0.0,5.8
0.0,4.65
0.0,7.837
0.0,6.8
0.0,6.689
0.0,7.4
0.0,6.6
3123963.0,6.5
0.0,6.5
0.0,6.8
1059804.0,8.106
0.0,6.568
0.0,6.3
15.0,8.4
0.0,7.1
47587984.0,7.3
0.0,6.7
0.0,7.694
18662027.0,6.3
23598.0,6.5
0.0,6.4
0.0,4.3
53086.0,5.5
0.0,7.6
0.0,7.1
0.0,0.0
0.0,6.1
0.0,4.528
0.0,7.5
3676773.0,6.4
4404.0,5.9
0.0,7.0
0.0,6.669
1076075.0,6.978
0.0,6.3
513447.0,6.9
0.0,5.0
0.0,5.8
0.0,6.9
0.0,7.106
0.0,4.975
0.0,6.9
271755.0,5.8
2005958.0,5.0
0.0,6.1
0.0,3.9
63852235.0,6.2
687505.0,6.8
0.0,7.9
0.0,5.1
0.0,5.8
0.0,6.8
60048.0,6.0
0.0,0.0
0.0,6.1
0.0,6.3
36433975.0,4.6
7527232.0,6.21
0.0,6.5
0.0,4.4
0.0,5.8
1580000.0,5.9
0.0,6.657
0.0,5.0
5342108.0,7.2
4840034.0,7.0
0.0,8.0
26000000.0,6.103
0.0,5.731
0.0,6.799
5000000.0,5.6
28208.0,7.4
0.0,6.3
108808.0,5.4
0.0,5.1
0.0,5.0
7557761.0,6.6
0.0,5.5
0.0,6.563
0.0,6.9
13851074.0,5.6
0.0,6.7
0.0,6.2
22414611.0,6.5
0.0,5.8
0.0,7.6
0.0,5.7
0.0,4.3
0.0,4.0
8251.0,6.7
0.0,6.977
0.0,5.8
0.0,5.3
0.0,1.5
0.0,6.7
292092.0,5.9
0.0,6.178
0.0,6.079
7171.0,5.385
1012821.0,4.6
3736775.0,6.4
0.0,3.0
0.0,6.971
0.0,5.923
103815.0,6.7
0.0,6.2
0.0,5.699
0.0,3.4
0.0,6.9
1173514.0,7.4
0.0,4.7
0.0,7.116
0.0,6.562
0.0,4.781
0.0,5.9
0.0,5.33
0.0,5.1
0.0,6.8
0.0,6.4
0.0,6.6
694600.0,7.328
0.0,5.3
0.0,6.6
1454682.0,6.9
0.0,6.3
0.0,3.925
0.0,5.017
0.0,7.8
0.0,5.4
0.0,7.1
0.0,5.8
1300000.0,7.5
0.0,4.7
0.0,4.7
0.0,5.735
0.0,5.529
0.0,6.2
0.0,6.5
0.0,4.0
0.0,6.3
0.0,5.1
0.0,7.3
0.0,5.0
0.0,7.5
0.0,6.7
0.0,7.5
3683978.0,6.848
21571189.0,6.8
0.0,7.8
0.0,5.6
0.0,5.2
0.0,5.189
0.0,7.3
0.0,6.8
0.0,5.5
0.0,6.087
0.0,7.7
0.0,6.5
0.0,6.5
0.0,5.8
2080529.0,6.4
0.0,6.64
0.0,4.9
0.0,4.2
0.0,5.7
0.0,5.0
0.0,6.8
0.0,5.742
27926871.0,6.8
0.0,6.315
0.0,5.2
0.0,4.0
0.0,6.0
0.0,4.7
0.0,5.9
0.0,5.2
0.0,5.8
32251.0,5.7
0.0,6.7
0.0,7.2
0.0,6.4
0.0,4.3
3447633.0,6.191
739623.0,6.581
0.0,6.8
0.0,7.4
0.0,4.9
0.0,5.993
0.0,5.2
0.0,6.5
0.0,6.8
0.0,7.1
0.0,5.2
0.0,4.559
0.0,6.033
46460.0,5.1
0.0,3.0
3346257.0,6.4
0.0,5.139
0.0,7.3
0.0,6.2
0.0,4.5
0.0,4.2
0.0,4.5
0.0,7.0
0.0,4.8
600000.0,4.9
149337.0,4.06
0.0,6.4
0.0,4.307
0.0,6.4
0.0,6.4
0.0,6.8
0.0,5.636
0.0,5.382
0.0,7.1
0.0,6.8
0.0,6.6
0.0,6.1
3186708.0,7.6
1507352.0,7.552
0.0,4.4
40000.0,3.4
5458444.0,7.2
10600000.0,7.1
0.0,5.5
0.0,5.9
0.0,8.5
0.0,4.7
0.0,7.1
0.0,6.8
467363.0,5.8
0.0,6.7
4825184.0,6.7
0.0,5.1
0.0,5.6
0.0,5.5
0.0,6.004
5205106.0,5.261
0.0,6.8
1278108.0,6.493
39477906.0,4.4
20193106.0,5.0
0.0,6.3
677577.0,4.5
0.0,5.6
0.0,5.352
0.0,5.2
0.0,4.9
846704.0,4.4
0.0,5.5
0.0,5.8
0.0,5.5
0.0,6.0
0.0,7.0
0.0,6.005
0.0,5.504
0.0,5.2
0.0,6.517
0.0,7.4
0.0,6.546
0.0,7.4
14348529.0,5.837
8265.0,5.8
9166810.0,6.1
0.0,6.0
0.0,4.6
0.0,6.4
19305.0,5.9
0.0,4.1
0.0,6.2
0.0,7.2
214344.0,5.8
0.0,5.0
0.0,5.057
0.0,6.006
0.0,6.6
0.0,6.408
15536328.0,7.1
126150.0,5.733
0.0,6.1
0.0,4.0
0.0,6.5
0.0,6.831
0.0,7.2
0.0,7.2
1424898.0,6.6
0.0,5.4
0.0,6.1
1310673.0,6.6
0.0,6.5
0.0,7.5
0.0,7.8
0.0,6.6
0.0,5.391
1064454.0,6.568
0.0,5.9
0.0,7.573
0.0,5.0
0.0,6.1
0.0,4.4
0.0,6.8
0.0,3.7
0.0,5.909
0.0,5.7
0.0,5.2
0.0,5.5
0.0,4.2
155881.0,6.0
0.0,4.8
1780466.0,6.7
0.0,6.1
0.0,6.3
0.0,5.4
0.0,5.9
36026.0,3.3
48911.0,7.892
189000000.0,6.0
0.0,6.919
0.0,7.007
0.0,6.5
0.0,4.87
0.0,7.0
0.0,6.5
0.0,5.6
0.0,6.3
109144.0,6.7
17000000.0,7.3
0.0,7.906
0.0,6.9
0.0,6.9
0.0,5.3
6019000.0,6.5
0.0,6.5
13969785.0,6.7
13842409.0,6.1
0.0,8.0
0.0,5.7
0.0,6.246
0.0,5.7
0.0,6.9
0.0,6.9
0.0,7.338
15998618.0,7.3
0.0,6.6
0.0,7.26
0.0,4.8
0.0,4.367
0.0,5.7
0.0,3.567
0.0,7.0
0.0,5.199
0.0,6.0
0.0,7.4
0.0,5.7
0.0,4.5
0.0,6.531
0.0,6.0
0.0,7.423
0.0,6.7
0.0,5.9
0.0,6.4
0.0,6.8
0.0,5.2
0.0,4.6
0.0,4.899
0.0,7.4
0.0,5.7
0.0,7.1
18000000.0,5.766
0.0,3.732
0.0,6.3
0.0,5.6
0.0,7.645
10000000.0,5.7
0.0,6.955
0.0,5.7
0.0,3.9
0.0,6.2
0.0,7.2
0.0,7.3
0.0,4.0
0.0,7.4
0.0,7.5
0.0,7.352
0.0,5.8
0.0,6.0
0.0,6.0
0.0,6.1
0.0,4.6
2534077.0,5.8
0.0,5.989
0.0,4.9
0.0,4.4
0.0,4.644
0.0,7.4
0.0,5.5
0.0,6.1
0.0,4.9
0.0,5.4
0.0,7.479
0.0,4.656
2509063.0,6.1
0.0,6.2
32000000.0,6.0
763280.0,5.5
0.0,7.0
0.0,5.481
0.0,5.1
99481307.0,7.2
0.0,6.4
0.0,5.4
0.0,6.3
0.0,7.7
0.0,5.0
0.0,4.7
0.0,4.671
0.0,4.6
0.0,6.4
0.0,5.712
0.0,5.7
0.0,5.7
0.0,6.7
0.0,5.1
0.0,6.9
679608.0,6.3
0.0,5.6
2156387.0,5.7
0.0,6.9
0.0,5.3
0.0,7.5
4626678.0,6.1
0.0,5.8
0.0,6.6
0.0,4.7
0.0,6.5
0.0,7.145
0.0,4.5
0.0,7.5
13769.0,6.106
0.0,5.5
0.0,7.3
0.0,5.2
569651467.0,5.879
1671537444.0,6.693
857611174.0,7.911
543514353.0,6.8
378858340.0,7.6
0.0,6.7
1405403694.0,7.272
215863606.0,6.3
1515400000.0,7.229
440603537.0,5.9
2068223624.0,7.264
0.0,5.3
84997446.0,7.412
473990832.0,6.245
61768190.0,6.8
14900000.0,6.5
532950503.0,7.532
312296056.0,6.7
414351546.0,7.6
244900000.0,5.7
682716636.0,7.207
297002527.0,6.363
104399548.0,6.786
332207671.0,6.7
65663276.0,7.481
173600000.0,7.408
30810658.0,6.1
653428261.0,6.897
15187789.0,6.1
631058917.0,7.688
209200000.0,6.278
23374076.0,6.6
880707597.0,6.555
184000000.0,5.5
519311965.0,7.1
194564672.0,7.22
0.0,6.4
473200000.0,6.8
0.0,6.4
0.0,4.339
0.0,6.1
0.0,5.0
6341684.0,5.385
36869414.0,7.6
38362448.0,7.5
311594032.0,6.1
0.0,7.1
368871007.0,6.8
95437994.0,5.2
3191168.0,6.9
98450062.0,6.315
6738764.0,5.7
33200000.0,6.8
287144079.0,6.9
155760117.0,7.8
0.0,6.9
146936910.0,5.977
167977596.0,4.4
133346506.0,7.4
0.0,5.0
91709827.0,7.4
104400000.0,6.3
93900000.0,6.76
0.0,6.4
0.0,6.9
144420.0,5.8
105000000.0,6.0
81967450.0,5.9
235666219.0,6.83
246233113.0,6.9
42972994.0,7.1
201634991.0,7.8
2350695.0,6.227
15700000.0,7.044
108100000.0,7.1
233755553.0,6.0
1159457503.0,6.41
133782481.0,6.0
79799880.0,6.5
63013281.0,7.6
71561644.0,6.4
97571250.0,7.61
158261424.0,6.3
17752940.0,5.5
12951093.0,6.3
203427584.0,6.8
90747520.0,7.523
40272135.0,7.5
0.0,6.0
0.0,6.9
74700000.0,6.7
120453155.0,6.3
31807156.0,6.417
0.0,5.8
21815482.0,6.8
52425855.0,4.893
0.0,4.0
72629670.0,5.5
0.0,6.5
16184.0,3.735
242786137.0,6.3
11083449.0,7.7
87970000.0,6.907
140795793.0,5.804
98690254.0,7.815
165478348.0,7.235
0.0,4.3
99975678.0,6.5
475846.0,6.865
49263404.0,6.233
0.0,5.946
107597242.0,5.165
0.0,6.992
153962963.0,6.874
0.0,6.6
73267874.0,7.8
249083.0,6.4
709136.0,5.2
0.0,5.2
54400000.0,6.9
0.0,0.0
0.0,5.668
51680201.0,5.7
6906250.0,6.0
61800000.0,6.197
64200000.0,7.571
36606743.0,6.5
1784763.0,5.3
12828829.0,7.078
0.0,6.3
0.0,7.7
53329150.0,5.9
0.0,4.4
153000000.0,6.9
0.0,6.121
62076141.0,7.3
0.0,5.1
47318560.0,5.512
22586863.0,6.414
0.0,5.2
61181942.0,6.991
0.0,5.591
111800000.0,6.0
11100000.0,6.775
117800000.0,6.2
78903124.0,5.3
35401758.0,8.0
0.0,6.8
30300000.0,7.034
2193474.0,6.7
0.0,6.1
43956255.0,7.2
12975143.0,6.7
26072723.0,6.9
15730665.0,7.2
133332.0,5.7
0.0,5.0
0.0,7.2
25003426.0,7.0
101134059.0,6.544
4100000.0,6.1
17671101.0,5.6
49714378.0,7.957
0.0,5.8
58978653.0,6.689
0.0,7.8
30692889.0,7.6
0.0,7.9
0.0,6.1
96119773.0,7.3
16810562.0,6.392
2160298.0,5.4
0.0,5.4
3621046.0,7.3
0.0,5.6
106209378.0,6.963
10495305.0,7.2
43528634.0,6.8
106380000.0,6.1
0.0,6.0
0.0,5.939
0.0,7.3
187112.0,5.4
121545703.0,6.401
593683.0,6.0
6303792.0,5.9
13603453.0,7.091
18704595.0,7.0
35800000.0,4.724
16322067.0,6.5
25513752.0,6.8
278300000.0,6.2
0.0,7.7
0.0,6.0
22783699.0,6.4
0.0,6.4
24900000.0,6.4
0.0,7.5
0.0,6.5
834927.0,6.5
0.0,6.0
0.0,7.2
26250020.0,5.512
0.0,5.4
128388320.0,6.0
0.0,1.0
0.0,7.2
4289074.0,5.635
0.0,7.1
52395996.0,6.1
0.0,5.4
3643591.0,6.4
125842935.0,6.8
5090852.0,5.9
3214116.0,6.289
50400000.0,7.1
0.0,5.4
16294916.0,5.2
45710059.0,7.4
2000000.0,6.9
4842699.0,5.9
0.0,7.2
85500000.0,6.2
0.0,5.5
157000000.0,7.02
5500277.0,6.417
7500000.0,5.5
0.0,5.1
8235661.0,7.164
1592853.0,5.9
8852989.0,7.613
0.0,7.4
0.0,7.5
23706386.0,7.6
34400000.0,6.8
0.0,5.1
14410698.0,6.5
0.0,6.703
0.0,5.4
5600000.0,6.7
7002261.0,5.8
42426912.0,6.0
4500000.0,6.4
5700000.0,7.1
1477002.0,6.6
925000.0,6.9
87768.0,6.8
101203.0,6.6
387053506.0,6.4
29355203.0,6.5
0.0,4.616
8306690.0,6.1
0.0,7.0
16002420.0,7.234
0.0,7.9
643557.0,6.9
0.0,6.7
0.0,8.017
16775.0,4.5
0.0,5.5
0.0,7.8
6500000.0,7.2
0.0,4.427
0.0,5.0
34200000.0,5.9
346485.0,7.6
0.0,6.7
0.0,6.9
2500431.0,6.5
0.0,7.0
24532.0,5.2
1411927.0,6.8
61619773.0,7.3
64110728.0,5.3
0.0,6.2
0.0,6.8
0.0,5.0
1777043.0,7.144
35000.0,5.9
0.0,6.0
9104716.0,7.3
14301869.0,7.649
0.0,4.9
9077700.0,7.6
37461274.0,6.094
10084623.0,6.31
282.0,7.3
36900000.0,6.8
0.0,7.1
0.0,5.5
1320005.0,7.7
0.0,5.7
130541.0,6.0
27100000.0,6.088
0.0,7.3
0.0,4.1
0.0,6.6
5383097.0,6.549
0.0,5.8
0.0,5.3
41000000.0,6.9
3727746.0,5.5
80000000.0,6.2
0.0,6.7
147315.0,6.8
1473809.0,6.0
1617522.0,6.697
15709652.0,6.662
17287309.0,5.99
0.0,7.0
0.0,5.7
0.0,6.4
23600000.0,7.385
3056677.0,5.8
14431253.0,5.5
38482411.0,5.5
0.0,7.7
0.0,4.3
45431.0,5.745
32700000.0,6.4
0.0,6.2
0.0,5.0
124358.0,5.659
7556.0,4.9
1378503.0,6.8
56000000.0,7.3
64800000.0,5.2
7545758.0,6.2
0.0,5.2
0.0,5.798
0.0,5.2
222840.0,7.302
28600000.0,7.088
0.0,7.112
933847.0,5.7
0.0,6.1
82027760.0,7.3
0.0,6.646
0.0,5.5
139191345.0,6.8
0.0,6.3
167085.0,6.0
14394097.0,6.9
64455686.0,5.2
3002884.0,7.0
0.0,6.8
24563629.0,6.3
4779170.0,6.5
0.0,7.7
0.0,7.2
0.0,5.8
60273173.0,5.7
0.0,6.5
25000000.0,7.3
0.0,6.722
2801508.0,5.709
0.0,5.8
13644292.0,5.74
11991669.0,6.4
34854990.0,6.4
86000000.0,6.423
10835752.0,6.8
121461.0,5.7
0.0,5.9
8200000.0,7.4
42964410.0,4.922
0.0,4.9
0.0,6.308
3387000.0,5.3
0.0,6.506
1702433.0,6.7
3191971.0,7.6
0.0,6.7
3118433.0,5.9
1928616.0,6.7
2400000.0,5.656
2084628.0,6.119
0.0,3.7
771317.0,4.87
0.0,7.3
4250507.0,6.602
0.0,6.252
0.0,5.5
2159380.0,4.9
17986781.0,7.066
316472.0,6.0
3771345.0,5.8
12756.0,5.973
0.0,7.297
0.0,4.3
52920296.0,6.1
0.0,5.3
7200000.0,6.461
33120366.0,7.0
573335.0,7.226
0.0,7.19
20381995.0,6.8
0.0,8.6
0.0,6.5
41387687.0,6.4
1986615.0,7.3
0.0,7.7
110834.0,5.2
1100000.0,7.5
0.0,7.4
163080.0,5.619
70958.0,6.1
41325328.0,5.786
0.0,6.7
2333684.0,5.521
566006.0,5.7
0.0,5.2
0.0,4.3
4765472.0,6.6
224145.0,6.498
0.0,6.4
16458.0,5.261
0.0,7.0
3000000.0,6.589
0.0,4.8
1400000.0,6.5
0.0,6.5
0.0,6.408
0.0,5.9
0.0,7.0
0.0,6.6
50206.0,4.7
0.0,6.9
0.0,8.0
0.0,5.5
7449681.0,6.304
0.0,5.778
0.0,5.0
143658.0,5.938
0.0,5.9
0.0,5.374
0.0,5.903
228892.0,5.7
0.0,7.5
2633527.0,6.0
0.0,7.0
124518.0,7.428
0.0,4.6
18000000.0,7.7
0.0,5.18
0.0,6.2
27391084.0,6.5
62000000.0,7.0
0.0,7.0
0.0,5.9
0.0,7.673
0.0,6.6
0.0,4.6
5012513.0,5.0
0.0,7.0
0.0,7.416
0.0,7.1
0.0,4.875
0.0,6.631
39687.0,5.7
148461.0,6.8
22000000.0,6.8
150000000.0,7.8
0.0,5.6
105097.0,7.4
67132.0,6.5
0.0,5.709
0.0,6.44
5261595.0,6.3
24487.0,4.283
0.0,5.5
0.0,7.1
0.0,5.9
0.0,6.5
0.0,7.1
0.0,5.971
0.0,5.8
0.0,5.9
0.0,6.5
0.0,5.62
0.0,6.8
1520000.0,6.5
0.0,5.3
97798.0,6.6
0.0,6.267
0.0,5.216
534549.0,6.557
0.0,6.2
0.0,4.801
0.0,3.155
0.0,6.428
0.0,3.793
228549747.0,6.921
8000000.0,7.1
0.0,5.708
22159216.0,7.0
84417.0,6.5
0.0,6.6
0.0,7.861
0.0,4.8
0.0,6.3
0.0,5.5
0.0,6.7
830129.0,6.6
14526807.0,6.9
3020664.0,5.4
892000.0,5.5
554953.0,5.4
0.0,4.7
61000000.0,6.6
7704357.0,6.8
52761.0,6.9
0.0,0.0
0.0,7.18
0.0,7.4
0.0,6.261
0.0,5.6
0.0,4.1
5300000.0,7.7
14659448.0,6.414
0.0,5.6
0.0,6.2
0.0,7.0
0.0,5.4
0.0,6.2
0.0,6.31
0.0,7.0
0.0,5.135
0.0,8.48
4505.0,5.7
0.0,5.0
332710.0,7.8
1231606.0,6.0
0.0,6.3
4924990.0,6.2
0.0,6.779
0.0,5.9
0.0,6.2
0.0,6.0
187674.0,6.1
0.0,6.672
0.0,6.9
3685708.0,7.2
0.0,5.2
0.0,6.6
0.0,6.3
0.0,6.177
0.0,6.7
0.0,6.1
0.0,4.5
0.0,5.1
2642899.0,6.7
0.0,7.556
0.0,7.1
0.0,3.5
102986.0,6.3
494506.0,6.5
1145923.0,7.2
0.0,5.2
0.0,3.591
143101.0,5.411
339461.0,5.1
0.0,5.5
0.0,6.729
0.0,7.4
0.0,7.282
2348712.0,5.8
0.0,6.3
0.0,7.054
0.0,6.4
0.0,5.2
0.0,5.5
416792.0,5.751
0.0,6.9
0.0,5.9
0.0,6.2
0.0,7.3
0.0,7.3
0.0,7.4
0.0,5.426
0.0,3.9
106498.0,6.576
30400.0,6.2
0.0,7.2
0.0,5.3
0.0,5.4
0.0,7.9
0.0,5.6
0.0,5.671
0.0,4.0
0.0,7.1
3286448.0,6.367
0.0,7.0
0.0,4.4
0.0,6.9
0.0,7.8
0.0,4.893
0.0,5.4
111107.0,5.3
0.0,4.7
0.0,6.1
0.0,4.901
0.0,5.985
0.0,6.874
0.0,6.2
0.0,5.759
0.0,4.2
0.0,7.906
0.0,6.7
0.0,6.0
0.0,5.7
0.0,5.9
0.0,5.0
0.0,6.8
0.0,5.1
0.0,4.6
0.0,6.119
0.0,5.274
0.0,3.0
0.0,5.0
0.0,6.1
135026.0,6.2
0.0,5.9
0.0,6.0
1113277.0,6.636
0.0,4.8
89487.0,5.9
3820195.0,7.195
0.0,6.1
0.0,3.658
0.0,4.9
0.0,6.9
0.0,6.51
0.0,5.8
0.0,5.0
0.0,5.7
572212.0,5.7
0.0,5.245
0.0,6.6
0.0,6.697
0.0,5.8
658532.0,5.7
0.0,6.1
0.0,7.2
0.0,5.8
0.0,5.426
0.0,6.178
0.0,6.5
0.0,7.6
0.0,7.462
0.0,7.5
0.0,6.1
0.0,4.7
0.0,6.1
0.0,4.7
0.0,4.988
0.0,6.722
0.0,6.8
0.0,7.2
0.0,4.7
0.0,6.757
0.0,6.8
0.0,5.5
0.0,7.4
0.0,6.6
0.0,6.9
0.0,7.3
0.0,4.7
0.0,5.4
0.0,6.3
0.0,4.971
0.0,8.0
0.0,6.0
0.0,3.7
0.0,4.9
0.0,5.6
0.0,7.076
0.0,5.7
0.0,6.4
0.0,5.1
0.0,8.0
0.0,5.69
0.0,9.0
9027600.0,7.016
0.0,4.179
0.0,6.8
0.0,6.7
0.0,6.437
0.0,6.7
123205624.0,6.5
0.0,7.719
0.0,7.7
0.0,7.0
0.0,7.542
25000.0,5.9
0.0,4.6
2334228.0,7.38
0.0,4.8
0.0,6.1
1100000.0,5.971
0.0,5.1
0.0,7.0
44695.0,7.7
0.0,5.8
0.0,6.8
0.0,5.6
497323.0,6.4
680728.0,7.0
0.0,6.8
0.0,5.013
0.0,5.5
24134.0,5.332
0.0,6.163
5249225.0,6.9
0.0,6.2
0.0,5.1
0.0,6.0
0.0,8.0
0.0,6.6
0.0,5.8
0.0,5.3
0.0,5.4
0.0,5.5
0.0,5.8
0.0,6.571
0.0,6.9
0.0,6.9
63802.0,6.1
0.0,7.4
0.0,7.494
0.0,6.9
0.0,5.5
0.0,4.7
0.0,4.942
0.0,6.4
7862364.0,4.9
1366879.0,6.641
0.0,5.8
0.0,5.0
0.0,6.3
0.0,5.4
0.0,8.449
0.0,6.9
0.0,5.9
318155.0,5.8
0.0,5.665
0.0,5.7
0.0,7.0
0.0,5.8
0.0,4.8
0.0,4.3
0.0,6.9
0.0,6.8
968534.0,6.815
4180081.0,6.9
0.0,6.039
0.0,7.4
0.0,6.2
0.0,6.7
0.0,4.6
3765773.0,6.8
0.0,6.2
0.0,6.9
0.0,5.3
0.0,6.1
0.0,6.655
0.0,7.2
0.0,7.3
0.0,6.3
0.0,6.6
0.0,4.7
0.0,7.327
43471.0,7.792
0.0,7.6
0.0,3.7
0.0,6.1
1301696.0,6.792
157768.0,5.2
0.0,7.5
0.0,6.1
0.0,6.5
0.0,4.6
0.0,5.9
0.0,6.261
0.0,5.74
104038.0,5.851
0.0,6.931
42165755.0,7.117
0.0,7.1
0.0,6.422
0.0,5.845
0.0,6.4
0.0,6.0
0.0,6.833
0.0,5.7
0.0,7.214
0.0,7.7
0.0,5.78
81379.0,5.8
0.0,6.6
0.0,4.897
269144.0,6.7
0.0,5.3
0.0,2.8
4668442.0,6.7
0.0,6.9
8540288.0,5.82
0.0,6.991
0.0,7.3
0.0,6.8
0.0,4.5
0.0,6.5
2228115.0,5.3
0.0,6.51
0.0,5.5
0.0,5.863
0.0,7.4
0.0,6.0
0.0,4.992
0.0,5.7
0.0,6.565
21000000.0,7.7
0.0,8.4
25364150.0,5.325
0.0,6.063
0.0,5.9
0.0,4.583
0.0,5.7
0.0,6.6
0.0,6.7
0.0,6.0
0.0,5.2
0.0,7.417
8521017.0,5.558
0.0,6.1
0.0,8.3
173616.0,7.0
5200000.0,6.7
0.0,6.7
16661077.0,6.9
0.0,6.5
0.0,5.7
67000000.0,5.4
0.0,7.7
0.0,7.3
0.0,5.4
0.0,4.9
0.0,7.0
0.0,6.685
0.0,6.1
0.0,0.0
0.0,5.5
0.0,6.4
3853240.0,6.108
0.0,7.002
0.0,7.1
0.0,6.0
0.0,4.4
10846026.0,5.297
0.0,4.6
302459.0,7.3
0.0,5.746
0.0,6.2
0.0,5.5
0.0,6.3
0.0,5.219
1236094.0,5.5
0.0,7.4
0.0,6.652
0.0,5.0
0.0,6.6
0.0,6.0
0.0,4.9
0.0,5.9
0.0,5.6
0.0,5.9
0.0,5.811
0.0,5.476
0.0,5.5
0.0,6.2
0.0,7.1
8000.0,5.7
0.0,7.2
0.0,7.8
0.0,5.78
0.0,5.9
0.0,7.1
0.0,0.0
0.0,4.4
0.0,5.1
63373.0,6.2
0.0,6.4
0.0,8.0
0.0,7.35
2000000.0,7.2
0.0,4.3
0.0,5.7
0.0,5.4
0.0,7.382
0.0,7.789
0.0,5.0
0.0,7.1
0.0,3.7
9127383.0,6.1
47581416.0,7.8
0.0,5.19
92950446.0,7.5
0.0,6.3
0.0,5.048
0.0,6.9
0.0,4.3
0.0,8.478
0.0,5.5
0.0,5.5
0.0,6.2
71085.0,5.3
0.0,5.946
0.0,5.3
0.0,6.2
0.0,5.1
11480000.0,6.9
0.0,4.2
0.0,5.9
0.0,4.881
0.0,5.3
0.0,6.08
0.0,4.1
0.0,5.275
0.0,6.6
0.0,6.5
0.0,5.625
0.0,5.9
0.0,6.0
1249176.0,7.2
0.0,7.0
0.0,6.4
0.0,5.4
0.0,5.9
0.0,7.3
48995.0,7.4
0.0,5.215
0.0,7.6
0.0,6.875
0.0,5.2
0.0,6.0
0.0,7.7
4631.0,6.2
0.0,5.887
0.0,5.3
0.0,5.6
0.0,6.6
0.0,6.232
0.0,5.8
0.0,6.4
0.0,7.9
0.0,5.5
0.0,5.4
0.0,6.4
0.0,4.6
0.0,6.1
0.0,6.8
0.0,3.8
104507.0,5.0
0.0,4.9
0.0,6.5
0.0,5.7
0.0,6.25
0.0,4.9
2634.0,5.3
0.0,6.5
624747.0,7.5
0.0,7.7
0.0,5.1
0.0,7.7
0.0,5.0
0.0,6.2
0.0,5.0
0.0,6.3
0.0,4.6
0.0,7.7
0.0,6.4
411115.0,7.4
0.0,4.6
0.0,6.4
0.0,6.0
0.0,6.6
0.0,4.2
0.0,4.9
0.0,5.0
0.0,6.1
2097768.0,5.5
0.0,5.3
0.0,5.8
0.0,5.6
0.0,6.2
0.0,4.4
0.0,5.4
0.0,7.2
0.0,5.964
423619.0,7.1
0.0,7.1
1155046416.0,7.444
413334.0,7.2
87547518.0,7.751
782837347.0,7.622
1023784195.0,7.7
207945075.0,7.9
358000000.0,8.5
175302354.0,8.195
322811702.0,7.289
874362803.0,6.0
162100000.0,5.994
38600000.0,8.2
447407695.0,7.9
634151679.0,7.112
389681935.0,5.332
69411370.0,7.273
155160045.0,7.1
543934787.0,6.512
203388186.0,7.609
521170825.0,6.9
676343174.0,7.4
125729635.0,6.0
433677183.0,6.38
235957472.0,8.056
47300000.0,7.3
6170043.0,6.808
966550600.0,6.865
809342332.0,7.317
40423945.0,6.978
331957105.0,6.0
0.0,7.1
30819442.0,8.4
1056057273.0,7.493
216972543.0,6.416
347337803.0,6.6
150680864.0,5.7
71261763.0,7.1
229147509.0,5.347
408579038.0,6.1
0.0,5.6
162400000.0,6.46
0.0,3.5
211952420.0,6.4
245623848.0,6.0
195243411.0,6.276
296482446.0,6.8
334897606.0,6.825
81093313.0,5.9
1028600000.0,7.038
0.0,7.0
415484914.0,6.361
343471816.0,6.8
118587880.0,6.4
29300000.0,7.4
65046687.0,7.4
299457024.0,6.559
349779543.0,6.2
0.0,6.3
109906372.0,5.9
0.0,5.6
240800000.0,7.196
749200054.0,5.918
23500000.0,7.67
118102725.0,6.4
179246868.0,6.101
49851770.0,7.4
76249438.0,7.633
690860472.0,7.566
110216998.0,6.991
303144152.0,6.95
205754447.0,6.21
158906350.0,7.0
164989338.0,6.3
79000000.0,7.547
86234523.0,6.923
0.0,6.8
24121245.0,7.13
140705322.0,5.7
0.0,6.3
0.0,3.0
240700000.0,5.4
119100758.0,6.346
0.0,5.6
23123592.0,7.9
73929392.0,6.0
173200000.0,6.4
356743061.0,5.9
0.0,6.7
0.0,6.73
0.0,7.2
0.0,0.0
0.0,5.0
25035950.0,6.8
0.0,7.1
268.0,5.7
121790376.0,6.877
553810228.0,6.556
109573511.0,7.2
149368835.0,6.4
0.0,5.2
0.0,6.0
0.0,6.5
94061311.0,5.746
140312928.0,8.1
0.0,7.2
0.0,5.6
0.0,3.8
0.0,6.5
74000000.0,7.4
0.0,8.6
78053145.0,7.2
94100000.0,5.927
0.0,6.3
16457494.0,6.2
0.0,6.6
124827316.0,6.255
0.0,7.42
143695338.0,6.4
37070177.0,7.2
0.0,6.0
0.0,5.2
0.0,7.0
354835.0,6.43
220021259.0,6.075
88528280.0,7.2
4100000.0,7.056
112343513.0,6.3
200242.0,5.7
0.0,6.1
12600000.0,5.98
119520023.0,6.794
50548152.0,7.055
1133031.0,4.7
81700000.0,6.132
28000000.0,5.95
23900000.0,7.655
0.0,5.6
0.0,6.677
182379278.0,6.7
0.0,6.7
0.0,5.6
23834809.0,7.1
2082980.0,7.2
2238600.0,7.305
93282604.0,6.435
18803648.0,7.2
0.0,7.0
0.0,0.0
0.0,5.7
19727392.0,6.8
37600000.0,7.3
30930984.0,6.028
21164799.0,4.9
1600000.0,6.6
311000000.0,7.9
0.0,5.774
57814445.0,5.8
35749.0,6.8
13624522.0,7.9
46152411.0,7.2
45172994.0,5.219
64400000.0,6.9
0.0,5.1
0.0,1.0
0.0,6.457
3400000.0,6.5
921974.0,7.5
0.0,4.6
32207491.0,7.9
10166820.0,6.1
0.0,7.8
56722693.0,4.9
11472454.0,7.2
3916195.0,7.6
2158568.0,5.882
0.0,5.5
4366460.0,6.8
9700000.0,7.0
58500000.0,5.7
46100000.0,6.179
24804129.0,7.244
52444295.0,7.3
0.0,6.5
0.0,7.4
85241496.0,7.0
52099090.0,6.6
8800000.0,5.8
0.0,6.5
38659039.0,6.111
64493915.0,6.1
108007109.0,5.8
0.0,7.3
0.0,7.8
0.0,6.4
0.0,7.383
11239.0,6.3
875457937.0,6.289
9101546.0,7.4
0.0,7.273
0.0,2.0
66207073.0,7.2
269980.0,6.7
19496308.0,7.901
0.0,6.1
0.0,7.7
84552250.0,7.4
0.0,4.0
0.0,4.4
183936074.0,6.5
0.0,0.0
193677158.0,5.9
17900000.0,7.912
388789.0,5.5
14397593.0,6.3
37357216.0,7.104
0.0,7.4
63647656.0,5.923
6319100.0,7.7
7112282.0,6.2
14708696.0,6.205
6341855.0,5.4
228894.0,6.4
0.0,2.9
4600000.0,7.136
6903033.0,6.2
6272403.0,5.6
369062.0,6.1
0.0,6.9
6170998.0,7.7
37608299.0,5.224
10367161.0,7.2
24487848.0,6.1
27312.0,7.4
0.0,4.4
3800000.0,6.721
9256114.0,5.6
9500000.0,6.619
0.0,4.0
0.0,5.447
0.0,7.4
21600242.0,6.6
0.0,5.7
0.0,6.2
7445186.0,7.592
1656516.0,6.8
0.0,6.4
0.0,4.9
0.0,7.0
0.0,5.7
0.0,6.3
2290649.0,6.8
77100000.0,6.1
30169000.0,7.541
49196532.0,5.9
0.0,5.441
48782670.0,6.0
5000000.0,6.6
15793051.0,7.7
0.0,5.6
30658387.0,5.8
18552314.0,4.1
90632641.0,6.0
23270926.0,6.2
0.0,5.0
23730891.0,7.204
269915.0,4.9
151042.0,5.991
12283800.0,7.5
0.0,5.347
8810591.0,5.8
1447740.0,7.7
102000000.0,6.9
27305571.0,7.0
772319.0,6.275
3900000.0,5.7
2341534.0,6.7
0.0,4.3
53165427.0,7.2
0.0,6.1
5800000.0,6.928
21011110.0,6.675
0.0,5.0
0.0,0.0
0.0,7.5
0.0,5.208
0.0,4.889
183551.0,6.6
0.0,7.5
12448676.0,6.9
0.0,7.828
0.0,7.5
14880939.0,6.6
0.0,6.3
14332467.0,5.549
2152738.0,7.113
0.0,7.0
0.0,5.5
22700000.0,6.249
1641235.0,6.7
187145.0,5.1
0.0,9.0
0.0,8.148
0.0,8.3
0.0,6.1
8996802.0,6.7
0.0,7.6
4190750.0,6.2
3400278.0,6.4
77451.0,4.5
21216.0,4.6
25975621.0,7.1
0.0,7.3
43300000.0,5.6
7994527.0,6.9
0.0,5.7
0.0,5.7
3775000.0,6.594
114500000.0,5.7
6817535.0,5.5
0.0,7.2
2225698.0,6.2
0.0,8.0
0.0,7.2
0.0,5.8
0.0,7.5
321930.0,3.6
0.0,7.3
47748.0,6.6
56191.0,5.2
0.0,0.0
3546960.0,8.1
0.0,6.0
78600000.0,5.8
0.0,5.162
0.0,6.5
0.0,6.8
0.0,8.667
20609977.0,6.07
55030051.0,6.3
1715728.0,6.171
53647.0,6.1
29200000.0,5.7
0.0,5.6
6174491.0,6.8
0.0,5.3
31383050.0,7.2
5664764.0,7.3
808237.0,6.7
29161298.0,4.9
0.0,6.8
0.0,6.9
0.0,6.5
0.0,5.5
0.0,6.0
0.0,3.5
0.0,5.7
21401949.0,6.1
9231823.0,7.2
7268779.0,6.0
0.0,6.3
0.0,6.7
184404.0,5.1
0.0,6.3
2049761.0,5.6
0.0,4.515
30169.0,6.1
5873256.0,7.8
0.0,5.577
3376375.0,7.0
34694.0,6.468
1616004.0,5.8
40075446.0,5.8
0.0,6.579
0.0,7.0
0.0,5.835
0.0,6.3
3295624.0,6.5
22003.0,5.8
0.0,5.5
0.0,4.5
3400000.0,5.697
10900000.0,4.8
0.0,6.304
0.0,6.2
1598584.0,6.733
0.0,6.8
48902953.0,6.667
18200000.0,6.8
1305195.0,5.9
29900000.0,6.1
5245263.0,6.6
17377000.0,6.4
551760.0,5.6
24100000.0,5.4
9995.0,5.8
0.0,4.941
517197.0,5.8
9169507.0,5.8
0.0,5.5
0.0,6.701
0.0,5.3
22468044.0,6.983
0.0,5.7
0.0,7.8
0.0,4.6
2000000.0,6.6
0.0,4.781
0.0,5.5
74827344.0,5.8
0.0,5.2
909000.0,6.2
0.0,5.7
0.0,6.7
9074836.0,6.24
15861566.0,6.5
17062499.0,4.6
0.0,6.446
6500000.0,6.4
0.0,5.1
13960394.0,6.456
0.0,5.4
0.0,7.0
0.0,5.614
0.0,6.481
0.0,6.7
0.0,4.7
0.0,5.1
0.0,5.665
615816.0,6.041
21256.0,6.0
18215.0,7.5
0.0,6.4
13082071.0,5.3
1813729.0,6.574
1605463.0,5.6
0.0,5.507
0.0,4.6
2093725.0,7.1
0.0,5.9
0.0,6.009
6101904.0,6.3
0.0,5.6
0.0,6.4
240000.0,5.8
0.0,6.085
17000172.0,7.322
13203541.0,5.8
42580920.0,5.9
43763247.0,6.5
0.0,7.293
920719.0,5.6
11378898.0,7.531
14900000.0,7.2
0.0,4.3
0.0,6.0
1100000.0,6.0
262921.0,5.837
2000000.0,6.8
103197501.0,6.264
0.0,6.8
226286.0,7.4
0.0,7.2
2387127.0,6.462
9953934.0,6.9
37915971.0,5.3
302109.0,6.465
0.0,7.7
6953604.0,7.248
102205175.0,6.0
313465.0,6.9
0.0,6.825
55000.0,6.1
0.0,4.6
0.0,6.974
0.0,8.0
1271880.0,5.8
680351.0,6.379
23316139.0,6.9
0.0,4.5
10975390.0,5.6
23600000.0,6.5
109649.0,7.3
0.0,7.041
33125.0,6.691
9930095.0,6.0
10232.0,5.3
1750000.0,6.8
0.0,5.758
0.0,7.2
0.0,4.9
0.0,5.0
0.0,5.188
0.0,5.8
127345.0,7.2
0.0,5.5
0.0,7.7
0.0,7.5
0.0,5.667
0.0,5.8
0.0,6.5
13819139.0,6.7
0.0,6.7
90573.0,6.2
0.0,5.3
0.0,5.492
0.0,7.8
48000000.0,6.301
0.0,6.5
0.0,7.2
0.0,6.1
0.0,5.164
0.0,7.4
8750678.0,6.3
48539.0,6.2
0.0,5.6
0.0,6.4
0.0,5.9
567064.0,5.1
0.0,7.6
2021735.0,6.534
0.0,7.1
0.0,6.0
28000000.0,6.3
0.0,6.3
0.0,6.7
0.0,5.8
58400000.0,6.8
3814868.0,5.5
0.0,4.944
0.0,5.7
272132.0,7.213
0.0,9.0
0.0,6.5
5100000.0,7.2
81757.0,5.9
0.0,6.0
0.0,6.4
0.0,7.9
0.0,3.6
0.0,6.1
4611.0,6.5
0.0,2.7
0.0,5.8
0.0,5.2
0.0,5.1
0.0,6.1
0.0,6.958
0.0,6.0
0.0,6.2
39695124.0,6.8
0.0,6.634
0.0,5.0
0.0,6.8
939101.0,6.3
0.0,6.6
0.0,7.519
0.0,4.5
0.0,6.3
0.0,6.6
0.0,4.9
0.0,7.436
0.0,7.1
1864266.0,6.067
1215691.0,6.0
0.0,8.5
2186.0,7.0
0.0,3.3
3460466.0,6.4
0.0,7.0
0.0,4.0
0.0,6.6
0.0,6.3
0.0,6.464
0.0,7.1
5681622.0,6.5
0.0,4.0
0.0,7.2
0.0,5.9
0.0,6.44
4218.0,4.9
0.0,3.7
0.0,6.0
994901.0,6.4
26000000.0,6.714
0.0,4.8
0.0,5.0
0.0,6.358
0.0,6.6
0.0,4.7
1180360.0,7.078
0.0,7.4
0.0,5.9
0.0,6.5
0.0,6.0
0.0,7.5
0.0,5.8
1063893.0,7.1
7478354.0,7.361
0.0,5.779
0.0,6.5
0.0,7.0
0.0,7.3
0.0,6.5
9100000.0,6.9
0.0,6.8
0.0,6.2
599913.0,7.4
0.0,7.2
0.0,7.9
0.0,6.5
0.0,7.1
1600000.0,6.8
0.0,7.296
0.0,5.4
0.0,7.0
53780.0,6.0
5851195.0,6.33
0.0,4.3
0.0,6.043
0.0,5.1
0.0,6.3
850419.0,5.442
0.0,6.4
0.0,5.3
0.0,7.3
0.0,5.812
23020.0,5.4
0.0,6.4
0.0,6.5
0.0,6.0
1646788.0,6.3
0.0,7.7
2015002.0,6.8
4417667.0,6.4
0.0,5.3
173000000.0,6.982
0.0,5.0
0.0,5.2
0.0,6.3
0.0,5.223
4267218.0,6.0
0.0,5.5
0.0,6.6
0.0,7.2
0.0,7.0
0.0,6.0
0.0,6.7
9188.0,5.6
0.0,5.6
0.0,5.6
0.0,6.6
0.0,6.224
0.0,6.0
361878.0,7.164
0.0,4.9
0.0,6.8
2412312.0,7.5
0.0,6.0
0.0,7.216
0.0,6.1
0.0,3.333
0.0,5.5
0.0,6.5
0.0,5.4
0.0,6.3
0.0,5.6
0.0,6.9
0.0,3.8
0.0,7.6
0.0,4.1
0.0,6.4
0.0,5.7
0.0,7.2
0.0,7.4
33962.0,7.095
0.0,6.5
21626.0,7.025
0.0,7.2
0.0,5.0
15364.0,5.35
0.0,6.0
0.0,5.4
0.0,6.945
0.0,6.1
0.0,6.3
0.0,5.1
0.0,7.5
0.0,5.4
0.0,5.5
0.0,6.3
0.0,6.1
0.0,6.0
0.0,6.0
0.0,6.6
2359147.0,5.713
0.0,4.8
0.0,4.0
0.0,3.7
0.0,6.2
9097072.0,4.7
0.0,7.0
0.0,4.4
0.0,2.6
0.0,5.8
0.0,6.843
0.0,5.3
0.0,6.3
0.0,6.748
0.0,6.352
0.0,5.7
0.0,6.7
0.0,5.7
0.0,7.1
0.0,7.2
0.0,2.4
0.0,5.515
0.0,6.5
0.0,7.0
0.0,4.9
0.0,6.622
0.0,7.1
0.0,4.209
0.0,4.335
0.0,5.9
0.0,5.9
0.0,7.1
39969537.0,6.5
0.0,7.2
17618280.0,7.3
0.0,5.2
0.0,6.1
0.0,6.1
0.0,6.2
1016985.0,6.3
0.0,7.2
0.0,6.8
0.0,6.731
0.0,5.8
0.0,6.9
0.0,4.2
0.0,5.856
20672.0,5.372
0.0,7.0
349183.0,4.3
0.0,7.3
0.0,5.4
0.0,7.0
1000000.0,5.872
0.0,5.8
0.0,5.6
923000.0,7.158
0.0,3.5
0.0,8.044
0.0,7.8
0.0,7.4
17355.0,6.5
213982.0,5.9
0.0,5.6
0.0,5.0
0.0,5.8
0.0,6.223
0.0,5.8
0.0,6.1
0.0,5.8
0.0,5.9
0.0,4.5
0.0,5.011
0.0,7.2
0.0,5.678
0.0,5.1
6625303.0,6.467
0.0,6.8
0.0,8.0
0.0,5.0
261895.0,5.258
0.0,5.3
4026795.0,4.4
0.0,5.92
0.0,6.0
0.0,7.1
2225770.0,6.5
0.0,5.1
0.0,7.2
0.0,5.987
1476624.0,7.0
0.0,6.0
1013926.0,7.0
0.0,5.8
0.0,5.1
88658655.0,6.456
3924527.0,6.354
0.0,6.7
0.0,5.0
0.0,5.4
2295553.0,7.198
0.0,6.8
0.0,7.4
0.0,5.3
0.0,5.3
0.0,4.9
0.0,6.1
282382.0,6.5
0.0,7.2
0.0,5.8
0.0,6.4
0.0,4.3
0.0,4.3
0.0,4.0
0.0,5.863
0.0,5.4
0.0,5.1
0.0,6.7
0.0,4.88
0.0,4.688
0.0,6.2
0.0,6.0
469311.0,5.637
0.0,6.583
0.0,5.4
2571219.0,7.0
1859604.0,5.972
0.0,7.3
0.0,5.7
0.0,6.7
0.0,7.0
0.0,7.33
0.0,8.4
0.0,6.555
101987.0,7.616
0.0,7.0
0.0,4.6
0.0,3.5
4971428.0,5.9
0.0,4.864
0.0,5.2
0.0,5.6
0.0,3.9
0.0,7.0
0.0,7.4
0.0,7.0
0.0,7.146
0.0,5.1
0.0,6.1
1903083.0,6.0
0.0,6.108
0.0,5.9
8382.0,6.4
0.0,6.298
0.0,6.0
21000000.0,7.3
16500000.0,7.5
0.0,6.4
0.0,5.8
0.0,5.8
0.0,6.616
32000000.0,7.1
0.0,6.9
0.0,4.4
0.0,5.5
0.0,4.8
0.0,5.9
0.0,6.7
0.0,6.579
0.0,6.8
24000000.0,7.0
0.0,5.7
0.0,5.989
1236731.0,5.1
0.0,2.0
0.0,5.1
0.0,5.651
0.0,6.2
0.0,5.3
0.0,5.878
0.0,5.2
0.0,5.3
0.0,5.2
0.0,6.1
0.0,6.8
0.0,8.4
0.0,6.0
0.0,6.3
0.0,5.3
0.0,5.0
1018486.0,6.6
0.0,5.928
0.0,5.2
0.0,5.678
0.0,5.1
0.0,4.3
9722918.0,6.7
0.0,7.9
1492523.0,6.9
0.0,4.9
0.0,5.3
0.0,6.9
0.0,5.9
0.0,8.2
0.0,5.7
0.0,5.0
0.0,6.2
32163.0,5.8
0.0,5.996
0.0,7.2
0.0,6.7
0.0,4.959
0.0,6.1
0.0,6.4
0.0,7.877
0.0,5.1
0.0,7.5
0.0,8.7
0.0,6.0
16000000.0,6.2
0.0,5.8
0.0,7.7
0.0,5.8
0.0,6.6
0.0,4.074
0.0,5.4
0.0,5.5
0.0,5.8
93000.0,6.339
0.0,6.2
0.0,6.2
0.0,7.268
0.0,7.254
26309214.0,6.7
593966.0,7.0
0.0,7.0
1350426.0,6.9
0.0,5.507
0.0,6.316
0.0,5.4
4029886.0,6.5
0.0,7.1
4817642.0,6.9
0.0,6.0
0.0,5.601
0.0,5.9
0.0,5.8
0.0,5.9
0.0,5.6
0.0,6.5
0.0,5.372
0.0,5.3
0.0,5.455
4201176.0,7.3
0.0,6.2
0.0,7.6
0.0,7.045
0.0,6.649
0.0,5.4
0.0,4.5
285930.0,7.5
0.0,6.1
0.0,5.1
0.0,6.3
0.0,5.083
0.0,6.5
0.0,5.4
0.0,6.3
0.0,6.936
0.0,5.29
0.0,6.5
0.0,5.8
91151.0,6.1
0.0,6.597
0.0,6.8
0.0,7.847
0.0,6.2
0.0,6.5
0.0,4.3
0.0,5.2
0.0,7.9
12304617.0,5.0
0.0,4.6
0.0,6.2
0.0,6.3
0.0,5.1
0.0,6.3
0.0,5.4
0.0,6.7
0.0,6.2
0.0,7.6
0.0,6.7
0.0,5.615
0.0,4.69
0.0,6.5
0.0,5.6
0.0,6.7
0.0,6.0
0.0,7.5
0.0,6.3
0.0,5.362
74000000.0,6.0
0.0,5.5
807816196.0,8.2
259239658.0,7.573
0.0,5.4
240891763.0,6.2
33673.0,6.8
1332698830.0,6.783
1266115964.0,7.0
661326987.0,6.076
880166924.0,7.3
795922298.0,6.652
383925276.0,6.8
855301806.0,7.6
863756051.0,7.6
306592201.0,6.593
278454358.0,7.3
113231078.0,5.76
1236000000.0,6.9
171539887.0,7.332
0.0,8.5
381545846.0,6.5
703000000.0,7.24
605425157.0,6.0
43143046.0,8.121
255407969.0,7.6
177900000.0,6.1
226945087.0,7.448
619021436.0,7.8
96942115.0,7.488
283692036.0,7.5
0.0,6.3
459066134.0,7.9
0.0,5.2
823970682.0,7.2
995339117.0,6.821
27975429.0,7.2
527000000.0,7.45
346118277.0,6.135
566652812.0,6.543
490719763.0,7.2
0.0,5.2
0.0,4.8
84618541.0,6.706
125983972.0,8.075
225973340.0,6.627
409231607.0,5.513
30000000.0,8.1
352800000.0,6.7
176586701.0,6.9
1034800131.0,6.5
410902662.0,6.962
169801921.0,6.087
145374099.0,6.969
0.0,5.9
0.0,7.0
315025930.0,8.1
195300000.0,7.244
311950384.0,7.2
221600160.0,6.1
1786396.0,6.3
52946454.0,7.7
148700000.0,6.549
100541806.0,6.4
0.0,6.8
40300000.0,8.0
295038508.0,7.2
125427681.0,6.2
205000000.0,7.634
67200000.0,6.4
12294931.0,7.267
79000000.0,7.258
1906640.0,6.626
4017852.0,4.895
26620002.0,6.3
100014025.0,6.4
0.0,6.2
216909830.0,5.4
2332018.0,5.819
0.0,7.3
44998252.0,7.434
25754775.0,7.4
150847207.0,7.351
0.0,6.3
142300000.0,6.3
180613180.0,6.3
0.0,6.8
0.0,7.1
0.0,6.1
0.0,6.2
4522950.0,6.8
56385.0,6.41
0.0,4.8
197183546.0,6.3
104223315.0,6.2
11303040.0,7.423
10700000.0,7.022
123081555.0,6.494
162729321.0,8.068
83080890.0,5.0
44516999.0,7.0
0.0,6.4
10060903.0,7.341
133511855.0,6.882
9968972.0,7.9
0.0,9.5
4500000.0,6.376
30718107.0,6.213
0.0,7.4
61621140.0,7.2
976967.0,7.6
0.0,6.5
0.0,6.2
8574339.0,6.402
0.0,5.5
0.0,6.3
840809.0,5.7
0.0,5.3
0.0,5.8
55003890.0,5.4
62832209.0,6.7
37552144.0,7.1
0.0,5.756
0.0,5.6
0.0,6.976
47756590.0,7.3
0.0,6.899
0.0,5.572
0.0,4.257
179769467.0,7.0
9400000.0,6.549
36976336.0,6.9
8737458.0,6.9
59284015.0,7.1
185400345.0,6.5
34156960.0,6.7
125479266.0,6.7
0.0,5.4
53900000.0,7.5
45056771.0,5.7
0.0,5.8
0.0,6.0
19280931.0,5.854
4412639.0,6.553
1647675.0,5.829
130560428.0,6.3
61294644.0,7.2
1929659.0,7.106
0.0,6.3
280700000.0,7.4
15316635.0,6.6
639812.0,7.2
26800152.0,6.1
0.0,6.4
0.0,5.9
0.0,6.2
48453605.0,6.727
0.0,6.075
103818506.0,7.6
65100000.0,5.971
1476843.0,5.6
0.0,7.5
0.0,7.1
26251899.0,6.9
40120144.0,5.3
19454845.0,6.7
0.0,6.7
8481997.0,5.3
12751667.0,5.9
140376621.0,6.8
1600000.0,7.173
0.0,4.5
0.0,6.3
62198461.0,5.8
41681746.0,6.9
3283369.0,7.2
0.0,6.2
14300000.0,5.7
27869129.0,5.9
956425.0,6.3
0.0,5.9
2732673.0,6.9
248805149.0,5.776
0.0,5.6
42170089.0,7.1
24600000.0,7.003
21107423.0,8.0
29322339.0,7.733
14097.0,6.5
4372130.0,6.2
0.0,6.6
0.0,6.3
43203413.0,5.2
0.0,7.7
34598750.0,5.723
0.0,3.7
15216719.0,7.3
14793385.0,7.1
0.0,5.2
56303596.0,7.3
6356284.0,7.8
320705.0,5.9
40651864.0,5.5
0.0,6.4
0.0,6.8
17422935.0,7.5
0.0,5.9
0.0,4.0
0.0,4.2
0.0,7.9
0.0,6.6
0.0,3.6
0.0,4.8
17366.0,6.4
5026154.0,7.44
61153455.0,6.5
0.0,7.1
26617621.0,6.6
2602149.0,5.6
7299662.0,7.047
44922302.0,6.7
0.0,7.1
3891.0,6.26
0.0,4.7
0.0,5.4
8261488.0,7.7
81927980.0,8.1
0.0,6.6
4526.0,5.5
0.0,7.4
9765483.0,5.0
0.0,7.217
0.0,6.0
32540674.0,5.9
0.0,6.159
12638526.0,6.8
0.0,7.78
30060061.0,6.9
870322670.0,6.5
45158254.0,5.655
27590180.0,7.629
9204549.0,6.5
26700000.0,5.2
42350000.0,7.892
13406883.0,7.3
2559939.0,7.8
0.0,6.2
56996304.0,6.473
0.0,5.4
0.0,6.4
916727.0,5.0
0.0,5.7
9567121.0,7.1
0.0,7.4
0.0,6.5
1420035.0,6.6
0.0,6.034
10657499.0,6.1
0.0,4.829
0.0,4.375
0.0,5.76
0.0,7.3
1783421.0,6.6
3719383.0,6.3
0.0,6.9
1870824.0,4.5
60800000.0,5.3
42187665.0,7.995
46372519.0,6.5
16373843.0,7.0
0.0,5.477
0.0,4.7
855888.0,5.2
7125027.0,5.7
0.0,9.0
254212245.0,5.9
8100000.0,6.8
0.0,6.7
3300000.0,6.4
312381.0,7.841
3888635.0,6.6
3029287.0,6.3
0.0,6.0
5800000.0,5.9
18200000.0,6.8
500000.0,6.3
25601244.0,5.8
0.0,3.6
9995692.0,6.5
10898998.0,7.8
0.0,7.1
150532.0,6.703
0.0,7.4
0.0,5.938
9200168.0,5.7
39091.0,6.1
0.0,5.5
64236772.0,6.033
3945729.0,6.0
0.0,5.4
26152835.0,7.3
0.0,6.361
5000000.0,6.822
0.0,7.038
6423605.0,6.9
0.0,6.5
0.0,6.0
16657800.0,6.9
0.0,5.393
176288.0,6.7
0.0,5.4
82264.0,6.6
0.0,5.9
527965936.0,6.446
41087017.0,6.1
0.0,5.4
0.0,6.0
0.0,6.6
0.0,6.7
0.0,7.5
27020284.0,6.1
13025860.0,6.3
0.0,6.8
17535962.0,6.3
0.0,3.8
5379371.0,7.1
0.0,5.5
817874.0,8.1
0.0,6.3
17800000.0,5.891
0.0,5.8
944370.0,6.6
0.0,4.2
12522.0,6.1
0.0,5.167
0.0,7.2
22088533.0,7.1
1015744.0,7.1
0.0,4.7
46183383.0,7.1
0.0,7.2
11247280.0,6.1
0.0,6.7
1500000.0,6.8
56100000.0,6.84
182710.0,5.5
63147576.0,6.5
0.0,5.3
0.0,7.3
0.0,10.0
0.0,5.6
55668.0,5.0
29230695.0,5.9
6554322.0,5.7
0.0,5.7
1637776.0,5.5
0.0,6.8
0.0,6.5
0.0,6.0
2049844.0,6.379
2600000.0,6.375
0.0,6.4
24416.0,5.5
0.0,6.5
0.0,5.636
486623.0,6.1
1361611.0,6.5
0.0,4.299
0.0,6.1
10972300.0,6.0
180851.0,5.3
29820616.0,7.109
708973.0,6.9
0.0,7.396
0.0,6.696
0.0,6.5
0.0,5.7
1880736.0,7.026
0.0,7.1
2400000.0,6.234
315132.0,6.3
0.0,6.3
19980.0,5.842
0.0,5.0
0.0,10.0
87465.0,5.0
33109.0,6.5
0.0,7.9
4248574.0,6.1
0.0,7.383
1319566.0,4.6
2587072.0,7.3
0.0,7.36
104503.0,5.791
1947099.0,6.0
0.0,5.323
0.0,6.0
0.0,5.7
0.0,7.2
0.0,7.0
23400000.0,7.275
48333932.0,5.7
8484418.0,7.0
3878208.0,7.475
0.0,6.3
0.0,4.3
197616.0,4.8
2077113.0,6.8
0.0,6.2
152761.0,7.3
323776.0,5.5
3662671.0,6.3
0.0,7.7
0.0,6.7
0.0,6.3
8061843.0,5.9
0.0,7.0
0.0,5.6
13285512.0,6.216
0.0,5.424
15100000.0,7.8
0.0,6.1
0.0,6.8
0.0,5.932
0.0,6.7
0.0,6.7
0.0,6.3
0.0,5.683
19030780.0,7.7
0.0,5.961
1710528.0,5.5
0.0,5.934
216556.0,6.0
511132.0,7.6
0.0,6.6
0.0,5.6
47455832.0,6.819
0.0,5.6
6069605.0,4.9
0.0,6.0
0.0,7.5
0.0,5.6
0.0,6.9
0.0,7.6
87530000.0,6.1
5398976.0,6.6
0.0,6.2
0.0,6.4
0.0,6.7
0.0,7.4
349886.0,7.1
3179847.0,6.4
0.0,6.3
0.0,5.601
0.0,7.2
0.0,7.3
1200387.0,6.713
0.0,6.3
311470.0,6.9
0.0,6.1
0.0,0.0
0.0,8.1
13767037.0,7.1
0.0,6.2
9868942.0,7.0
10800715.0,6.05
12055868.0,6.488
0.0,6.2
0.0,0.0
0.0,7.8
0.0,6.8
65400000.0,6.9
0.0,6.0
0.0,5.6
0.0,6.6
10456.0,5.8
0.0,6.291
0.0,6.9
0.0,5.0
0.0,6.5
0.0,7.4
23800000.0,7.0
49380115.0,8.101
1108983.0,7.7
0.0,4.9
0.0,6.2
28645448.0,6.737
52390000.0,7.3
0.0,6.7
0.0,5.8
0.0,5.2
9242157.0,7.279
0.0,6.7
0.0,5.2
0.0,6.5
17544173.0,4.8
0.0,7.7
0.0,6.385
0.0,5.6
0.0,7.3
10968212.0,7.0
37766.0,5.0
1891907.0,5.53
0.0,5.3
798214.0,6.2
0.0,7.0
0.0,6.425
2963886.0,6.8
0.0,5.6
24931915.0,6.4
0.0,6.451
4997844.0,6.9
10051659.0,7.2
0.0,6.109
0.0,4.5
0.0,6.2
0.0,4.7
0.0,5.5
646946.0,5.2
0.0,4.5
0.0,6.4
0.0,6.8
2500000.0,4.5
0.0,7.027
0.0,5.0
0.0,7.3
32783733.0,7.1
0.0,7.47
580346.0,6.4
0.0,6.2
0.0,6.8
0.0,5.7
0.0,4.8
0.0,5.9
0.0,5.3
4596705.0,7.5
34200000.0,5.6
5042014.0,5.9
0.0,6.7
453511.0,6.5
0.0,6.2
0.0,7.231
0.0,6.767
863413.0,4.6
12400000.0,6.3
0.0,6.2
0.0,7.0
0.0,5.6
0.0,5.8
0.0,5.8
0.0,6.0
7197082.0,6.2
0.0,5.7
0.0,5.408
0.0,7.3
0.0,5.4
5728.0,4.9
200229.0,5.1
0.0,4.6
0.0,6.72
955925.0,7.3
237708.0,7.22
0.0,5.6
0.0,1.0
0.0,6.7
0.0,5.9
0.0,8.0
0.0,5.0
9494535.0,6.8
0.0,6.276
81089.0,6.6
0.0,7.1
0.0,6.5
0.0,8.1
0.0,7.629
0.0,5.1
0.0,5.1
0.0,5.4
0.0,4.2
29370592.0,6.473
0.0,5.9
0.0,5.9
8500000.0,7.812
0.0,7.0
0.0,5.7
0.0,5.3
0.0,5.258
15366466.0,6.4
7632420.0,7.707
0.0,6.5
7856.0,6.2
0.0,7.5
0.0,6.693
0.0,4.7
0.0,4.2
413844.0,6.1
0.0,6.285
1657449.0,6.9
0.0,6.2
1118410.0,7.0
14400000.0,5.954
73121.0,6.1
0.0,6.972
28952258.0,4.514
382119.0,7.4
0.0,6.3
0.0,6.2
1356159.0,6.809
52036.0,5.1
7.0,5.8
0.0,5.3
7123919.0,7.727
0.0,5.9
0.0,7.2
6335171.0,6.0
0.0,7.0
0.0,6.6
0.0,6.1
1792414.0,6.7
0.0,5.395
0.0,6.4
0.0,6.2
0.0,6.8
0.0,4.7
0.0,6.7
5500000.0,4.9
502518.0,6.3
0.0,7.8
22253.0,6.3
0.0,6.2
0.0,5.8
0.0,7.439
0.0,5.0
7240000.0,5.6
0.0,6.7
1440000.0,6.1
0.0,5.7
0.0,7.216
0.0,5.426
0.0,5.7
3300000.0,6.3
0.0,7.3
0.0,6.9
0.0,6.4
0.0,4.8
0.0,7.0
0.0,7.1
0.0,5.5
0.0,7.0
0.0,5.621
0.0,4.8
0.0,7.3
0.0,6.5
0.0,6.815
19532.0,5.528
0.0,6.3
3603484.0,6.7
532669.0,7.1
0.0,6.6
653951.0,6.0
0.0,7.6
338778.0,7.046
0.0,5.7
0.0,7.3
397783.0,6.0
0.0,4.9
1723379.0,7.5
0.0,7.571
0.0,3.0
15550000.0,7.5
0.0,7.059
0.0,4.701
0.0,5.9
0.0,6.4
1725841.0,6.052
0.0,7.059
1788.0,6.3
0.0,6.3
0.0,6.834
0.0,6.4
0.0,5.4
0.0,0.0
34500000.0,5.4
0.0,6.3
28245.0,5.1
0.0,7.0
0.0,6.379
960212.0,7.4
0.0,6.8
0.0,6.3
3075562.0,5.6
0.0,7.3
0.0,5.8
0.0,7.2
0.0,6.5
0.0,6.2
3.0,6.685
0.0,7.3
0.0,5.5
0.0,6.1
0.0,4.4
0.0,5.679
0.0,5.1
0.0,6.8
0.0,7.0
2839240.0,6.6
0.0,6.1
0.0,6.86
5081495.0,6.4
0.0,3.558
0.0,6.157
0.0,4.0
3389322.0,5.7
0.0,6.1
0.0,6.803
0.0,7.159
0.0,5.4
0.0,6.5
0.0,6.7
15360368.0,6.5
7939761.0,6.3
0.0,5.7
0.0,7.522
0.0,6.227
59114.0,6.9
0.0,5.9
0.0,7.2
0.0,6.7
0.0,6.2
0.0,7.5
0.0,5.3
0.0,5.0
327231.0,6.4
0.0,4.6
0.0,7.6
0.0,7.0
0.0,7.316
224160000.0,7.3
0.0,5.9
137416709.0,7.3
0.0,7.7
0.0,7.67
3925992.0,7.332
0.0,8.7
0.0,5.7
0.0,7.1
0.0,5.4
0.0,5.6
0.0,6.5
52966.0,5.3
3503943.0,5.2
0.0,5.9
0.0,6.8
199509.0,4.2
0.0,7.468
0.0,6.5
1500000.0,8.7
3600000.0,6.0
0.0,6.6
0.0,4.185
0.0,5.5
0.0,6.5
0.0,6.6
0.0,5.5
1162912.0,5.3
0.0,6.1
0.0,6.182
0.0,6.6
0.0,3.813
0.0,5.9
0.0,8.1
0.0,5.4
0.0,7.1
0.0,5.9
0.0,6.6
0.0,5.0
0.0,7.0
0.0,6.7
0.0,6.9
0.0,6.1
0.0,4.8
0.0,5.9
3465.0,6.7
0.0,6.6
0.0,6.702
990000.0,7.8
0.0,6.6
0.0,7.4
0.0,6.911
0.0,6.2
0.0,6.448
4192590.0,5.2
0.0,5.7
0.0,4.9
0.0,6.4
0.0,5.994
0.0,6.6
0.0,6.446
0.0,5.449
0.0,6.2
6179955.0,6.7
0.0,5.6
0.0,5.3
0.0,8.0
0.0,4.9
0.0,6.0
15500000.0,7.1
0.0,7.0
0.0,8.0
0.0,7.45
248370.0,6.4
0.0,5.5
0.0,5.486
0.0,5.6
0.0,5.645
0.0,6.5
0.0,6.589
0.0,7.4
0.0,9.5
5037923.0,7.6
0.0,4.4
0.0,6.125
11868221.0,6.7
557241.0,6.0
0.0,5.5
0.0,6.638
8220990.0,6.9
1528185.0,5.6
4077333.0,6.1
51169464.0,7.1
0.0,5.5
0.0,6.4
0.0,0.0
3600000.0,7.0
0.0,6.756
0.0,6.1
0.0,4.7
0.0,6.6
0.0,5.8
0.0,4.167
0.0,6.4
2745966.0,7.2
0.0,6.352
0.0,5.629
0.0,7.3
0.0,5.4
106212.0,7.0
0.0,7.4
0.0,7.2
0.0,6.4
0.0,5.678
0.0,5.294
0.0,5.248
0.0,7.2
0.0,5.0
151493.0,3.7
0.0,5.8
0.0,7.1
0.0,6.0
0.0,5.8
0.0,5.8
0.0,5.8
0.0,8.5
0.0,5.1
0.0,7.1
0.0,6.6
59000.0,7.115
0.0,6.1
19084.0,7.1
0.0,6.7
30071.0,7.3
0.0,4.9
0.0,6.1
0.0,6.6
0.0,6.5
992181.0,5.281
8000000.0,7.2
0.0,5.2
0.0,6.1
87965942.0,6.9
0.0,5.4
0.0,5.4
0.0,7.0
0.0,7.8
0.0,5.0
0.0,4.2
0.0,5.428
0.0,6.5
0.0,7.4
0.0,5.6
0.0,7.9
0.0,5.248
0.0,5.65
0.0,4.8
0.0,6.0
0.0,5.4
0.0,4.5
0.0,4.911
0.0,5.3
13610252.0,7.2
0.0,5.2
0.0,7.0
244806.0,6.4
0.0,5.1
2827489.0,8.047
0.0,5.4
0.0,7.5
0.0,7.1
0.0,4.1
0.0,6.238
0.0,6.8
0.0,7.396
0.0,6.6
0.0,7.3
0.0,6.5
0.0,6.9
8050806.0,6.8
0.0,7.1
0.0,7.3
6700.0,5.7
0.0,7.0
0.0,6.7
11722.0,6.3
0.0,5.8
0.0,5.23
0.0,6.9
0.0,5.849
2583.0,5.8
7017501.0,7.2
185469.0,6.1
0.0,3.868
0.0,6.15
0.0,6.5
28430.0,6.876
0.0,6.4
0.0,5.9
0.0,6.427
0.0,5.043
0.0,5.0
1001305.0,7.5
0.0,7.072
0.0,5.636
0.0,7.0
0.0,5.602
0.0,6.5
0.0,6.0
0.0,7.5
0.0,5.287
0.0,3.774
0.0,6.1
0.0,4.4
39670.0,7.1
0.0,5.1
0.0,5.6
0.0,7.361
4903790.0,6.8
0.0,6.0
0.0,6.3
0.0,7.5
4300000.0,7.0
0.0,6.4
5970922.0,6.8
0.0,6.6
0.0,8.1
0.0,4.6
0.0,6.1
0.0,6.7
0.0,6.356
0.0,6.1
0.0,5.9
0.0,6.1
7900000.0,6.9
0.0,6.7
0.0,5.6
0.0,5.9
0.0,5.813
0.0,0.0
0.0,6.1
7286136.0,6.1
27053505.0,5.4
0.0,6.2
0.0,7.1
0.0,5.9
0.0,7.4
0.0,6.1
1913973.0,5.3
0.0,6.8
0.0,4.4
0.0,6.5
0.0,6.0
0.0,5.696
0.0,5.594
0.0,5.6
0.0,6.625
0.0,5.763
13800000.0,6.8
0.0,6.4
0.0,6.7
0.0,7.209
0.0,7.7
2052415039.0,8.2
0.0,6.6
856085151.0,6.829
384298736.0,8.397
371985018.0,6.7
1310466296.0,6.54
607274134.0,7.591
1349926083.0,7.375
80509622.0,6.833
0.0,8.2
87825916.0,7.292
340955294.0,7.399
791658205.0,7.429
530517320.0,6.251
75836683.0,6.9
508600000.0,6.9
321752656.0,8.236
366082797.0,5.892
785896632.0,7.489
214200000.0,7.0
1242805359.0,7.5
421798.0,6.354
288175335.0,7.094
190400157.0,6.768
0.0,7.6
0.0,7.8
16706680.0,7.5
1451864.0,6.0
0.0,5.3
529323962.0,7.171
43070915.0,6.4
428028233.0,6.5
528600000.0,6.9
290061297.0,6.1
112790210.0,8.078
392952373.0,6.6
918355943.0,7.979
274650803.0,6.4
0.0,6.262
160542134.0,5.6
1152028393.0,6.878
24340302.0,7.859
27507549.0,7.9
21041950.0,7.3
137056262.0,6.0
4537.0,5.4
297718711.0,7.0
0.0,7.2
66308758.0,6.2
467989645.0,6.7
622674139.0,6.9
7910928.0,5.4
41657844.0,6.7
0.0,7.378
172811971.0,6.3
0.0,6.8
436388866.0,7.5
0.0,6.2
0.0,8.1
67450815.0,6.334
83869818.0,6.216
0.0,5.3
151572634.0,6.5
238539198.0,7.1
7700000.0,7.6
8000000.0,6.9
17592626.0,5.154
9512390.0,7.3
351266433.0,6.7
33748006.0,8.235
259939869.0,6.6
0.0,7.6
938055.0,6.5
41142379.0,7.0
31672678.0,6.895
0.0,5.3
0.0,6.3
91244913.0,6.6
158972570.0,6.3
654900000.0,6.8
0.0,7.134
0.0,5.635
0.0,7.1
854319.0,6.2
0.0,5.7
7900000.0,6.905
0.0,5.613
173961069.0,6.1
95330493.0,5.9
0.0,7.23
395607854.0,7.095
105713218.0,7.0
64337744.0,7.8
0.0,6.5
174800000.0,6.854
33562069.0,6.399
51349833.0,7.09
292400000.0,6.319
0.0,5.9
121000000.0,7.516
16367326.0,7.6
93320380.0,6.1
131523093.0,6.2
18200000.0,6.8
117501013.0,6.9
75100000.0,6.7
579200000.0,7.373
99630675.0,6.522
119942387.0,6.365
17473797.0,7.3
0.0,5.423
97644617.0,6.6
1119537.0,6.524
26000000.0,6.3
16000000.0,6.3
0.0,6.896
31882724.0,6.842
27365467.0,7.8
416178.0,7.3
0.0,5.7
1700000.0,7.1
17700000.0,6.7
95918706.0,7.5
66316289.0,7.997
0.0,6.818
5566776.0,7.1
0.0,7.698
6591038.0,7.4
1653784.0,6.2
0.0,0.0
958883.0,6.7
8100000.0,6.032
598625.0,5.3
28645.0,5.8
80900000.0,7.2
52390236.0,7.2
361682618.0,6.7
0.0,5.6
0.0,7.5
34934009.0,8.1
23740788.0,7.1
53918723.0,6.7
32517248.0,5.7
4345395.0,8.196
0.0,5.2
0.0,6.7
27500000.0,5.8
585333.0,6.9
13143056.0,6.8
0.0,6.691
34017028.0,6.2
0.0,6.7
21832649.0,6.5
0.0,5.4
214115531.0,6.787
348807090.0,6.5
0.0,6.2
0.0,5.431
17325485.0,7.5
55429.0,5.2
0.0,5.9
4900000.0,5.8
0.0,6.8
43000000.0,5.601
31039126.0,5.7
0.0,6.8
86493046.0,5.9
0.0,6.5
0.0,4.907
487420.0,5.1
0.0,0.0
11710110.0,6.3
0.0,4.8
0.0,0.0
42027.0,6.9
90497778.0,5.7
6200000.0,6.6
0.0,5.0
9303022.0,7.493
59945012.0,6.8
0.0,6.193
0.0,6.6
1100000.0,5.768
44019588.0,5.889
2614006.0,5.0
0.0,6.3
94539426.0,6.4
35487190.0,7.3
0.0,6.2
64978931.0,8.157
35164920.0,6.1
4300000.0,5.5
57076286.0,5.4
0.0,6.8
1197741.0,5.971
4100000.0,6.5
0.0,7.1
0.0,6.3
0.0,6.9
0.0,7.0
65829.0,5.8
0.0,0.0
2053469.0,6.373
3645308.0,6.9
14293601.0,6.3
74488686.0,6.8
0.0,6.0
94017294.0,6.3
0.0,3.0
86026201.0,7.5
40000000.0,7.6
0.0,6.1
0.0,5.4
72282227.0,6.3
1052222.0,5.315
0.0,8.1
0.0,7.223
6158.0,6.0
2133033.0,5.738
620280.0,7.4
0.0,7.5
1500000.0,6.5
93411426.0,7.5
0.0,5.6
38755968.0,7.4
0.0,7.855
246133.0,6.7
64497208.0,5.4
0.0,5.283
99138899.0,7.302
75462037.0,7.6
0.0,7.0
0.0,7.3
0.0,5.7
0.0,7.392
19000000.0,4.807
11817275.0,4.3
0.0,7.4
20895905.0,7.5
0.0,6.7
3175.0,7.38
41509280.0,6.784
0.0,7.2
22777.0,6.2
0.0,6.3
0.0,6.1
61700416.0,6.1
81673897.0,6.9
0.0,5.441
10400000.0,7.2
17506878.0,6.7
1140769.0,7.6
0.0,6.1
0.0,7.2
46712809.0,6.6
0.0,7.7
18588844.0,8.2
0.0,5.571
0.0,5.3
0.0,8.0
5303.0,5.5
2244848.0,5.426
0.0,7.5
0.0,6.2
0.0,7.1
855756.0,7.0
3388675.0,7.3
365353.0,6.8
15575.0,6.8
34800000.0,6.7
0.0,5.5
73900000.0,6.5
6914017.0,6.9
0.0,6.9
0.0,7.003
3435047.0,6.72
2842040.0,6.323
293385.0,7.2
10023153.0,6.122
0.0,5.11
7414178.0,6.6
0.0,6.3
132675864.0,5.1
0.0,4.7
12371132.0,6.1
2635408.0,5.3
0.0,6.788
167994.0,6.4
0.0,5.9
0.0,4.0
0.0,4.4
0.0,7.2
25915966.0,7.6
0.0,7.612
13539709.0,7.2
0.0,6.3
7434840.0,7.9
0.0,5.3
0.0,7.5
0.0,6.6
0.0,5.4
115089944.0,5.5
737286.0,7.5
0.0,5.9
0.0,4.685
15636462.0,6.8
0.0,6.1
0.0,6.443
20572691.0,6.9
0.0,7.04
730762.0,5.6
53431158.0,6.1
0.0,4.7
0.0,5.6
0.0,6.9
2847319.0,6.7
0.0,5.8
2433457.0,6.8
426290.0,5.2
76100000.0,7.0
2900000.0,6.3
0.0,7.0
3988612.0,7.0
3469151.0,6.7
5080147.0,7.534
0.0,7.1
0.0,7.3
526114.0,7.2
0.0,5.583
496334.0,6.9
0.0,6.2
4973.0,6.2
18160930.0,5.7
0.0,5.46
0.0,5.7
4343227.0,5.3
0.0,6.165
0.0,6.4
84168923.0,6.2
0.0,5.8
36220872.0,7.2
0.0,7.7
0.0,9.0
0.0,6.9
2019874.0,6.9
843970.0,5.5
0.0,7.4
0.0,5.0
0.0,5.5
11001627.0,5.9
2534122.0,6.4
0.0,7.0
217427.0,6.1
2701645.0,6.986
0.0,7.0
5300000.0,8.1
461724.0,7.155
1822043.0,7.8
0.0,6.1
2330777.0,5.5
0.0,6.258
4988176.0,6.551
12217160.0,6.7
0.0,6.101
0.0,7.4
0.0,7.603
33157615.0,6.143
95208.0,6.047
0.0,4.4
2183025.0,5.8
0.0,6.3
23148937.0,7.429
2137751.0,5.9
0.0,7.4
2830775.0,6.4
0.0,6.854
7997774.0,7.2
14273033.0,6.9
0.0,5.5
0.0,4.6
0.0,6.5
0.0,6.1
0.0,7.1
2900000.0,6.3
0.0,6.0
8586944.0,6.8
20121318.0,7.5
0.0,6.5
13061491.0,6.522
2006704.0,4.7
8751856.0,6.4
20545116.0,6.8
3729856.0,6.609
0.0,6.6
0.0,5.1
0.0,3.9
544185156.0,6.175
3097257.0,6.646
29200000.0,6.2
0.0,7.1
22381583.0,6.1
17997350.0,6.5
38830219.0,6.0
482806.0,6.316
0.0,5.424
0.0,5.4
0.0,5.481
4831836.0,7.8
0.0,6.5
0.0,6.3
0.0,8.1
12496155.0,5.4
673523.0,6.0
0.0,4.4
67414985.0,7.2
0.0,6.6
0.0,6.0
0.0,6.9
17696794.0,6.6
0.0,6.5
0.0,5.1
0.0,7.1
0.0,3.697
0.0,5.8
33225.0,6.1
9196740.0,5.8
0.0,6.8
0.0,5.4
3944165.0,6.8
40500000.0,4.3
165623.0,5.3
128269.0,7.9
77542.0,6.319
3300000.0,5.9
169209.0,5.4
78720293.0,6.243
18754051.0,7.4
31626386.0,5.865
30896653.0,7.109
0.0,5.588
0.0,6.4
2000000.0,6.7
0.0,6.246
0.0,7.0
15229193.0,7.0
5132274.0,6.137
0.0,7.2
0.0,6.7
29863754.0,7.2
0.0,6.3
1631910.0,6.9
0.0,7.4
0.0,5.0
0.0,6.8
4200000.0,6.7
0.0,6.1
0.0,4.0
1500000.0,6.4
0.0,5.976
1300000.0,5.8
0.0,6.374
0.0,8.104
231719.0,6.7
91708374.0,6.7
21753365.0,5.492
11859396.0,7.5
0.0,7.088
0.0,7.2
7900000.0,7.0
0.0,6.9
0.0,5.4
7509436.0,6.3
0.0,5.0
0.0,5.1
0.0,6.184
0.0,6.1
0.0,6.4
0.0,7.4
470000.0,7.2
414202.0,5.7
68260.0,5.2
0.0,5.0
20000000.0,7.1
6748935.0,7.644
0.0,7.57
1228051.0,6.6
3267486.0,6.9
0.0,5.8
0.0,7.884
0.0,7.2
0.0,6.457
0.0,6.7
0.0,5.7
0.0,6.1
0.0,7.401
5812.0,5.5
0.0,6.2
0.0,6.5
2707199.0,5.567
4746815.0,6.8
0.0,5.9
0.0,0.0
876000.0,6.5
0.0,7.598
0.0,4.5
0.0,1.0
0.0,4.732
1824902.0,5.7
235066.0,7.32
0.0,4.0
21790193.0,7.9
17904202.0,6.087
0.0,1.0
0.0,7.6
0.0,5.717
52973.0,4.4
0.0,6.5
0.0,5.2
0.0,5.5
0.0,6.8
0.0,6.6
661769.0,5.7
0.0,6.7
0.0,7.0
16828814.0,6.7
24420923.0,7.0
209221331.0,7.6
0.0,6.9
0.0,8.3
0.0,7.1
3335913.0,6.2
0.0,6.0
18598.0,6.41
0.0,5.5
0.0,7.5
2002767.0,7.5
23800000.0,7.2
0.0,6.3
0.0,5.4
386790.0,5.6
0.0,3.4
0.0,5.846
0.0,5.6
0.0,5.306
5577666.0,6.521
0.0,4.987
0.0,6.5
0.0,4.537
0.0,5.5
0.0,5.0
0.0,7.0
0.0,3.5
0.0,6.845
0.0,6.469
0.0,6.7
0.0,6.6
0.0,6.9
0.0,6.4
0.0,5.3
2621992.0,6.3
3902796.0,7.2
360996.0,6.5
0.0,6.8
0.0,5.2
0.0,6.2
0.0,4.0
0.0,7.0
0.0,5.7
0.0,5.2
0.0,7.379
0.0,7.2
0.0,5.3
0.0,6.9
0.0,4.7
0.0,6.7
0.0,5.183
0.0,6.8
0.0,6.6
0.0,6.7
1053002.0,5.9
0.0,5.4
0.0,3.0
0.0,6.0
0.0,5.387
74.0,6.486
0.0,4.9
0.0,5.8
0.0,6.4
0.0,7.2
0.0,7.2
0.0,5.4
0.0,6.7
0.0,5.1
0.0,6.3
0.0,6.8
0.0,5.938
0.0,5.9
2400000.0,6.9
0.0,5.796
0.0,0.0
6110461.0,6.1
10230620.0,7.2
0.0,6.0
0.0,6.3
4536348.0,5.9
0.0,6.6
0.0,6.4
0.0,6.6
0.0,5.7
0.0,4.3
0.0,5.004
0.0,7.0
0.0,5.4
5059608.0,5.4
376000000.0,6.9
0.0,6.2
6877.0,5.4
0.0,4.6
81455.0,7.5
0.0,6.305
12616995.0,6.6
0.0,5.3
0.0,6.0
0.0,6.5
0.0,6.8
11.0,7.4
0.0,7.6
49078000.0,6.0
0.0,5.7
0.0,6.1
0.0,6.3
14193.0,7.0
0.0,3.6
0.0,5.9
0.0,6.769
0.0,5.7
0.0,6.7
0.0,6.703
0.0,6.374
0.0,6.2
10378014.0,6.3
780846.0,5.6
0.0,6.329
0.0,5.453
0.0,7.391
0.0,6.7
0.0,4.4
0.0,7.733
0.0,7.9
0.0,6.7
0.0,6.6
0.0,5.4
0.0,7.4
0.0,6.6
0.0,6.155
0.0,6.7
0.0,6.6
0.0,6.114
0.0,6.7
0.0,5.1
0.0,7.3
0.0,5.9
0.0,5.6
0.0,6.1
7362730.0,6.259
1681525.0,6.689
0.0,5.6
844786.0,6.2
0.0,5.6
22000000.0,6.9
0.0,5.842
0.0,7.211
32955.0,5.2
0.0,6.3
0.0,6.3
0.0,6.731
0.0,6.8
4900000.0,7.8
0.0,4.2
0.0,6.0
0.0,5.641
0.0,6.7
0.0,6.3
0.0,5.6
0.0,7.6
0.0,7.016
0.0,7.0
2115765.0,7.0
0.0,5.9
0.0,7.1
0.0,6.6
0.0,6.276
0.0,5.677
0.0,6.6
0.0,5.4
0.0,6.4
0.0,5.8
0.0,7.3
0.0,10.0
0.0,7.0
0.0,6.1
1932261.0,7.103
0.0,5.0
0.0,5.2
135095.0,6.443
0.0,6.4
1468454.0,5.6
0.0,5.6
0.0,7.0
3136000.0,5.4
0.0,4.9
0.0,5.255
0.0,6.6
10452324.0,7.4
0.0,5.9
101860359.0,6.2
20904188.0,7.8
0.0,5.8
7471349.0,6.3
0.0,2.9
1041955.0,7.3
0.0,7.5
0.0,6.0
8400000.0,5.244
0.0,8.0
0.0,7.2
0.0,7.1
0.0,6.5
0.0,4.3
0.0,6.737
125002821.0,7.9
0.0,7.4
3562793.0,6.1
0.0,7.5
0.0,8.5
0.0,9.0
0.0,6.9
0.0,6.924
0.0,0.0
0.0,7.4
5360820.0,5.608
11277120.0,6.434
0.0,6.6
0.0,6.642
8198518.0,6.2
0.0,6.3
0.0,5.5
0.0,4.7
0.0,7.2
0.0,5.1
176746000.0,5.4
3009621.0,7.1
0.0,5.003
0.0,5.3
0.0,6.9
0.0,5.795
0.0,6.7
0.0,5.173
0.0,5.656
0.0,7.4
0.0,6.0
0.0,5.625
0.0,6.3
0.0,5.5
4154000.0,6.0
0.0,5.1
0.0,5.6
0.0,3.9
0.0,7.0
0.0,5.4
0.0,6.5
0.0,6.9
0.0,5.6
0.0,6.3
2266853.0,6.5
0.0,6.7
0.0,7.4
0.0,6.0
0.0,6.154
0.0,6.609
2517405.0,7.3
114629169.0,5.9
33895230.0,6.6
0.0,7.1
0.0,6.0
0.0,6.295
4100000.0,6.4
0.0,5.614
0.0,5.6
0.0,6.9
5400000.0,7.4
0.0,6.0
0.0,6.2
0.0,6.8
0.0,7.3
0.0,6.4
25629954.0,7.6
0.0,6.6
0.0,5.8
0.0,7.7
0.0,7.7
69885700.0,7.0
557169.0,5.7
0.0,7.1
0.0,4.771
0.0,5.3
0.0,6.2
0.0,6.7
129124.0,6.1
0.0,5.1
0.0,7.2
0.0,5.4
0.0,6.7
22835787.0,8.012
0.0,8.403
0.0,6.49
0.0,6.4
0.0,6.1
0.0,7.048
26338.0,5.7
0.0,6.454
0.0,8.0
0.0,7.0
0.0,6.777
0.0,5.9
0.0,7.7
0.0,7.1
0.0,6.0
0.0,7.2
6842356.0,6.7
0.0,6.9
0.0,5.0
2000000.0,6.3
0.0,7.179
0.0,5.5
0.0,6.6
0.0,5.472
0.0,6.1
0.0,2.8
0.0,7.8
0.0,5.8
0.0,0.0
0.0,5.8
0.0,5.2
0.0,4.5
0.0,4.6
0.0,6.927
0.0,7.656
0.0,5.9
0.0,5.8
0.0,6.7
0.0,5.7
29433930.0,6.732
0.0,6.571
0.0,6.0
0.0,8.0
0.0,6.3
0.0,6.0
0.0,7.2
0.0,6.3
0.0,7.1
0.0,6.673
0.0,6.0
134801.0,7.453
0.0,7.0
0.0,7.5
0.0,6.877
0.0,5.892
0.0,5.7
0.0,5.8
0.0,6.9
0.0,6.0
0.0,6.9
0.0,5.2
0.0,6.0
218184.0,7.4
0.0,7.3
0.0,6.2
1180000.0,7.944
0.0,5.3
0.0,7.3
0.0,6.6
0.0,5.339
0.0,6.7
0.0,6.3
0.0,4.7
0.0,5.8
0.0,8.7
1763278.0,7.0
0.0,4.5
0.0,6.3
0.0,4.203
0.0,5.5
8900000.0,7.1
1251945.0,7.4
0.0,7.8
0.0,7.1
0.0,6.1
0.0,5.759
0.0,6.0
0.0,4.3
0.0,6.6
0.0,6.1
23000000.0,7.4
0.0,6.1
0.0,5.5
0.0,6.2
0.0,7.8
0.0,7.1
18603476.0,5.7
0.0,5.9
0.0,6.0
1057421.0,5.5
0.0,5.7
0.0,7.7
1397388.0,6.842
0.0,7.5
0.0,5.5
0.0,7.2
0.0,7.2
0.0,6.1
0.0,7.627
0.0,5.6
0.0,7.2
0.0,5.6
0.0,6.7
0.0,3.8
0.0,5.0
0.0,5.0
0.0,9.3
0.0,5.9
0.0,5.8
0.0,5.0
0.0,6.0
0.0,4.6
0.0,1.0
0.0,6.756
0.0,5.4
0.0,6.232
0.0,5.9
0.0,8.0
0.0,5.4
0.0,4.105
0.0,5.5
0.0,7.8
42213.0,6.1
0.0,6.2
0.0,5.0
0.0,6.0
0.0,5.9
0.0,7.439
0.0,5.3
0.0,6.6
0.0,5.0
0.0,6.1
0.0,7.6
0.0,4.5
185576.0,5.795
0.0,5.1
0.0,5.9
0.0,0.0
0.0,5.8
0.0,6.845
0.0,5.8
0.0,6.199
0.0,5.9
11589600.0,7.6
0.0,10.0
0.0,7.8
0.0,5.4
0.0,7.0
0.0,4.6
0.0,4.9
0.0,6.093
0.0,5.0
0.0,5.802
0.0,7.2
0.0,7.7
0.0,6.6
0.0,5.3
0.0,4.4
0.0,7.1
0.0,6.9
0.0,7.234
0.0,6.4
0.0,9.5
0.0,6.4
0.0,5.6
0.0,6.6
1894378.0,4.5
0.0,4.735
0.0,7.6
0.0,6.3
8974547.0,6.6
1243177.0,7.528
1662020819.0,7.1
2799439100.0,8.2
257591776.0,8.5
25775371.0,7.8
742718496.0,7.896
0.0,7.3
1074144248.0,6.3
760098996.0,6.85
524580592.0,7.7
1078958629.0,8.1
1131927996.0,7.4
69497587.0,7.122
326709727.0,7.443
1453683476.0,7.2
473123154.0,6.839
91500000.0,6.534
312897920.0,7.844
231252591.0,6.401
1131416446.0,6.8
405000000.0,7.238
801693929.0,6.898
261119292.0,6.4
1054300000.0,7.095
491730089.0,7.303
48015416.0,7.2
392105159.0,7.4
1073841394.0,7.5
1090116.0,7.0
0.0,0.0
387300138.0,6.693
225508210.0,8.0
92600000.0,8.242
480522.0,7.885
0.0,3.5
0.0,6.3
0.0,7.903
0.0,7.025
253890701.0,5.909
113118226.0,5.7
57600000.0,7.039
0.0,6.9
252442974.0,5.973
367799011.0,7.0
0.0,7.7
429434163.0,6.955
0.0,8.022
122800000.0,6.923
0.0,6.3
155712077.0,6.5
18262464.0,7.5
394638258.0,8.0
968853.0,7.6
123233739.0,5.7
216600000.0,7.9
449762638.0,6.92
30017163.0,8.162
0.0,6.7
137792047.0,7.067
146661977.0,6.593
26500000.0,7.9
246999039.0,6.7
120600000.0,6.6
55065289.0,5.6
4944386.0,7.5
9923127.0,8.1
33224654.0,6.1
0.0,7.0
31626978.0,6.7
0.0,5.4
73279888.0,6.4
127400000.0,7.123
353284621.0,6.606
91500000.0,6.324
26654184.0,6.8
0.0,6.7
186965409.0,8.001
190304772.0,7.5
69766483.0,6.2
104545505.0,6.5
50023780.0,7.156
0.0,7.3
204394183.0,6.61
0.0,6.774
28000000.0,8.3
0.0,8.1
0.0,6.5
256067149.0,6.964
10054356.0,7.7
0.0,6.27
47582563.0,5.7
2576990.0,7.4
0.0,7.2
0.0,6.3
225879065.0,8.1
0.0,6.622
33800000.0,8.2
1012932.0,6.6
78871079.0,8.1
82468705.0,8.0
0.0,6.4
173469516.0,6.282
425332.0,7.8
0.0,6.2
61631776.0,7.7
0.0,7.2
49200000.0,7.6
0.0,5.9
0.0,5.968
2746207.0,6.5
72381712.0,7.144
0.0,6.6
0.0,6.9
0.0,6.8
157563598.0,6.5
49900000.0,6.8
171616764.0,7.583
76419755.0,5.83
9982083.0,7.3
8685794.0,6.1
199603202.0,6.666
0.0,5.3
0.0,8.243
17643857.0,7.4
16900000.0,7.548
0.0,6.3
0.0,4.5
125000000.0,7.1
0.0,6.7
4736031.0,7.3
2300000.0,7.7
12652790.0,7.553
64600152.0,6.3
0.0,6.8
167300000.0,7.327
8631781.0,7.8
130000.0,6.9
0.0,6.0
0.0,5.4
9869306.0,7.0
0.0,6.7
48021766.0,6.2
488000.0,6.062
61404394.0,6.8
0.0,8.1
0.0,6.3
157209.0,6.3
0.0,6.3
0.0,5.5
1023510.0,6.041
13601384.0,7.543
61321941.0,6.813
97400000.0,6.2
0.0,6.008
44902237.0,6.0
0.0,6.4
0.0,8.0
0.0,7.3
0.0,3.4
0.0,6.4
33900000.0,7.4
1766092.0,5.4
0.0,7.591
48045728.0,8.355
0.0,9.8
0.0,8.1
0.0,7.973
15200000.0,6.4
119559110.0,6.5
0.0,5.8
15800000.0,5.4
392166.0,5.128
0.0,4.5
0.0,7.6
37359689.0,7.4
0.0,7.2
5750000.0,7.3
2927708.0,6.5
1560697.0,5.9
111037232.0,6.9
0.0,5.7
21360215.0,6.5
32140970.0,6.17
660132.0,6.589
0.0,6.7
0.0,6.1
3758846.0,6.053
0.0,7.0
38026103.0,7.7
0.0,6.4
0.0,6.2
124652206.0,7.1
121600000.0,7.2
0.0,7.409
15894372.0,7.667
2325977.0,6.023
25373.0,6.0
0.0,6.0
0.0,8.0
0.0,6.5
0.0,4.3
0.0,7.7
0.0,6.3
0.0,3.0
50401502.0,7.9
0.0,6.6
24849029.0,7.0
17133446.0,6.6
51749995.0,5.8
0.0,6.73
0.0,7.0
0.0,7.0
232638.0,7.5
0.0,6.2
35515687.0,5.9
0.0,6.165
0.0,6.0
0.0,7.1
0.0,0.0
14500000.0,5.4
48800000.0,6.2
0.0,7.152
0.0,7.308
0.0,7.1
17607783.0,6.9
0.0,6.9
10841702.0,8.2
21200000.0,6.1
0.0,5.73
0.0,7.8
65406606.0,7.6
26565710.0,7.0
0.0,7.6
0.0,6.982
0.0,0.0
22741061.0,6.783
0.0,5.4
338632.0,7.8
643593.0,6.702
0.0,7.1
0.0,7.2
0.0,6.5
42800000.0,5.4
8654322.0,7.0
9215591.0,6.4
0.0,6.731
0.0,6.961
1035734.0,5.8
0.0,8.2
0.0,4.1
69412425.0,6.6
0.0,6.2
0.0,7.8
14651772.0,7.848
0.0,3.0
0.0,5.4
19790000.0,7.0
8808611.0,5.6
0.0,6.4
368410.0,6.8
43133089.0,6.9
0.0,7.4
32500000.0,6.612
4957273.0,7.1
39055536.0,6.9
0.0,5.6
0.0,6.9
9341824.0,6.8
0.0,6.9
29.0,6.6
0.0,4.9
0.0,6.5
4700862.0,6.0
154608856.0,6.7
1940234.0,6.1
0.0,7.1
0.0,6.0
0.0,6.835
2400000.0,6.6
143837.0,6.793
69501772.0,7.638
0.0,6.2
0.0,5.5
146863.0,5.6
0.0,6.2
0.0,7.6
0.0,6.4
0.0,6.885
77276321.0,4.1
0.0,6.0
54606372.0,7.578
112369259.0,7.0
5589910.0,5.9
4300000.0,7.3
0.0,6.765
0.0,6.2
2078370.0,6.8
0.0,6.6
0.0,8.3
0.0,7.0
0.0,6.6
67450000.0,6.8
0.0,7.2
0.0,7.1
87761988.0,5.9
0.0,7.664
0.0,6.8
3485251.0,6.8
0.0,4.667
92968.0,5.5
0.0,5.9
0.0,6.738
5300000.0,6.8
4983582.0,6.7
0.0,6.4
0.0,1.5
32400000.0,6.631
0.0,7.2
17399000.0,6.9
11750306.0,6.8
12127842.0,6.6
44291.0,6.4
323754.0,4.7
50574061.0,7.2
5566.0,5.4
0.0,2.8
67900000.0,6.967
0.0,7.5
0.0,7.6
0.0,6.5
0.0,6.4
0.0,7.0
0.0,5.966
0.0,6.5
239000000.0,7.3
0.0,6.4
1136167.0,6.3
1292773.0,6.4
0.0,6.7
194694725.0,7.1
0.0,5.9
0.0,6.6
0.0,6.557
0.0,6.688
0.0,5.2
0.0,5.0
0.0,6.1
0.0,4.0
0.0,6.0
0.0,7.3
0.0,6.4
0.0,6.0
127461872.0,6.108
0.0,7.2
0.0,7.074
0.0,7.7
12277353.0,7.1
2858846.0,6.5
0.0,7.9
1469171.0,5.458
1635907.0,4.4
0.0,7.9
242115.0,7.1
23076657.0,7.423
0.0,5.5
18878646.0,7.1
0.0,5.1
0.0,5.2
0.0,7.0
0.0,7.4
0.0,8.4
2440478.0,7.1
1138962.0,6.7
147172.0,6.2
0.0,7.5
0.0,7.3
3326364.0,6.9
0.0,5.1
47803176.0,7.137
0.0,5.5
275000.0,7.0
0.0,6.1
0.0,6.6
0.0,7.0
40600000.0,6.0
4645140.0,7.1
0.0,5.4
0.0,6.6
0.0,7.7
0.0,7.2
11620337.0,6.4
7334393.0,7.3
0.0,6.7
0.0,5.5
0.0,0.0
0.0,6.4
0.0,6.3
2295825.0,5.8
0.0,7.1
0.0,5.5
0.0,5.6
33856058.0,6.7
16900000.0,5.469
0.0,4.7
0.0,6.343
0.0,7.0
0.0,7.323
0.0,6.0
0.0,6.773
0.0,5.3
0.0,5.8
0.0,7.367
876980.0,6.2
0.0,7.1
0.0,6.4
0.0,7.3
0.0,6.9
1929915.0,6.6
0.0,6.7
646389.0,5.9
4600000.0,5.7
3822.0,5.4
0.0,7.0
0.0,6.1
6800000.0,7.0
0.0,6.9
0.0,5.8
0.0,7.6
0.0,5.8
11285154.0,6.1
0.0,5.636
9943901.0,7.6
0.0,8.1
16000000.0,6.1
0.0,7.5
0.0,7.8
18377736.0,6.681
0.0,4.482
0.0,6.7
0.0,5.9
1011305.0,5.7
0.0,6.1
0.0,5.2
0.0,6.013
0.0,6.0
55000000.0,5.9
1630000.0,5.6
21712.0,5.9
0.0,6.3
7360.0,6.6
40124.0,6.1
44112.0,6.834
709528.0,5.0
0.0,7.2
0.0,5.6
0.0,6.5
0.0,6.9
0.0,6.6
7439448.0,6.604
14702744.0,6.521
18144644.0,6.9
0.0,6.4
0.0,7.6
592565.0,5.9
0.0,0.0
2790019.0,6.365
24800000.0,6.4
0.0,7.1
0.0,6.9
761361.0,5.9
1200582.0,5.8
0.0,6.7
8766149.0,7.3
0.0,6.7
0.0,6.0
1400000.0,6.4
0.0,5.3
0.0,5.8
0.0,5.5
0.0,6.596
56343000.0,6.0
7364054.0,7.577
2514679.0,6.3
0.0,6.633
0.0,5.291
0.0,6.1
0.0,7.2
0.0,7.497
0.0,7.221
0.0,5.5
0.0,7.473
0.0,5.4
471152.0,5.9
0.0,4.7
0.0,5.8
0.0,5.2
0.0,5.191
659535.0,7.138
0.0,6.597
0.0,5.8
0.0,6.9
0.0,7.3
0.0,5.1
2855316.0,6.8
0.0,4.2
0.0,6.4
0.0,6.3
1041948.0,7.564
0.0,5.5
0.0,6.235
0.0,6.7
0.0,5.7
0.0,6.9
0.0,7.9
0.0,7.4
0.0,6.1
3373474.0,5.634
1096179.0,7.2
23425.0,5.4
0.0,5.22
0.0,4.8
0.0,5.7
230193.0,6.2
0.0,6.3
11145006.0,6.0
0.0,6.709
0.0,6.2
0.0,6.3
0.0,6.48
0.0,6.4
3400977.0,7.094
0.0,6.7
83012.0,5.4
16800000.0,6.364
0.0,7.8
0.0,6.677
0.0,4.6
8541775.0,7.032
0.0,5.0
8600192.0,6.6
0.0,7.2
0.0,6.4
7201952.0,6.8
0.0,5.7
0.0,5.4
585443.0,7.1
0.0,7.3
0.0,6.4
0.0,7.0
0.0,5.6
1964806.0,6.3
0.0,6.6
0.0,7.8
0.0,6.0
0.0,6.85
101346.0,7.2
0.0,6.5
3554178.0,7.7
0.0,6.13
0.0,5.8
11788968.0,6.283
245179562.0,7.2
3123088.0,7.2
0.0,0.0
0.0,7.6
897441.0,6.3
0.0,5.0
0.0,7.5
6898.0,5.342
4040319.0,6.008
0.0,6.7
0.0,6.3
0.0,7.1
0.0,7.3
0.0,6.2
75407.0,6.1
0.0,5.9
0.0,6.7
0.0,5.9
7883200.0,6.8
0.0,6.5
7189283.0,7.0
0.0,5.5
0.0,6.9
11962753.0,6.395
74747725.0,5.9
20440.0,5.4
853898.0,5.3
332731.0,5.3
13935410.0,7.4
2996763.0,6.5
200046.0,5.966
0.0,6.8
117947.0,5.9
1460431.0,5.671
0.0,5.711
0.0,6.547
0.0,6.1
0.0,0.0
0.0,6.2
0.0,6.1
0.0,4.1
0.0,4.4
0.0,7.4
0.0,5.8
0.0,7.451
0.0,6.8
0.0,6.822
0.0,5.0
731827.0,6.6
0.0,7.3
10195760.0,8.3
0.0,5.846
0.0,6.7
0.0,7.2
0.0,6.2
0.0,6.8
0.0,4.0
0.0,7.4
1686700.0,6.5
0.0,6.8
2975184.0,7.018
0.0,7.1
481707.0,4.981
0.0,5.8
0.0,6.6
0.0,4.2
0.0,7.5
18321683.0,7.1
0.0,4.857
0.0,6.5
0.0,7.779
0.0,5.9
0.0,4.8
0.0,6.8
1133735.0,7.9
0.0,6.9
76916.0,5.9
110064.0,5.247
0.0,6.9
0.0,6.4
1431904.0,5.9
0.0,6.8
2087678.0,6.1
0.0,6.0
0.0,8.7
0.0,7.5
0.0,5.3
18529730.0,4.6
0.0,6.264
0.0,6.8
0.0,7.106
434977.0,6.535
0.0,7.4
0.0,5.6
0.0,6.118
0.0,7.1
64648.0,4.51
0.0,7.1
98240.0,5.9
368430.0,7.5
0.0,6.544
1681545.0,7.0
0.0,7.7
0.0,9.0
0.0,5.7
0.0,5.9
0.0,7.603
12150259.0,8.4
0.0,7.3
25064.0,5.6
2197075.0,7.0
0.0,6.822
0.0,6.9
0.0,0.0
38981322.0,6.7
3955.0,5.983
0.0,6.2
0.0,5.7
0.0,8.1
3393975.0,6.6
11950916.0,6.4
0.0,5.0
0.0,7.777
0.0,5.9
1561698.0,6.0
0.0,5.0
21600000.0,6.9
0.0,5.7
0.0,6.3
439085.0,4.6
343038.0,6.0
1144575.0,6.9
0.0,6.784
0.0,6.818
0.0,6.9
0.0,6.5
0.0,6.777
28717000.0,7.1
0.0,5.2
0.0,5.3
0.0,8.232
0.0,6.1
2407571.0,6.7
0.0,7.0
0.0,5.1
0.0,5.8
0.0,7.7
0.0,7.6
36586.0,6.191
0.0,5.0
0.0,6.2
0.0,6.7
0.0,6.1
0.0,3.0
0.0,7.5
0.0,5.2
0.0,6.6
156168.0,6.4
6294941.0,6.5
0.0,6.654
0.0,7.6
0.0,4.9
0.0,0.0
0.0,7.1
0.0,5.908
0.0,8.1
0.0,6.2
0.0,6.888
0.0,6.9
2268204.0,6.4
0.0,8.5
0.0,6.7
0.0,6.5
416167.0,7.4
0.0,5.7
0.0,7.2
0.0,6.0
0.0,8.548
0.0,4.8
0.0,6.6
106796.0,6.047
22384741.0,6.4
0.0,7.6
0.0,6.0
0.0,6.1
0.0,6.4
3068838.0,5.7
878668.0,6.7
0.0,7.1
0.0,0.0
540482.0,7.2
0.0,5.3
0.0,6.5
0.0,10.0
0.0,4.4
0.0,5.3
0.0,5.84
0.0,6.7
3882729.0,6.8
17303.0,6.2
0.0,6.2
0.0,5.844
29353057.0,7.6
0.0,6.921
5975729.0,7.0
0.0,5.0
0.0,5.5
0.0,4.3
0.0,5.754
0.0,6.007
98559.0,5.4
0.0,7.2
0.0,7.1
0.0,6.8
0.0,6.5
0.0,6.1
0.0,5.5
0.0,7.29
0.0,5.5
2403030.0,7.1
0.0,5.9
64601.0,6.1
44652.0,5.3
0.0,7.0
5070484.0,7.6
0.0,1.0
0.0,7.1
41767.0,5.935
0.0,5.8
0.0,5.9
0.0,6.4
0.0,5.9
0.0,6.6
0.0,5.5
0.0,7.4
359377.0,7.8
0.0,6.0
0.0,0.0
0.0,6.5
0.0,5.1
1315376.0,8.3
0.0,4.4
0.0,5.4
0.0,5.8
6713.0,5.5
0.0,7.266
50803834.0,7.0
521149.0,6.0
0.0,4.8
0.0,7.3
0.0,6.7
0.0,7.3
0.0,6.2
3153.0,4.4
0.0,6.3
0.0,6.4
0.0,6.9
0.0,7.0
0.0,5.927
0.0,7.8
0.0,6.7
0.0,5.87
2635709.0,7.5
0.0,5.0
0.0,7.5
0.0,2.4
12703596.0,7.4
11903801.0,6.7
0.0,7.2
0.0,7.0
8277796.0,7.1
0.0,0.0
0.0,5.359
0.0,5.2
0.0,0.0
3868.0,6.207
0.0,7.1
0.0,6.3
0.0,7.0
0.0,7.649
0.0,6.4
0.0,7.1
0.0,5.9
0.0,6.5
0.0,5.8
0.0,6.2
0.0,6.29
0.0,6.1
0.0,7.9
0.0,7.1
0.0,6.0
0.0,7.1
0.0,7.1
0.0,5.4
0.0,6.715
0.0,5.7
0.0,6.2
0.0,0.0
0.0,5.3
0.0,7.2
0.0,5.962
0.0,7.6
0.0,7.2
488593.0,6.2
0.0,6.729
0.0,0.0
1000000.0,6.5
1350772.0,7.2
0.0,6.9
0.0,7.1
130023.0,5.0
958558.0,6.4
309776.0,6.3
0.0,5.365
0.0,5.3
0.0,6.0
0.0,6.5
10057790.0,7.0
0.0,5.5
4695495.0,5.9
0.0,5.68
3458157.0,5.883
0.0,8.5
0.0,6.9
68904.0,4.5
0.0,4.9
0.0,6.9
0.0,5.6
14980989.0,4.4
0.0,6.4
0.0,5.246
443038.0,5.0
0.0,6.1
0.0,6.046
242483.0,5.8
0.0,6.5
0.0,6.86
0.0,5.0
0.0,7.1
4873627.0,5.986
0.0,6.3
0.0,5.5
0.0,6.0
0.0,8.0
5000000.0,6.3
0.0,6.2
0.0,5.595
200041.0,7.589
0.0,6.8
0.0,6.71
0.0,6.2
0.0,5.0
6890000.0,6.5
0.0,6.7
0.0,7.0
120818.0,6.151
15712.0,7.8
0.0,7.6
1250000.0,5.4
0.0,6.4
0.0,3.9
0.0,6.3
0.0,5.2
70821.0,5.2
0.0,6.5
4645750.0,6.6
0.0,7.4
0.0,7.9
0.0,7.1
0.0,5.1
386166.0,5.7
0.0,6.462
0.0,6.2
9831515.0,5.6
0.0,7.2
0.0,6.3
0.0,6.504
0.0,5.514
39273021.0,8.2
0.0,5.7
0.0,5.5
0.0,6.4
0.0,7.7
0.0,6.1
0.0,5.79
0.0,6.242
0.0,5.0
0.0,5.8
0.0,5.8
0.0,6.2
0.0,6.7
0.0,5.8
0.0,5.4
0.0,7.667
0.0,6.6
1873079.0,6.6
0.0,6.908
0.0,5.7
0.0,6.4
0.0,6.0
0.0,1.0
0.0,6.717
0.0,5.6
0.0,6.0
0.0,0.0
17682.0,5.2
0.0,8.4
0.0,5.9
0.0,5.9
0.0,4.0
1370000.0,6.5
0.0,7.6
0.0,7.6
0.0,5.3
0.0,0.0
0.0,4.9
0.0,6.6
0.0,5.6
0.0,4.5
0.0,1.0
0.0,7.115
0.0,6.671
28299498.0,7.33
1357142.0,7.6
0.0,6.937
0.0,4.5
0.0,6.5
0.0,5.3
544436.0,6.294
0.0,4.8
0.0,5.4
0.0,3.5
0.0,5.6
0.0,6.1
0.0,5.307
0.0,6.1
0.0,6.948
319715683.0,7.308
507119058.0,8.2
0.0,6.0
426505244.0,7.135
121977511.0,8.1
52300000.0,7.1
215905815.0,7.5
0.0,8.4
47990414.0,7.2
0.0,5.909
164000.0,7.3
69965374.0,6.9
0.0,7.317
169601036.0,6.416
0.0,6.191
365304105.0,7.182
205537933.0,6.9
4700000.0,7.5
39861118.0,6.7
115171795.0,7.7
1122066.0,7.3
111200000.0,7.5
10550350.0,6.637
29303571.0,6.4
0.0,7.2
49276818.0,7.3
0.0,6.4
68881.0,6.2
42698327.0,6.751
144492724.0,7.1
0.0,5.5
0.0,8.083
0.0,5.5
0.0,6.5
0.0,6.8
42145959.0,6.6
0.0,7.406
0.0,8.1
0.0,6.8
49169594.0,6.098
0.0,1.0
32104054.0,6.9
4796993.0,6.2
40882928.0,6.287
141940042.0,7.7
0.0,7.6
27658331.0,6.9
0.0,6.0
0.0,8.245
0.0,7.135
0.0,6.1
13416285.0,7.234
0.0,6.5
9458590.0,7.028
2987741.0,5.836
2431995.0,7.194
251410631.0,6.6
5184368.0,7.3
0.0,7.6
50866901.0,6.3
0.0,7.8
21029340.0,8.1
443807.0,6.493
0.0,4.7
596370.0,6.0
0.0,7.2
0.0,8.297
0.0,7.9
0.0,1.0
0.0,6.453
28600000.0,7.0
0.0,7.6
0.0,7.5
17710977.0,7.4
25200000.0,7.0
0.0,7.6
0.0,7.181
1117982.0,5.2
0.0,7.6
302127.0,6.2
0.0,6.9
39238300.0,6.4
49500000.0,5.8
0.0,8.218
0.0,6.1
0.0,6.4
0.0,7.0
20379604.0,7.4
0.0,6.441
43387445.0,6.447
0.0,5.2
15100000.0,6.6
0.0,5.8
8721243.0,6.3
0.0,6.4
0.0,5.9
1516150.0,7.5
0.0,7.1
0.0,6.36
21097921.0,7.3
0.0,5.4
0.0,4.7
942666.0,5.62
0.0,8.4
0.0,7.2
0.0,5.8
4971635.0,7.8
31220247.0,6.5
2300000.0,6.1
20311536.0,5.9
0.0,7.4
0.0,6.6
0.0,7.091
0.0,7.26
0.0,7.3
70018.0,5.7
0.0,7.83
0.0,7.5
26000000.0,7.055
1054290.0,5.8
0.0,7.5
0.0,6.1
21700000.0,7.6
0.0,5.553
240656068.0,7.3
0.0,7.4
9500000.0,6.391
0.0,6.1
0.0,6.7
0.0,7.3
0.0,5.6
0.0,7.5
520191.0,6.8
139757.0,5.6
24200000.0,8.137
1310720.0,8.219
0.0,6.8
20339624.0,8.3
69000000.0,7.4
19428166.0,5.7
0.0,5.6
7997460.0,6.8
0.0,6.4
0.0,5.2
0.0,0.0
911000.0,6.348
243279.0,6.3
0.0,6.812
16069730.0,7.6
2133452.0,6.898
0.0,7.0
0.0,6.1
0.0,5.75
0.0,6.9
0.0,6.132
0.0,6.9
0.0,8.2
0.0,6.5
835102.0,6.4
0.0,6.53
99924.0,4.8
1019041.0,6.326
0.0,6.8
0.0,6.2
0.0,6.4
0.0,4.5
170581.0,5.6
443458.0,6.504
1398488.0,6.4
3600000.0,7.4
7.0,5.7
0.0,5.3
0.0,7.4
0.0,7.422
107423.0,7.7
0.0,6.4
0.0,7.534
0.0,5.724
0.0,7.1
0.0,0.0
0.0,5.9
1593464.0,7.4
0.0,5.5
2200000.0,7.0
769563.0,5.3
0.0,7.9
0.0,6.4
7627100.0,7.77
0.0,7.1
0.0,7.0
0.0,6.1
3215636.0,7.3
0.0,7.7
20150000.0,7.7
0.0,6.0
0.0,7.1
0.0,7.2
0.0,7.2
0.0,7.0
516520.0,7.7
10855626.0,7.1
0.0,6.5
14871307.0,7.5
0.0,6.7
5707415.0,7.1
122252.0,6.7
1000000.0,6.2
10200000.0,6.9
0.0,7.0
22304357.0,6.0
9750139.0,6.1
8119285.0,6.4
106045.0,5.4
0.0,6.7
0.0,7.0
5989583.0,5.5
1792816.0,7.1
0.0,6.3
0.0,7.879
1401954.0,7.2
0.0,5.6
0.0,5.3
0.0,3.0
0.0,5.2
39328.0,4.171
354023.0,6.5
0.0,5.7
0.0,5.2
0.0,8.3
0.0,6.6
0.0,8.0
331091.0,6.2
1640866.0,6.6
1338881.0,6.3
449753.0,7.0
679505.0,7.263
0.0,6.901
461421559.0,6.9
0.0,6.9
0.0,8.3
0.0,6.4
4311042.0,5.5
0.0,7.5
0.0,6.8
0.0,0.0
3486375.0,7.4
0.0,6.3
0.0,6.678
0.0,7.3
1651413.0,5.5
106270.0,6.5
0.0,7.5
225374.0,5.6
0.0,5.9
239828.0,6.1
2679585.0,6.1
0.0,6.8
0.0,6.8
0.0,7.1
0.0,10.0
0.0,7.3
0.0,7.4
0.0,0.0
0.0,6.4
0.0,7.9
14590514.0,6.6
0.0,6.7
345289.0,6.3
829900.0,6.3
107629.0,6.7
992103.0,6.1
736153.0,6.2
3551439.0,6.251
916042.0,5.6
12700000.0,6.959
0.0,6.3
0.0,6.228
0.0,6.7
3364426.0,7.3
0.0,5.8
0.0,7.2
0.0,7.1
0.0,4.865
0.0,7.7
407807.0,7.2
695501.0,6.4
0.0,6.499
43840.0,6.5
0.0,7.3
0.0,8.2
0.0,5.6
34662454.0,6.9
0.0,5.5
0.0,6.5
6274027.0,5.91
1239498.0,6.6
1700000.0,6.5
0.0,5.0
0.0,6.5
0.0,7.118
0.0,5.7
0.0,4.0
45937.0,6.6
0.0,5.7
0.0,8.41
0.0,6.6
0.0,0.0
0.0,6.0
858281.0,5.0
0.0,6.6
0.0,6.1
0.0,6.2
0.0,8.254
0.0,5.706
0.0,7.1
307873.0,5.808
0.0,5.1
0.0,6.125
26747.0,6.0
12175665.0,5.8
0.0,8.038
0.0,7.1
0.0,6.4
0.0,7.8
0.0,7.337
274674.0,6.6
0.0,6.3
0.0,8.2
7099734.0,7.6
0.0,6.6
41848.0,5.0
0.0,6.4
0.0,7.2
0.0,6.6
1746860.0,5.8
0.0,7.074
1396905.0,7.0
28037.0,6.5
0.0,6.1
0.0,7.3
0.0,5.733
1045873.0,6.3
0.0,5.9
0.0,6.2
0.0,6.5
0.0,6.4
0.0,6.6
0.0,7.0
111523.0,5.0
0.0,6.378
0.0,6.727
0.0,6.1
0.0,5.6
29118.0,6.7
0.0,5.25
0.0,6.0
1200000.0,6.1
0.0,7.115
0.0,6.4
0.0,6.9
4751103.0,6.7
0.0,6.1
0.0,5.7
2000000.0,7.8
0.0,6.3
0.0,5.7
0.0,6.6
94583.0,5.5
0.0,6.5
504296.0,7.5
0.0,5.86
4200000.0,6.1
0.0,0.0
0.0,6.476
226400000.0,7.1
3825668.0,7.6
0.0,5.9
0.0,5.3
0.0,5.6
0.0,10.0
0.0,5.3
500104.0,6.4
0.0,6.6
187432.0,6.1
0.0,4.8
10885076.0,7.6
1623809.0,7.0
26900000.0,6.3
0.0,6.4
0.0,6.0
459051.0,5.8
0.0,5.3
0.0,5.7
0.0,6.2
0.0,6.1
0.0,7.5
0.0,7.0
190760.0,5.5
0.0,6.0
0.0,6.6
0.0,6.9
0.0,6.4
0.0,7.7
0.0,8.5
0.0,6.475
46855.0,6.3
0.0,6.728
757096.0,7.6
769234.0,5.8
0.0,6.2
479317.0,5.9
0.0,0.0
0.0,7.5
0.0,6.6
398663.0,5.2
0.0,3.6
0.0,6.5
0.0,6.4
0.0,5.8
0.0,7.0
0.0,5.0
101068.0,7.1
0.0,7.3
0.0,10.0
0.0,6.669
11208529.0,5.5
0.0,8.017
0.0,0.0
0.0,6.5
0.0,8.5
177418.0,6.0
0.0,6.1
0.0,9.0
3151849.0,7.8
95384.0,6.0
3607899.0,7.2
0.0,6.518
0.0,6.093
0.0,5.1
0.0,5.5
0.0,6.0
98157.0,6.7
0.0,5.3
439418.0,6.7
0.0,6.0
236653.0,6.3
692459.0,5.1
0.0,5.3
0.0,6.5
638221.0,5.1
132492.0,6.2
1035128.0,5.6
28859072.0,6.7
0.0,5.9
0.0,5.3
0.0,6.8
0.0,7.4
0.0,4.9
0.0,6.7
0.0,6.9
0.0,6.223
0.0,6.8
0.0,6.5
0.0,5.7
0.0,6.7
0.0,4.9
964832.0,5.744
0.0,7.9
34218525.0,7.5
0.0,7.2
618.0,5.7
18473570.0,6.5
0.0,6.7
3507755.0,6.6
7494243.0,6.4
0.0,5.3
0.0,6.3
615233.0,6.0
0.0,6.8
0.0,7.1
3274339.0,7.3
0.0,6.49
0.0,0.0
0.0,6.3
0.0,5.6
0.0,6.2
7547254.0,5.3
0.0,5.3
0.0,4.858
4609.0,5.3
0.0,6.8
0.0,5.4
0.0,7.0
5127426.0,5.757
0.0,7.2
0.0,0.0
0.0,3.5
0.0,0.0
0.0,7.0
0.0,7.1
0.0,6.0
0.0,7.833
0.0,7.6
0.0,6.6
3238539.0,6.1
0.0,6.7
7060384.0,6.2
1400000.0,6.0
0.0,6.4
0.0,6.5
0.0,6.8
0.0,7.0
0.0,5.4
0.0,4.9
0.0,6.3
367908.0,6.6
0.0,6.9
0.0,6.4
0.0,6.2
7000000.0,7.1
0.0,5.9
10224.0,6.2
0.0,6.3
0.0,5.839
0.0,6.1
0.0,6.3
3700000.0,6.5
0.0,6.1
0.0,7.5
0.0,7.4
1073290.0,6.4
0.0,7.5
1941.0,4.432
0.0,5.6
0.0,7.6
0.0,4.6
0.0,6.9
0.0,6.431
16955173.0,7.2
0.0,1.0
9341543.0,7.181
0.0,7.7
0.0,6.2
0.0,7.922
0.0,6.4
18370.0,6.954
224405.0,6.9
0.0,5.5
0.0,5.6
0.0,6.7
0.0,7.3
11131254.0,6.7
0.0,6.0
0.0,7.289
0.0,5.4
0.0,7.2
0.0,5.7
0.0,5.9
0.0,6.9
0.0,7.3
0.0,7.1
0.0,7.5
0.0,5.6
0.0,5.8
0.0,6.5
0.0,6.7
0.0,5.9
0.0,5.9
0.0,7.3
0.0,6.3
0.0,6.6
0.0,6.7
0.0,0.0
0.0,5.3
0.0,6.5
0.0,8.1
0.0,7.9
0.0,7.1
0.0,7.0
0.0,7.3
0.0,6.745
0.0,5.8
0.0,6.1
0.0,6.2
0.0,6.2
0.0,0.0
0.0,5.5
0.0,6.8
0.0,4.7
0.0,6.2
0.0,6.6
0.0,5.61
0.0,5.4
12916151.0,8.2
0.0,7.1
0.0,6.7
0.0,6.4
0.0,4.5
0.0,8.9
0.0,6.0
0.0,0.0
0.0,6.3
0.0,6.8
0.0,6.1
0.0,6.0
1868659.0,5.8
0.0,7.0
0.0,6.4
9828.0,6.5
0.0,5.3
0.0,0.0
0.0,6.1
1825491.0,6.472
230441.0,6.1
0.0,8.3
0.0,5.2
0.0,1.0
12329960.0,7.1
0.0,5.798
0.0,6.6
0.0,5.6
1325591.0,6.9
0.0,5.232
0.0,7.8
0.0,5.9
0.0,6.7
0.0,5.743
0.0,6.3
0.0,6.5
0.0,5.7
0.0,7.686
0.0,6.0
0.0,7.554
0.0,6.9
0.0,5.4
0.0,7.156
3069303.0,6.5
4155492.0,6.4
0.0,8.4
0.0,6.8
0.0,6.0
0.0,6.6
0.0,6.7
3415787.0,6.9
0.0,6.3
2313364.0,6.5
0.0,7.2
1709980.0,7.2
0.0,8.1
0.0,5.5
0.0,4.6
10000000.0,7.4
164623.0,6.8
0.0,7.7
0.0,6.2
0.0,6.8
0.0,0.0
8300000.0,6.2
0.0,6.4
0.0,6.2
0.0,3.667
0.0,6.2
7671.0,5.7
0.0,5.8
375836.0,5.1
989310.0,6.9
0.0,6.4
0.0,7.2
10700000.0,6.6
396640.0,6.4
0.0,6.9
0.0,6.8
0.0,6.4
0.0,6.8
0.0,5.6
0.0,5.0
0.0,5.3
0.0,6.2
0.0,7.7
0.0,5.9
0.0,5.722
791762.0,5.5
0.0,6.1
0.0,6.2
0.0,6.0
0.0,6.111
0.0,4.0
0.0,6.4
0.0,6.3
0.0,6.3
0.0,2.6
0.0,6.7
2600000.0,7.152
0.0,5.1
0.0,7.0
53189.0,6.4
0.0,5.2
0.0,7.479
0.0,7.6
5081127.0,5.676
0.0,7.4
0.0,7.519
0.0,7.9
0.0,7.4
0.0,3.5
9305412.0,6.0
0.0,5.7
0.0,6.3
0.0,9.0
0.0,8.2
0.0,6.2
252494.0,5.6
0.0,5.4
0.0,6.2
0.0,5.7
0.0,3.0
0.0,6.5
0.0,5.7
0.0,0.0
0.0,0.0
2033629.0,6.3
0.0,7.353
0.0,4.9
0.0,6.2
0.0,6.813
0.0,5.5
0.0,5.7
0.0,7.2
0.0,5.0
0.0,6.882
70459.0,5.9
0.0,5.8
0.0,6.4
0.0,6.485
0.0,4.7
0.0,7.1
0.0,8.1
0.0,7.2
0.0,6.3
0.0,6.7
0.0,5.8
0.0,5.5
0.0,4.1
208723.0,7.0
0.0,6.8
0.0,6.471
0.0,1.0
0.0,6.3
0.0,7.027
0.0,6.7
21200.0,5.217
0.0,7.073
0.0,5.4
10791301.0,7.453
0.0,5.7
0.0,5.5
20690779.0,6.4
0.0,4.425
0.0,5.679
0.0,6.462
0.0,6.0
0.0,6.6
0.0,5.9
0.0,5.27
0.0,7.1
0.0,5.8
11000000.0,7.8
0.0,6.6
0.0,5.5
0.0,0.0
0.0,5.9
0.0,4.0
0.0,5.7
0.0,7.1
0.0,6.0
0.0,6.0
0.0,5.9
0.0,4.8
0.0,5.5
0.0,6.7
0.0,6.2
0.0,1.0
0.0,6.7
0.0,6.6
0.0,5.9
137547.0,5.8
0.0,3.0
0.0,5.8
0.0,5.611
0.0,7.5
0.0,6.8
12841.0,6.6
0.0,4.3
0.0,7.4
0.0,7.6
0.0,6.3
0.0,4.7
0.0,7.1
5460628.0,5.8
0.0,6.8
3700000.0,5.9
0.0,6.3
0.0,6.1
0.0,7.5
0.0,5.738
0.0,6.8
0.0,6.6
0.0,6.7
0.0,6.0
57000.0,7.2
0.0,7.5
0.0,6.2
0.0,6.913
0.0,6.0
0.0,7.5
0.0,7.3
0.0,6.8
0.0,5.0
68905.0,6.1
0.0,6.4
0.0,6.4
0.0,6.6
0.0,0.0
0.0,7.3
0.0,6.335
0.0,7.4
0.0,6.2
0.0,6.8
0.0,4.885
0.0,5.4
0.0,4.5
0.0,5.183
0.0,7.1
0.0,5.6
0.0,5.8
0.0,6.6
0.0,5.8
0.0,0.0
0.0,5.1
0.0,6.0
0.0,6.0
0.0,7.8
0.0,6.5
0.0,7.3
0.0,5.7
0.0,7.4
12589965.0,6.6
0.0,6.464
0.0,5.8
54967.0,7.5
641308.0,6.0
0.0,6.2
0.0,3.0
0.0,7.6
0.0,6.9
0.0,5.4
0.0,4.087
0.0,6.0
0.0,6.7
0.0,7.2
401983.0,7.9
0.0,6.388
0.0,6.8
0.0,6.4
0.0,5.5
0.0,5.8
0.0,8.2
0.0,7.5
323829.0,6.1
0.0,7.6
142725.0,6.0
0.0,6.3
0.0,6.4
0.0,5.0
8954945.0,9.0
0.0,6.0
0.0,6.6
0.0,10.0
0.0,6.1
0.0,4.7
0.0,7.7
0.0,7.3
52186426.0,6.114
0.0,7.7
0.0,2.0
0.0,4.2
0.0,0.0
0.0,7.101
0.0,7.3
0.0,7.4
0.0,7.3
0.0,5.2
0.0,4.4
263274.0,7.0
0.0,6.7
2982559.0,5.475
0.0,7.0
0.0,6.3
0.0,5.17
0.0,5.731
0.0,5.8
0.0,6.803
28876.0,7.9
0.0,6.3
0.0,6.608
0.0,6.2
0.0,6.6
0.0,7.439
7574.0,5.7
0.0,5.1
0.0,0.0
0.0,4.0
0.0,6.7
0.0,7.6
8613864.0,5.9
0.0,5.2
10349294.0,6.2
0.0,6.686
0.0,5.8
0.0,2.949
0.0,6.139
0.0,7.5
0.0,7.3
0.0,6.705
136240.0,5.2
0.0,5.6
206589.0,6.7
0.0,3.9
7142214.0,6.1
0.0,3.8
0.0,7.142
0.0,5.1
0.0,5.6
0.0,6.6
0.0,6.3
0.0,8.0
0.0,7.2
0.0,7.6
0.0,6.0
0.0,7.4
0.0,5.7
0.0,6.0
0.0,7.0
1339784.0,6.6
0.0,3.3
0.0,6.3
0.0,5.1
0.0,7.2
0.0,5.1
11136444.0,7.0
0.0,6.0
0.0,6.5
0.0,5.929
0.0,6.8
0.0,7.4
0.0,7.6
0.0,5.4
0.0,0.0
0.0,6.4
0.0,7.525
0.0,6.8
0.0,5.2
0.0,6.5
0.0,5.5
0.0,6.1
0.0,0.0
0.0,6.8
0.0,6.097
0.0,7.2
0.0,8.018
0.0,6.1
0.0,8.3
0.0,6.8
0.0,3.5
0.0,6.4
0.0,6.656
0.0,6.8
0.0,7.525
0.0,6.1
0.0,7.0
0.0,6.5
0.0,5.297
0.0,6.3
0.0,6.5
0.0,9.0
548608.0,6.1
0.0,6.4
0.0,8.8
0.0,5.5
0.0,6.0
0.0,7.4
0.0,6.802
0.0,7.8
539584.0,6.6
1921847111.0,7.949
261289554.0,7.6
393824.0,6.2
407573628.0,7.783
103966489.0,7.6
0.0,6.3
0.0,7.6
432243292.0,7.528
14400000.0,7.5
168717425.0,7.5
506863592.0,6.779
408402685.0,7.9
206431050.0,7.413
233503234.0,8.0
51074773.0,7.8
402064899.0,6.83
41914915.0,5.965
130423032.0,7.841
0.0,4.6
0.0,8.1
379751131.0,7.214
156497322.0,6.388
21753705.0,7.04
331526598.0,7.485
774153024.0,7.4
144327371.0,7.4
0.0,0.0
0.0,7.7
0.0,7.7
297372261.0,7.475
26508132.0,6.6
220889446.0,7.3
0.0,6.605
61779301.0,7.9
726229501.0,7.056
146745280.0,7.351
178143.0,6.8
195870885.0,8.1
125897478.0,6.751
470116094.0,7.583
0.0,6.2
0.0,5.4
0.0,7.2
3777969.0,6.0
46940541.0,7.6
1905058.0,7.9
84426031.0,7.026
36964325.0,6.486
76994245.0,6.9
90146510.0,6.332
0.0,7.9
0.0,6.5
0.0,7.6
0.0,6.8
204334455.0,7.356
7230000.0,7.0
29942746.0,6.334
3189418.0,6.0
70000000.0,8.1
0.0,7.9
70060492.0,6.668
0.0,7.2
791863.0,7.075
2652725.0,6.6
163692228.0,6.7
25860000.0,7.884
0.0,6.8
60692022.0,7.9
46900000.0,6.835
0.0,6.97
107347356.0,7.2
190700000.0,6.2
0.0,7.683
0.0,7.9
0.0,7.5
0.0,7.8
0.0,6.787
0.0,6.854
136536687.0,6.8
22957625.0,7.3
0.0,7.3
0.0,6.2
0.0,4.9
30552111.0,7.4
39400000.0,7.6
119815153.0,6.971
44880143.0,7.1
0.0,7.2
153000000.0,7.1
0.0,7.6
0.0,7.8
33457923.0,7.711
0.0,10.0
0.0,6.4
93882453.0,8.237
0.0,6.6
0.0,6.384
23076711.0,6.828
40618920.0,5.941
0.0,6.5
2000000.0,6.9
30800000.0,6.6
34891791.0,6.768
0.0,6.2
10237061.0,7.0
65774490.0,6.531
0.0,5.5
150123320.0,7.075
0.0,6.8
0.0,7.3
0.0,7.081
328914.0,5.7
0.0,6.2
53785551.0,7.0
153235995.0,6.6
11800000.0,7.5
18887953.0,6.597
229811.0,5.9
0.0,6.9
4982335.0,6.36
0.0,7.706
14600000.0,6.6
0.0,7.149
0.0,6.0
0.0,8.1
0.0,7.3
0.0,6.6
6459306.0,6.2
0.0,6.427
0.0,7.1
0.0,7.394
39458207.0,7.2
0.0,3.0
133423964.0,6.4
0.0,6.131
39629195.0,6.982
0.0,7.2
0.0,6.3
0.0,7.3
35000000.0,5.8
0.0,7.5
17635215.0,7.3
0.0,5.7
253583.0,7.3
0.0,6.0
1094673.0,7.7
1900000.0,6.0
75167.0,5.6
7502846.0,6.807
0.0,7.5
0.0,5.9
46333545.0,7.032
67413.0,6.0
0.0,2.8
238524.0,6.5
87212911.0,8.1
0.0,6.9
8804000.0,6.8
0.0,6.699
0.0,6.1
0.0,7.293
0.0,7.3
0.0,4.6
0.0,7.2
18867659.0,6.2
0.0,7.4
13037403.0,6.3
0.0,6.7
0.0,6.4
0.0,7.492
33276075.0,6.972
0.0,5.3
2836382.0,6.6
0.0,7.3
0.0,5.3
1451974.0,7.4
0.0,6.4
0.0,7.0
0.0,6.0
0.0,6.5
0.0,7.2
23384502.0,6.6
0.0,7.2
0.0,6.384
7527030.0,7.425
0.0,6.032
3310000.0,5.9
0.0,6.0
495268.0,6.7
0.0,7.9
0.0,5.6
456555.0,6.7
0.0,7.048
0.0,4.9
205000000.0,6.9
0.0,6.6
0.0,7.4
0.0,6.6
349757.0,4.0
63501160.0,7.709
0.0,5.2
0.0,5.8
29439.0,6.7
0.0,6.4
0.0,0.0
0.0,7.2
0.0,6.8
0.0,7.7
0.0,6.5
0.0,5.986
0.0,5.905
24571.0,7.07
6807158.0,6.3
0.0,7.6
0.0,5.8
0.0,6.0
0.0,7.5
23099858.0,6.8
95371578.0,6.537
2200000.0,6.8
0.0,6.524
0.0,7.706
8639684.0,6.5
0.0,7.3
0.0,5.7
0.0,0.0
0.0,6.7
0.0,6.4
0.0,6.4
0.0,7.1
0.0,6.4
0.0,6.6
9738741.0,7.334
0.0,6.8
19133454.0,6.3
4298184.0,6.0
18717947.0,6.587
77463.0,7.3
0.0,7.5
0.0,7.3
19754272.0,6.6
0.0,7.3
0.0,7.457
12900000.0,7.338
937490.0,6.0
0.0,8.0
0.0,7.6
0.0,5.8
4093345.0,7.9
0.0,7.1
0.0,6.2
0.0,6.8
0.0,5.9
0.0,6.0
3300000.0,6.9
14037060.0,7.891
0.0,7.423
2419521.0,6.4
0.0,7.9
0.0,7.4
6416063.0,7.3
39300.0,5.8
0.0,6.4
0.0,5.2
17970000.0,6.9
176248.0,6.9
0.0,7.0
0.0,5.4
58340541.0,7.359
4496216.0,5.7
0.0,6.647
171765.0,7.2
0.0,5.7
0.0,5.8
532054.0,6.7
0.0,6.6
0.0,6.7
0.0,5.8
0.0,7.639
0.0,5.8
0.0,7.9
0.0,5.9
0.0,5.3
29855981.0,7.1
384659.0,5.9
0.0,0.0
0.0,7.8
76016171.0,7.0
0.0,5.3
0.0,4.14
0.0,6.9
4500000.0,6.7
0.0,5.9
0.0,7.8
0.0,6.2
15356046.0,7.4
0.0,6.37
0.0,6.225
0.0,7.4
4100000.0,7.7
431020.0,6.0
0.0,6.026
25386.0,5.4
77411570.0,6.0
0.0,6.0
3700000.0,6.7
686257563.0,5.6
0.0,6.1
0.0,6.7
1015760.0,6.3
3200000.0,6.4
0.0,7.2
0.0,6.6
438825.0,6.0
0.0,6.1
0.0,7.5
0.0,6.0
49638.0,6.4
4588389.0,6.6
0.0,8.3
1099426.0,6.3
34561.0,6.706
68152.0,5.7
0.0,6.307
0.0,6.1
0.0,6.7
172919448.0,6.8
0.0,7.1
0.0,6.6
39906.0,4.938
0.0,6.8
0.0,6.4
0.0,5.7
15576286.0,6.8
0.0,6.6
0.0,7.0
0.0,6.3
0.0,6.4
0.0,4.7
15300000.0,7.5
0.0,6.4
0.0,6.3
3157535.0,7.5
43000000.0,7.2
563672.0,5.158
0.0,6.9
0.0,7.799
0.0,7.2
517929.0,5.2
52169.0,5.7
2375190.0,6.736
0.0,6.9
0.0,1.0
27832384.0,6.3
0.0,5.6
0.0,5.0
0.0,6.1
0.0,4.5
29694624.0,7.1
0.0,6.991
0.0,6.3
0.0,6.0
0.0,6.7
22028248.0,6.2
0.0,4.6
0.0,4.0
3889432.0,6.655
0.0,7.1
0.0,5.5
0.0,5.6
0.0,7.5
0.0,5.5
4300000.0,7.2
0.0,6.8
6813652.0,6.7
4849622.0,5.9
0.0,6.5
0.0,6.9
0.0,5.0
0.0,6.315
0.0,6.3
0.0,7.4
0.0,7.0
0.0,8.1
0.0,6.6
2168905.0,7.3
1130225.0,8.2
2480870.0,6.9
5040860.0,6.1
322619.0,6.854
3500000.0,6.178
0.0,7.4
0.0,7.4
0.0,6.3
962689.0,6.2
322000.0,6.914
0.0,6.2
0.0,7.8
1218734.0,7.6
0.0,6.5
700000.0,5.964
0.0,6.2
0.0,7.3
314785.0,5.827
31217372.0,6.8
0.0,6.0
0.0,6.0
0.0,7.3
0.0,6.1
0.0,6.6
0.0,7.6
49158343.0,7.1
0.0,5.7
0.0,7.5
843965.0,6.8
6722205.0,6.7
3615193.0,7.2
0.0,5.1
0.0,6.4
0.0,6.2
0.0,6.7
703281.0,6.5
0.0,7.7
0.0,6.0
0.0,6.5
0.0,6.864
0.0,7.3
0.0,6.5
0.0,6.727
0.0,6.1
16510734.0,5.954
0.0,7.0
0.0,7.403
0.0,6.7
0.0,5.86
0.0,6.4
14000000.0,6.8
813253.0,7.6
0.0,8.284
0.0,6.1
0.0,5.0
0.0,6.9
0.0,4.2
0.0,6.5
0.0,6.9
0.0,4.7
0.0,6.9
26514814.0,7.1
2260859.0,5.4
0.0,0.0
0.0,5.5
0.0,6.1
0.0,5.8
0.0,8.0
0.0,7.8
1548033.0,7.143
510466.0,5.9
0.0,4.6
0.0,6.8
0.0,6.8
0.0,6.9
0.0,8.0
0.0,6.6
0.0,7.0
0.0,5.9
359247.0,7.183
6435260.0,7.0
106645.0,6.7
0.0,6.6
0.0,5.6
0.0,7.0
902540935.0,5.915
0.0,6.8
0.0,5.7
0.0,6.6
0.0,5.7
13457801.0,5.652
0.0,5.4
0.0,6.65
3700000.0,7.3
0.0,4.0
0.0,0.0
0.0,6.8
0.0,6.153
0.0,6.6
1753826.0,6.9
0.0,5.9
0.0,7.1
4345221.0,6.6
0.0,6.6
0.0,6.126
0.0,7.5
5619316.0,7.3
0.0,6.1
0.0,7.2
0.0,7.0
0.0,6.3
365000.0,7.0
0.0,7.8
0.0,7.849
95813.0,5.5
0.0,6.0
5218666.0,6.1
6700000.0,7.0
0.0,5.1
0.0,7.0
3696069.0,7.62
0.0,6.6
212833.0,6.4
0.0,6.8
0.0,5.1
0.0,6.8
0.0,5.5
0.0,8.4
0.0,6.8
0.0,4.0
0.0,7.0
0.0,7.2
0.0,5.5
0.0,6.4
0.0,6.3
29262.0,6.2
596806.0,6.5
1756552.0,7.8
31395.0,5.4
0.0,6.9
0.0,5.357
1474579.0,6.0
47863.0,5.9
0.0,1.0
0.0,6.2
0.0,5.3
0.0,7.2
0.0,6.439
0.0,6.8
0.0,7.3
0.0,6.0
0.0,0.0
0.0,7.0
0.0,5.2
0.0,6.5
0.0,6.842
0.0,6.7
0.0,6.0
0.0,6.574
43663.0,7.7
0.0,6.8
68581.0,4.9
24565.0,6.9
0.0,5.0
0.0,7.842
0.0,6.2
0.0,7.1
0.0,5.1
0.0,6.7
0.0,6.7
0.0,6.1
136579.0,6.048
0.0,6.4
0.0,7.3
0.0,6.4
0.0,6.9
0.0,7.4
750000.0,7.5
23800.0,6.0
2061406.0,6.9
0.0,5.0
1200000.0,6.8
0.0,7.2
712229.0,7.8
0.0,7.141
0.0,6.0
0.0,0.0
0.0,7.7
0.0,5.2
199107.0,5.262
0.0,5.8
0.0,6.5
0.0,4.5
0.0,7.1
0.0,6.0
2404127.0,6.5
0.0,6.0
0.0,6.795
0.0,7.5
0.0,6.5
1024575.0,7.1
3000000.0,6.4
0.0,4.219
0.0,5.52
1875549.0,7.463
0.0,6.7
0.0,8.08
0.0,5.7
0.0,5.572
0.0,5.0
0.0,5.2
39053.0,7.0
0.0,5.8
1090661.0,6.8
41356.0,6.252
182918.0,5.8
0.0,5.4
0.0,5.4
0.0,0.0
0.0,7.0
8600000.0,7.4
0.0,7.2
4181043.0,7.1
0.0,6.6
0.0,7.4
0.0,5.88
0.0,0.0
0.0,7.15
13000000.0,6.3
0.0,7.6
0.0,6.7
0.0,7.0
218511.0,7.3
0.0,5.4
0.0,7.4
0.0,6.5
1866660.0,7.1
0.0,6.3
0.0,6.7
0.0,5.5
24322.0,6.4
0.0,4.9
0.0,5.9
0.0,4.1
0.0,5.7
0.0,7.1
0.0,7.4
0.0,6.0
0.0,7.1
56415.0,6.7
2011012.0,5.6
0.0,9.0
0.0,7.3
0.0,5.7
0.0,4.5
0.0,5.7
0.0,6.1
0.0,7.0
0.0,6.534
1401254.0,5.5
0.0,6.0
0.0,5.0
1436145.0,6.4
0.0,7.1
0.0,5.3
0.0,6.9
0.0,7.0
0.0,6.0
0.0,7.186
0.0,6.0
0.0,5.0
0.0,6.128
0.0,8.0
0.0,6.9
0.0,7.2
0.0,6.0
0.0,5.0
0.0,6.8
847418.0,6.173
0.0,6.4
19002036.0,6.634
0.0,6.5
946634.0,7.9
0.0,6.5
0.0,7.0
0.0,5.6
0.0,6.784
0.0,6.429
0.0,6.2
0.0,5.8
0.0,6.9
0.0,6.0
0.0,3.2
186542.0,7.117
9600000.0,5.6
0.0,5.6
11772156.0,7.7
0.0,6.7
0.0,5.7
1906786.0,7.1
0.0,5.4
0.0,5.6
0.0,7.2
114000000.0,6.9
0.0,6.5
0.0,6.6
0.0,6.2
0.0,5.5
0.0,5.9
0.0,6.1
6666618.0,6.4
0.0,6.105
0.0,6.0
0.0,7.8
0.0,7.0
0.0,6.2
0.0,6.5
0.0,6.4
0.0,6.8
0.0,4.0
0.0,7.0
3701480.0,6.9
0.0,7.3
0.0,5.9
0.0,4.421
0.0,6.0
0.0,8.1
0.0,7.3
0.0,6.6
0.0,6.8
0.0,5.3
0.0,7.832
0.0,6.8
0.0,6.9
0.0,6.2
0.0,5.3
0.0,4.7
0.0,5.4
0.0,5.8
0.0,7.0
0.0,7.0
0.0,5.9
0.0,6.4
0.0,5.7
120806.0,5.636
0.0,6.8
0.0,5.7
15486691.0,8.2
0.0,7.1
0.0,0.0
0.0,5.298
0.0,6.3
0.0,6.786
0.0,4.0
0.0,4.8
0.0,7.4
0.0,5.8
0.0,6.5
0.0,3.5
0.0,6.3
0.0,6.1
0.0,7.7
0.0,6.3
0.0,5.963
0.0,5.3
0.0,6.1
0.0,5.6
0.0,7.9
648100.0,6.5
0.0,7.1
867257.0,5.4
0.0,6.1
0.0,5.4
0.0,6.9
0.0,5.9
11546.0,6.3
0.0,8.0
0.0,5.6
0.0,4.8
0.0,6.5
0.0,6.7
0.0,6.5
786528.0,6.6
0.0,6.8
0.0,6.0
0.0,7.0
677946.0,7.4
0.0,8.5
0.0,6.7
0.0,6.4
0.0,6.308
0.0,5.5
0.0,6.9
31907.0,4.281
0.0,8.1
0.0,6.8
0.0,0.0
0.0,6.2
0.0,5.3
0.0,6.6
0.0,6.0
0.0,6.1
0.0,6.856
0.0,7.2
0.0,6.8
0.0,5.2
0.0,7.1
0.0,4.9
0.0,6.4
0.0,4.8
0.0,7.1
0.0,6.2
985853.0,6.8
0.0,6.9
0.0,6.2
0.0,6.593
0.0,5.8
0.0,6.1
0.0,7.2
0.0,7.1
0.0,7.3
0.0,5.1
0.0,6.9
0.0,7.9
0.0,6.9
0.0,7.1
0.0,4.1
0.0,5.4
0.0,7.4
0.0,5.3
0.0,6.0
0.0,5.9
0.0,6.653
0.0,6.5
0.0,6.7
0.0,7.9
0.0,7.3
0.0,6.495
0.0,6.7
0.0,6.5
589895.0,6.225
0.0,6.3
0.0,5.893
0.0,7.764
0.0,6.551
0.0,6.3
0.0,7.6
3795575.0,5.0
0.0,0.0
0.0,6.8
214390.0,5.8
0.0,6.7
0.0,0.0
0.0,6.6
0.0,6.6
0.0,6.6
0.0,6.2
0.0,5.9
0.0,6.7
19000.0,5.6
0.0,0.0
822049668.0,7.0
0.0,6.8
567955.0,7.1
8356097.0,6.9
0.0,6.2
131357.0,7.512
0.0,6.2
0.0,5.025
0.0,6.0
0.0,6.778
0.0,6.5
0.0,6.3
0.0,6.4
0.0,5.5
0.0,5.9
0.0,5.2
0.0,5.8
0.0,6.931
645949.0,5.4
0.0,6.3
0.0,4.7
0.0,7.0
0.0,6.0
0.0,5.7
0.0,6.2
0.0,7.7
0.0,6.7
0.0,6.1
0.0,6.2
0.0,4.2
0.0,6.4
0.0,5.5
0.0,6.682
5843307.0,5.83
0.0,7.2
0.0,6.7
0.0,6.4
0.0,5.7
0.0,5.9
10532.0,5.3
0.0,6.4
0.0,10.0
360868.0,6.4
0.0,6.6
2893660.0,5.3
0.0,6.6
1505235.0,7.2
30000.0,5.792
0.0,5.6
381303.0,6.5
0.0,5.1
0.0,5.8
882.0,7.2
0.0,5.669
0.0,6.4
27620000.0,7.1
2178083.0,6.6
0.0,5.5
0.0,0.0
0.0,7.0
0.0,6.6
0.0,7.3
0.0,6.9
0.0,4.885
0.0,0.0
4353761.0,5.4
1099943.0,4.0
0.0,5.7
0.0,1.8
0.0,5.938
0.0,7.6
0.0,8.0
0.0,5.9
0.0,5.6
0.0,0.0
0.0,7.271
2044087.0,6.289
0.0,0.0
1042238.0,6.9
0.0,6.0
0.0,3.5
0.0,8.0
0.0,6.7
969204.0,6.8
0.0,6.5
0.0,6.5
0.0,6.5
0.0,7.113
0.0,6.1
2100000.0,8.2
0.0,5.7
0.0,0.0
0.0,6.1
0.0,5.2
0.0,6.6
0.0,6.4
0.0,6.7
0.0,6.0
0.0,5.9
0.0,7.5
0.0,6.3
0.0,6.2
1743.0,6.9
0.0,6.5
0.0,5.2
0.0,5.956
0.0,7.513
0.0,6.0
0.0,6.6
0.0,5.0
0.0,5.228
0.0,7.8
8866.0,5.675
0.0,0.0
125012.0,7.074
0.0,5.2
0.0,7.3
0.0,5.4
0.0,6.7
0.0,5.3
0.0,6.6
0.0,5.4
0.0,0.0
4702781.0,7.643
0.0,5.7
0.0,5.919
0.0,4.5
0.0,6.8
0.0,6.6
0.0,6.6
0.0,6.5
0.0,6.6
0.0,5.9
0.0,6.2
0.0,6.205
25452983.0,7.1
0.0,7.9
0.0,0.0
0.0,7.3
0.0,5.5
0.0,6.5
0.0,5.0
0.0,6.3
0.0,7.1
0.0,5.9
0.0,5.1
0.0,0.0
0.0,6.5
1084503.0,6.7
405421518.0,7.479
0.0,5.894
0.0,6.0
484700000.0,8.219
1488732821.0,8.2
1001978080.0,6.675
2320250281.0,7.608
0.0,6.4
955775804.0,7.267
772319315.0,7.659
859102154.0,7.072
23068596.0,7.285
0.0,5.1
21328962.0,7.349
0.0,8.2
0.0,7.4
407141258.0,6.918
139200000.0,7.759
760900000.0,6.422
217408513.0,6.7
12109608.0,6.824
940203765.0,7.303
0.0,7.698
0.0,6.1
0.0,5.8
9464198.0,7.8
17363261.0,7.1
18500000.0,7.07
108961677.0,7.77
2600000.0,6.8
63363579.0,7.369
872000.0,7.7
150797338.0,7.2
15741780.0,6.7
0.0,7.7
0.0,6.6
0.0,5.4
137743924.0,6.668
393452111.0,6.9
407200000.0,6.648
13000000.0,7.42
0.0,7.785
239300000.0,7.442
250162278.0,7.546
4577403.0,6.5
79628200.0,7.2
10139416.0,7.2
0.0,8.102
20541.0,6.378
0.0,7.047
161440742.0,7.6
0.0,5.778
881.0,7.641
15113105.0,6.7
323638107.0,7.942
19238073.0,6.818
454023.0,6.9
0.0,5.8
0.0,5.0
67319703.0,6.297
0.0,8.7
181796517.0,7.054
86600000.0,7.9
0.0,7.3
101166707.0,7.2
192907684.0,6.493
81403.0,5.881
0.0,6.4
104374176.0,6.1
0.0,5.9
15000000.0,7.051
0.0,5.5
0.0,7.1
69633110.0,7.048
6175213.0,5.406
0.0,5.8
160000000.0,7.747
0.0,6.6
16914773.0,7.342
11426555.0,7.4
0.0,7.7
226425420.0,6.9
0.0,6.5
0.0,6.5
13900000.0,6.8
97300000.0,7.7
0.0,6.2
167635712.0,5.984
0.0,5.2
0.0,6.1
0.0,6.7
0.0,7.0
2122288.0,6.4
56000000.0,6.584
55101305.0,7.832
37289659.0,6.78
0.0,6.114
0.0,6.0
0.0,6.9
0.0,7.026
0.0,7.2
0.0,6.741
86700000.0,6.799
20300000.0,6.9
22500000.0,6.908
0.0,6.3
2543216.0,6.485
137307235.0,6.4
0.0,8.1
9572765.0,6.636
7834405.0,7.7
0.0,7.0
0.0,6.7
0.0,6.6
595112.0,7.687
24733572.0,7.064
29116320.0,6.8
52303589.0,6.647
4495365.0,6.284
45400000.0,6.8
104088441.0,7.0
288670284.0,7.506
37655699.0,6.9
0.0,7.1
0.0,5.7
170823080.0,6.8
3129968.0,7.8
0.0,7.746
0.0,6.4
0.0,6.3
100730000.0,7.048
203000000.0,7.2
20000000.0,7.112
5700000.0,6.8
0.0,6.7
0.0,7.9
0.0,6.5
2100000.0,5.4
0.0,6.6
211674.0,5.8
0.0,7.2
5950199.0,6.4
15511.0,6.5
90410749.0,7.403
100.0,5.5
0.0,7.3
0.0,6.5
75734910.0,7.278
49300000.0,7.5
0.0,6.3
0.0,6.6
0.0,6.5
0.0,5.9
4311284.0,6.9
7589829.0,7.0
0.0,7.0
0.0,5.9
0.0,7.2
0.0,6.8
17288993.0,8.335
0.0,7.4
0.0,7.1
144353965.0,7.563
33628000.0,6.1
55700000.0,6.1
130493.0,4.8
55191.0,6.0
0.0,5.9
0.0,5.8
15902207.0,6.2
0.0,6.7
0.0,6.2
10247262.0,6.5
0.0,7.4
0.0,5.3
45629909.0,7.6
0.0,7.1
0.0,6.7
2613252.0,6.4
0.0,7.356
57490985.0,6.5
0.0,6.6
6909209.0,7.7
0.0,6.0
0.0,6.4
0.0,5.9
0.0,5.7
0.0,7.8
32800000.0,7.5
0.0,6.4
0.0,5.6
0.0,6.0
0.0,6.8
0.0,6.0
0.0,7.672
623190.0,6.997
0.0,7.8
0.0,5.7
21110363.0,6.782
34441594.0,7.184
84774243.0,7.3
0.0,8.2
0.0,6.267
0.0,6.4
0.0,0.0
0.0,6.871
0.0,6.9
0.0,4.2
0.0,7.2
0.0,6.0
2157673.0,6.68
0.0,6.4
0.0,6.1
0.0,7.8
3564844.0,6.7
21591034.0,7.14
0.0,6.9
0.0,6.0
0.0,5.79
69363.0,6.349
15234907.0,7.1
0.0,4.8
0.0,7.7
0.0,6.2
0.0,7.3
0.0,6.87
0.0,8.0
0.0,7.8
9071701.0,7.7
29048571.0,7.1
543064.0,6.598
4000000.0,7.095
42500000.0,6.7
0.0,7.246
1849768.0,6.4
0.0,6.9
168800000.0,6.5
73621640.0,6.322
362113.0,6.2
0.0,0.0
0.0,7.3
0.0,5.1
258000000.0,7.783
0.0,6.3
0.0,7.0
0.0,6.056
0.0,6.0
176048.0,6.2
0.0,7.1
0.0,7.0
492000.0,6.5
0.0,6.4
0.0,6.0
63830.0,6.1
6200000.0,7.1
0.0,7.605
0.0,6.31
0.0,7.5
0.0,6.7
0.0,6.796
0.0,6.7
0.0,4.8
0.0,7.0
0.0,6.7
0.0,1.0
0.0,7.5
0.0,5.8
0.0,7.4
0.0,5.6
21921551.0,6.369
0.0,5.857
1147001.0,6.3
0.0,6.9
263293.0,5.8
0.0,7.0
0.0,4.7
13900000.0,6.2
0.0,6.175
11152071.0,6.1
0.0,6.1
0.0,6.537
0.0,6.871
0.0,7.0
0.0,6.6
0.0,6.1
0.0,7.0
0.0,5.9
0.0,5.5
0.0,6.9
0.0,5.0
365644.0,5.8
0.0,7.4
504843.0,7.5
2200000.0,7.0
0.0,5.7
0.0,5.6
0.0,6.408
0.0,6.4
0.0,6.8
0.0,6.0
0.0,5.9
0.0,6.2
0.0,6.4
0.0,5.5
727153.0,6.784
0.0,6.0
0.0,7.365
0.0,10.0
0.0,6.3
0.0,6.881
0.0,6.7
0.0,6.3
0.0,6.384
0.0,6.595
0.0,6.6
1817696.0,5.863
31245810.0,6.1
18632208.0,7.167
0.0,8.0
19200000.0,7.5
0.0,5.7
0.0,6.1
80340218.0,6.81
0.0,5.7
0.0,6.7
1843824.0,6.0
0.0,7.5
0.0,7.4
0.0,6.3
0.0,6.4
0.0,7.5
0.0,4.4
0.0,5.9
0.0,5.8
0.0,6.7
0.0,7.1
0.0,5.8
0.0,6.825
0.0,6.014
25994.0,6.7
15000000.0,5.557
889529.0,6.368
0.0,6.3
0.0,6.45
0.0,6.3
0.0,5.149
149441.0,6.2
1824152.0,5.7
34963395.0,7.2
0.0,5.5
44000000.0,6.6
0.0,6.4
1252637.0,7.3
0.0,7.3
0.0,5.8
0.0,6.2
193908.0,5.4
0.0,6.8
0.0,6.0
23000.0,5.7
0.0,7.312
3644575.0,6.7
2805642.0,6.5
0.0,6.1
0.0,6.9
0.0,7.6
0.0,7.9
0.0,6.2
0.0,6.0
0.0,7.0
0.0,7.0
0.0,5.3
10370305.0,7.287
92651384.0,7.2
0.0,6.704
1228459.0,5.987
0.0,6.3
0.0,5.1
0.0,5.6
0.0,6.7
0.0,7.112
0.0,5.643
0.0,5.5
0.0,5.5
4551565.0,6.052
0.0,5.2
72699093.0,6.6
0.0,6.2
0.0,0.0
70826303.0,7.5
1707067.0,5.7
7523353.0,7.4
4332386.0,8.3
0.0,5.5
0.0,6.65
0.0,6.6
0.0,6.0
0.0,6.799
0.0,6.3
0.0,6.4
572062.0,5.4
1406501.0,5.559
1891519.0,5.8
0.0,5.6
0.0,6.9
0.0,5.1
0.0,5.6
626203271.0,6.2
0.0,5.8
0.0,7.7
131465.0,6.4
0.0,7.0
0.0,5.7
13900000.0,7.233
0.0,6.4
0.0,5.989
0.0,5.8
0.0,6.7
0.0,6.2
0.0,5.9
60500.0,5.9
0.0,6.8
1379888.0,5.0
0.0,7.7
68598.0,5.3
0.0,5.1
0.0,5.3
0.0,7.3
0.0,6.4
0.0,6.7
0.0,6.2
0.0,6.921
1183336.0,6.522
95244.0,6.2
1483975.0,7.4
5909528.0,7.0
0.0,4.933
58424000.0,7.9
0.0,7.162
0.0,6.3
0.0,6.0
22044058.0,6.0
159780.0,6.1
0.0,8.5
631249.0,6.6
0.0,6.2
0.0,4.0
0.0,7.438
0.0,6.4
356840.0,6.1
34148750.0,7.0
0.0,5.5
0.0,4.3
0.0,7.1
0.0,7.027
0.0,6.5
0.0,5.5
0.0,5.6
9494985.0,7.638
6524886.0,6.5
0.0,6.5
0.0,6.7
5534875.0,6.6
0.0,6.0
0.0,5.586
2551835.0,6.4
0.0,6.7
0.0,5.7
0.0,5.8
0.0,5.6
0.0,4.6
0.0,6.2
0.0,7.6
0.0,7.2
492000.0,5.8
0.0,7.4
0.0,6.3
0.0,6.2
25300000.0,7.4
0.0,4.5
0.0,6.0
0.0,6.7
0.0,5.2
0.0,6.6
0.0,5.7
0.0,7.1
0.0,5.7
14800000.0,6.7
3646605.0,6.71
54172014.0,7.7
0.0,7.0
10238603.0,7.5
0.0,6.2
7375119.0,6.4
0.0,5.725
6999027.0,7.0
0.0,7.2
0.0,6.8
0.0,0.0
0.0,7.437
59800000.0,7.0
0.0,6.4
0.0,4.7
0.0,6.4
0.0,4.2
0.0,5.5
0.0,7.3
0.0,5.7
0.0,6.1
34489.0,5.0
0.0,6.1
0.0,6.3
7589419.0,6.9
121067.0,5.7
0.0,6.3
0.0,7.0
0.0,5.9
0.0,5.5
42566.0,7.076
0.0,8.3
3535910.0,7.4
0.0,6.1
0.0,5.4
0.0,7.1
0.0,6.3
0.0,6.1
0.0,6.5
0.0,6.898
0.0,6.0
0.0,5.2
0.0,5.4
0.0,6.0
0.0,5.0
4061822.0,6.5
0.0,7.1
0.0,7.304
2782770.0,5.7
0.0,6.4
59000000.0,7.1
0.0,6.063
105500000.0,6.7
0.0,6.5
0.0,6.8
0.0,5.3
835162.0,5.2
0.0,7.1
11800000.0,7.8
0.0,4.7
0.0,5.7
0.0,7.3
125000.0,6.6
0.0,7.1
4225720.0,6.628
0.0,6.4
0.0,7.4
0.0,5.9
0.0,6.4
0.0,7.3
0.0,7.0
0.0,6.2
0.0,4.8
0.0,7.449
0.0,7.1
0.0,5.8
0.0,4.5
0.0,6.1
0.0,6.3
0.0,6.0
0.0,6.8
0.0,5.8
6.0,7.499
0.0,7.3
0.0,5.3
3018515.0,5.9
0.0,7.2
0.0,7.0
0.0,6.6
0.0,5.8
0.0,5.0
0.0,5.9
19833.0,6.795
0.0,6.5
0.0,6.1
0.0,8.0
123833.0,5.5
500000.0,6.3
0.0,7.1
0.0,7.1
0.0,6.9
0.0,6.4
71476.0,5.6
0.0,0.0
94909.0,6.6
1031519.0,6.217
457433.0,6.5
0.0,6.8
0.0,6.2
0.0,5.7
11395604.0,6.7
0.0,5.7
0.0,5.9
0.0,6.8
0.0,5.8
0.0,6.1
0.0,6.0
0.0,5.9
0.0,5.3
0.0,7.6
0.0,5.9
0.0,8.1
0.0,5.5
0.0,5.7
10680627.0,7.5
0.0,0.0
0.0,5.3
0.0,7.3
0.0,6.1
0.0,7.3
0.0,3.9
0.0,6.5
0.0,6.6
0.0,6.8
229257.0,6.2
897000.0,7.3
0.0,7.2
0.0,6.6
0.0,4.995
1859871.0,7.0
0.0,6.4
108738.0,5.2
0.0,5.4
0.0,6.1
0.0,7.647
0.0,7.0
0.0,5.8
19724705.0,6.3
0.0,5.8
7283918.0,7.7
0.0,7.0
0.0,6.239
0.0,5.7
28809.0,7.6
0.0,6.2
0.0,5.5
0.0,6.3
9692.0,5.6
69075.0,5.3
42195.0,5.5
0.0,7.5
0.0,6.5
0.0,6.3
0.0,5.4
416721.0,6.404
0.0,7.0
0.0,6.423
0.0,6.3
0.0,7.1
0.0,6.3
0.0,6.1
373043.0,5.8
0.0,7.18
0.0,3.386
0.0,6.9
2535459.0,5.6
116699.0,5.9
138450.0,5.9
0.0,5.6
0.0,5.3
0.0,5.3
0.0,6.8
0.0,6.1
0.0,7.0
0.0,5.9
0.0,7.5
0.0,6.8
0.0,6.9
0.0,6.2
0.0,6.2
0.0,5.8
0.0,6.1
0.0,5.0
304106.0,6.8
0.0,7.0
0.0,7.4
0.0,5.6
20617005.0,7.2
3813788.0,6.9
0.0,5.9
0.0,6.4
0.0,6.7
0.0,6.9
0.0,6.7
0.0,5.2
0.0,6.3
0.0,7.4
0.0,6.5
0.0,5.9
0.0,7.221
0.0,7.5
11498884.0,7.4
0.0,5.8
0.0,7.495
0.0,6.0
0.0,4.3
0.0,7.1
0.0,6.6
0.0,5.6
0.0,6.4
0.0,5.9
4717597.0,6.024
0.0,6.907
0.0,6.8
52885.0,6.6
0.0,5.2
0.0,6.0
0.0,7.0
0.0,4.3
0.0,0.0
0.0,5.8
30556.0,6.3
0.0,7.2
0.0,3.5
0.0,7.0
0.0,6.6
1380392.0,6.5
0.0,7.1
0.0,6.7
0.0,6.4
0.0,6.5
0.0,6.2
9598008.0,6.5
0.0,5.7
6667598.0,6.8
121000.0,6.4
0.0,5.9
0.0,4.9
0.0,5.9
4683403.0,6.3
0.0,5.6
0.0,6.3
0.0,6.3
0.0,6.8
2046233.0,6.8
0.0,5.8
96206.0,5.3
0.0,6.3
0.0,5.186
0.0,6.3
558917.0,5.904
0.0,5.9
11196824.0,7.4
0.0,6.2
0.0,5.2
1068353.0,6.518
0.0,5.333
0.0,6.9
0.0,5.0
0.0,6.231
0.0,4.9
0.0,6.9
0.0,6.3
152000000.0,6.3
0.0,5.7
0.0,6.6
3467232.0,7.0
0.0,7.1
0.0,5.9
398876.0,5.556
18612962.0,7.6
575385.0,6.8
0.0,6.2
0.0,5.2
0.0,6.2
0.0,7.2
30272.0,5.9
2035911.0,6.3
0.0,6.9
0.0,6.2
0.0,6.801
18600000.0,6.8
0.0,8.9
2280590.0,7.7
0.0,6.5
0.0,5.2
568330.0,6.0
0.0,6.9
0.0,4.8
0.0,5.2
0.0,6.7
0.0,6.8
0.0,6.2
0.0,4.3
0.0,6.3
508000.0,6.3
0.0,6.7
0.0,8.3
0.0,5.7
0.0,0.0
0.0,5.7
785361.0,7.7
0.0,6.6
0.0,6.3
0.0,7.3
0.0,5.3
0.0,5.3
0.0,6.1
0.0,3.3
0.0,5.9
0.0,6.4
0.0,6.9
2329813.0,6.035
13877.0,5.9
0.0,7.0
0.0,4.2
0.0,6.7
5934907.0,5.8
0.0,5.3
0.0,7.3
0.0,6.0
0.0,5.857
0.0,4.9
587339.0,8.4
0.0,5.9
0.0,5.0
2352175.0,4.6
0.0,7.0
0.0,6.173
0.0,6.125
0.0,5.4
0.0,6.5
0.0,6.6
859340.0,7.6
450255.0,6.98
0.0,4.3
0.0,5.8
0.0,7.6
0.0,5.5
3092534.0,6.2
0.0,7.1
0.0,5.8
7295051.0,6.0
0.0,4.5
0.0,4.6
0.0,5.7
0.0,5.3
0.0,6.5
0.0,5.4
0.0,6.836
1051375.0,7.2
155392.0,6.9
33674.0,6.3
0.0,5.917
0.0,5.2
216220.0,6.322
0.0,6.57
0.0,6.2
0.0,6.0
0.0,6.4
0.0,6.8
0.0,5.9
27322.0,7.003
0.0,7.0
0.0,6.8
0.0,4.4
2976.0,6.4
0.0,5.1
0.0,6.4
0.0,5.8
1560518.0,6.9
0.0,5.8
0.0,6.5
0.0,6.0
823074.0,6.2
0.0,5.3
0.0,5.1
1478358.0,7.5
0.0,3.6
1000884.0,6.3
18114769.0,7.073
0.0,5.6
0.0,6.8
0.0,6.7
0.0,5.7
0.0,6.6
0.0,7.4
0.0,6.5
0.0,6.909
1594998.0,6.2
0.0,8.0
0.0,5.5
46666.0,6.864
0.0,6.5
0.0,6.1
0.0,5.7
0.0,8.9
10911075.0,6.7
0.0,5.3
0.0,7.5
0.0,5.6
0.0,5.9
11795.0,5.219
3285760.0,6.5
0.0,6.1
0.0,8.6
0.0,5.9
0.0,6.1
1085112.0,5.411
32000000.0,6.4
0.0,4.85
0.0,5.8
21348.0,4.9
0.0,5.1
3324521.0,6.773
369419.0,4.9
0.0,5.5
0.0,6.9
0.0,5.4
0.0,6.8
0.0,6.8
0.0,6.0
0.0,4.8
0.0,4.6
0.0,7.763
0.0,7.6
1512938.0,6.8
5175806.0,6.8
0.0,6.0
0.0,4.9
0.0,5.988
0.0,5.0
0.0,7.0
3744712.0,7.1
6019720.0,7.1
60447800.0,7.2
0.0,7.2
270613.0,6.2
0.0,5.2
0.0,6.375
0.0,6.4
0.0,4.7
0.0,5.7
41000000.0,7.9
0.0,7.1
16000000.0,6.5
0.0,4.8
0.0,6.409
0.0,2.0
0.0,7.1
0.0,6.5
0.0,4.8
491737.0,5.7
0.0,7.401
3614838.0,7.059
0.0,5.4
0.0,5.6
0.0,5.9
0.0,6.9
0.0,7.8
0.0,5.675
0.0,6.9
0.0,7.0
222230.0,7.2
0.0,5.1
0.0,9.0
0.0,8.1
0.0,6.8
0.0,5.2
0.0,6.8
0.0,6.1
0.0,6.1
0.0,6.2
0.0,6.0
0.0,5.4
0.0,7.368
0.0,4.7
0.0,6.2
1946816.0,6.3
389447.0,6.4
0.0,4.007
0.0,7.5
0.0,5.8
0.0,5.5
0.0,6.5
2013434.0,5.5
0.0,6.9
0.0,5.2
0.0,7.305
0.0,6.6
4283431.0,6.369
0.0,5.1
0.0,3.7
0.0,6.2
0.0,3.8
0.0,5.4
39773.0,6.096
0.0,7.8
0.0,8.4
704709660.0,7.1
1362000000.0,7.6
440157245.0,7.722
441381193.0,7.248
952000000.0,8.1
298776052.0,7.4
690897910.0,8.347
65452.0,5.4
567535383.0,7.532
37917985.0,6.137
496444308.0,7.617
115857413.0,7.6
4082217.0,7.895
1445638421.0,7.0
0.0,6.9
0.0,7.2
214891370.0,6.9
254997360.0,6.3
845600000.0,7.952
191067560.0,7.317
384056482.0,6.45
0.0,6.7
632302312.0,7.093
0.0,8.8
569626289.0,6.3
439381226.0,6.618
271333313.0,6.67
92000000.0,7.2
20000000.0,7.8
297144130.0,7.489
117607117.0,7.703
202231360.0,7.0
0.0,7.3
15150000.0,7.6
294200000.0,7.448
146700000.0,6.9
0.0,6.938
0.0,5.5
269670590.0,6.714
383963057.0,6.56
2000000.0,6.7
0.0,5.7
2318915.0,6.8
0.0,6.8
208200000.0,7.343
168961389.0,7.0
207318137.0,7.303
40208268.0,7.617
121700000.0,7.767
37800000.0,6.484
0.0,7.4
207089999.0,6.028
59256423.0,7.0
52631884.0,7.04
0.0,6.0
0.0,7.433
369081777.0,7.1
134038006.0,6.492
156922344.0,7.436
1500000.0,6.638
0.0,7.5
0.0,6.2
0.0,7.445
104272136.0,7.067
83000000.0,6.755
0.0,6.27
1281.0,8.0
0.0,6.429
0.0,6.586
83410298.0,7.2
130788072.0,6.712
220597098.0,6.4
10644463.0,6.903
76987621.0,7.0
337371917.0,7.038
17974964.0,7.202
275300000.0,7.1
46247409.0,7.2
0.0,8.0
0.0,7.3
0.0,5.7
0.0,7.4
0.0,7.512
0.0,6.7
0.0,4.8
180513586.0,7.2
9112817.0,6.5
0.0,4.4
0.0,5.5
125319714.0,7.2
476071180.0,6.297
0.0,6.3
0.0,8.176
189086877.0,6.6
0.0,6.399
46553280.0,6.531
4918295.0,6.8
3800000.0,7.533
250600000.0,8.0
0.0,6.368
0.0,5.752
136284218.0,5.899
0.0,8.0
0.0,5.979
0.0,6.2
106771806.0,6.9
18685751.0,6.607
4656348.0,8.0
0.0,5.8
6671780.0,6.563
6850036.0,6.68
0.0,9.1
7100000.0,6.463
53929.0,7.3
35634133.0,7.549
60730568.0,6.0
12480.0,6.0
0.0,6.703
28126646.0,7.7
30140906.0,6.8
34210966.0,6.3
0.0,5.48
21730766.0,6.442
90100000.0,7.337
0.0,6.4
0.0,7.0
0.0,5.6
1743976.0,7.29
0.0,6.0
74515586.0,6.9
24094016.0,7.75
0.0,6.131
0.0,5.7
615023132.0,7.271
0.0,6.933
2050242.0,7.6
7000000.0,6.365
0.0,6.6
0.0,7.009
168000.0,7.1
2110014.0,6.7
42513270.0,7.7
0.0,6.5
302271.0,4.881
5569593.0,6.5
0.0,5.3
0.0,7.3
16014123.0,6.229
0.0,7.2
21761164.0,8.4
0.0,6.7
49849677.0,8.143
0.0,6.0
311198.0,6.4
0.0,2.0
0.0,6.6
21013738.0,7.0
1216642.0,6.3
4710394.0,6.9
9400000.0,6.8
3138750.0,6.884
0.0,8.388
0.0,5.6
261656269.0,8.2
0.0,6.4
0.0,6.641
0.0,7.6
21600000.0,6.783
0.0,7.1
0.0,5.2
0.0,7.152
107398.0,5.023
54700000.0,6.3
88314672.0,6.039
0.0,6.463
0.0,6.441
0.0,5.538
0.0,6.4
0.0,5.4
0.0,6.8
46497678.0,4.9
0.0,7.0
32000000.0,7.2
8799528.0,8.0
5078400.0,6.1
0.0,6.3
7807.0,6.5
0.0,5.6
14864960.0,7.472
221982308.0,6.5
0.0,6.428
26874347.0,6.496
0.0,5.9
88902.0,7.1
0.0,6.0
0.0,7.2
0.0,4.9
0.0,6.2
0.0,4.2
0.0,5.1
1560142.0,6.01
91608950.0,7.3
0.0,8.3
87229100.0,6.8
0.0,6.196
0.0,5.63
0.0,7.2
159959.0,6.4
0.0,6.553
121400000.0,6.607
0.0,6.5
0.0,6.9
136698671.0,7.145
22483370.0,7.317
47281670.0,6.464
108300000.0,6.363
0.0,6.0
581423.0,6.1
0.0,6.84
2119043.0,7.8
324522.0,6.7
0.0,3.2
0.0,6.2
0.0,7.879
0.0,7.0
31843086.0,7.0
40130232.0,7.536
0.0,5.4
0.0,6.52
0.0,6.7
0.0,0.0
0.0,5.9
7600000.0,7.7
0.0,6.3
67519192.0,7.1
51437352.0,7.8
0.0,5.7
0.0,5.0
2471778.0,7.8
0.0,5.8
0.0,7.3
0.0,4.5
11033636.0,6.7
0.0,7.957
0.0,6.0
0.0,6.1
0.0,6.7
0.0,7.898
0.0,6.0
36232675.0,7.3
16630.0,7.0
3637940.0,6.7
0.0,6.2
80564.0,0.0
899683.0,5.8
0.0,7.1
0.0,6.9
0.0,6.0
0.0,5.686
0.0,5.5
10000000.0,6.731
39220516.0,6.4
0.0,5.9
0.0,6.3
0.0,5.8
0.0,7.0
117449790.0,6.5
0.0,7.875
0.0,6.1
0.0,6.4
362113.0,6.566
0.0,6.9
0.0,5.8
0.0,6.749
0.0,6.433
0.0,5.6
0.0,3.4
52000000.0,6.5
9138503.0,7.022
0.0,8.394
16000000.0,6.1
476375.0,5.9
0.0,7.3
0.0,5.9
0.0,7.5
0.0,6.5
0.0,6.0
0.0,6.5
0.0,7.24
53400000.0,6.968
0.0,8.599
1697993.0,6.6
0.0,6.881
0.0,6.331
4800000.0,5.7
0.0,6.593
0.0,7.7
1022551.0,5.969
45100756.0,7.43
15787771.0,6.9
0.0,0.0
1700000.0,7.3
0.0,8.3
0.0,7.2
0.0,6.9
42423217.0,7.9
0.0,6.4
0.0,6.2
0.0,7.7
0.0,6.5
0.0,6.4
5400000.0,6.758
0.0,7.7
0.0,8.1
0.0,7.7
1778572.0,6.1
0.0,7.2
12337378.0,6.7
0.0,5.317
0.0,3.0
0.0,6.6
0.0,6.1
0.0,5.1
0.0,5.1
0.0,6.8
0.0,4.7
54578820.0,7.0
0.0,7.026
14114415.0,6.7
20703794.0,6.7
0.0,6.7
2349665.0,7.225
0.0,7.214
0.0,6.7
0.0,10.0
0.0,6.6
1091821.0,6.9
0.0,6.4
0.0,6.1
0.0,6.8
0.0,6.0
0.0,6.0
0.0,0.0
0.0,6.0
0.0,6.2
5970753.0,7.1
0.0,6.0
0.0,6.1
0.0,6.1
2100000.0,5.3
170000.0,5.612
28900000.0,6.977
0.0,6.3
0.0,7.594
4232370.0,6.6
0.0,7.3
0.0,7.6
0.0,4.7
0.0,5.8
0.0,6.6
0.0,6.783
0.0,4.8
0.0,6.1
0.0,5.9
0.0,5.7
0.0,7.4
0.0,6.7
0.0,6.9
0.0,7.0
2600000.0,7.1
13000000.0,6.957
0.0,7.0
0.0,6.5
0.0,7.0
2100000.0,5.428
0.0,5.7
0.0,4.5
0.0,6.0
0.0,5.8
0.0,7.2
0.0,4.0
0.0,6.4
0.0,5.7
0.0,7.539
0.0,7.8
0.0,6.4
0.0,9.3
0.0,7.8
4933288.0,7.3
0.0,6.576
0.0,6.8
0.0,6.7
0.0,5.777
0.0,6.544
2900000.0,6.7
0.0,6.2
0.0,7.1
0.0,5.5
0.0,5.9
0.0,6.2
2116112.0,7.0
0.0,6.6
0.0,5.629
4834952.0,6.7
21000.0,7.983
0.0,6.7
0.0,6.2
8300000.0,8.0
0.0,6.4
66978229.0,6.4
5914.0,6.3
12976079.0,6.7
0.0,5.5
0.0,6.892
0.0,5.677
54300000.0,5.0
0.0,6.0
0.0,6.9
165485.0,5.6
0.0,6.0
0.0,7.2
0.0,6.822
0.0,5.8
2147526.0,6.9
0.0,6.0
0.0,5.7
0.0,7.5
7717044.0,5.037
0.0,6.1
0.0,6.25
0.0,6.3
0.0,5.2
0.0,7.7
15800000.0,6.6
0.0,6.6
4123091.0,7.3
0.0,6.0
34900000.0,6.0
0.0,6.6
0.0,5.7
0.0,6.4
0.0,6.5
0.0,5.4
0.0,6.5
0.0,7.7
0.0,5.8
130000000.0,6.515
0.0,7.109
123000.0,4.51
0.0,6.193
0.0,6.4
0.0,6.284
0.0,7.5
0.0,6.5
0.0,7.0
0.0,6.8
0.0,6.4
0.0,7.2
0.0,6.929
0.0,6.6
0.0,6.4
3900000.0,6.063
0.0,5.7
0.0,7.1
0.0,2.3
97578.0,7.4
0.0,5.59
0.0,4.9
0.0,7.225
0.0,6.2
29637811.0,6.3
0.0,6.2
4393504.0,5.5
0.0,6.4
21800000.0,7.2
0.0,7.14
0.0,0.0
0.0,7.9
0.0,7.3
0.0,6.9
0.0,7.0
37475850.0,7.042
14582.0,6.2
18167819.0,6.1
6500000.0,6.8
0.0,5.9
0.0,6.0
0.0,7.6
0.0,6.2
0.0,6.2
18062279.0,6.4
0.0,6.354
9263009.0,6.7
0.0,5.5
0.0,7.4
0.0,6.1
0.0,6.1
0.0,7.2
0.0,6.8
188292.0,6.0
0.0,6.7
0.0,7.2
0.0,5.1
0.0,5.2
0.0,7.8
0.0,5.3
0.0,5.28
4200000.0,6.3
0.0,6.3
6800.0,7.6
0.0,4.8
0.0,6.1
0.0,4.7
0.0,8.0
136090000.0,6.938
0.0,5.2
0.0,5.6
23839864.0,6.875
15648.0,6.0
633385.0,5.9
0.0,6.7
138617.0,6.5
0.0,6.931
0.0,4.5
0.0,6.0
1418682.0,6.4
0.0,7.0
7702015.0,7.2
0.0,6.4
10064347.0,7.6
0.0,5.7
0.0,6.0
0.0,6.068
0.0,5.8
1193593.0,7.0
0.0,6.8
7778330.0,7.9
0.0,6.5
15410325.0,7.0
92360.0,7.2
0.0,6.9
882348.0,6.4
956832.0,7.9
1295585.0,6.2
0.0,6.8
0.0,5.8
0.0,6.288
0.0,6.6
0.0,5.3
0.0,5.611
0.0,5.5
0.0,6.7
0.0,5.93
0.0,6.0
0.0,6.7
0.0,6.6
0.0,5.6
0.0,6.2
0.0,5.0
0.0,6.1
0.0,5.8
0.0,7.8
313000.0,7.2
0.0,4.8
0.0,6.3
1455713.0,7.5
0.0,5.3
877412.0,5.4
1600000.0,7.1
92718.0,6.522
4155903.0,7.4
0.0,7.3
0.0,7.996
0.0,5.8
1049121.0,6.169
0.0,6.0
0.0,0.0
0.0,5.6
0.0,5.7
0.0,6.1
0.0,6.2
0.0,4.7
0.0,3.3
2196991.0,7.1
34112816.0,6.6
0.0,6.8
0.0,7.2
1103374.0,6.3
0.0,6.0
0.0,6.5
300000.0,6.333
0.0,6.6
0.0,6.9
54401583.0,7.3
0.0,6.3
5099005.0,7.0
0.0,5.6
0.0,5.3
42686993.0,6.5
0.0,6.6
0.0,6.3
0.0,6.5
0.0,5.8
334039200.0,6.5
0.0,6.2
392846.0,5.9
0.0,7.3
0.0,6.3
0.0,4.9
0.0,6.9
1506008.0,6.1
0.0,6.987
0.0,6.1
0.0,6.572
1504289.0,5.6
0.0,6.019
0.0,4.3
0.0,7.4
52300000.0,6.6
0.0,6.0
0.0,5.2
0.0,6.965
0.0,6.0
0.0,5.4
0.0,7.1
8093685.0,6.7
80504376.0,6.4
0.0,6.76
0.0,6.6
460904.0,6.1
0.0,7.3
0.0,6.7
0.0,6.4
0.0,5.7
0.0,6.8
0.0,6.7
0.0,6.0
0.0,5.3
296276.0,5.8
0.0,8.3
1395922.0,7.5
0.0,6.8
0.0,6.6
0.0,6.344
0.0,6.8
0.0,6.8
6136329.0,6.1
2037563.0,6.3
0.0,7.7
0.0,5.6
0.0,6.989
970781.0,5.2
0.0,7.0
0.0,8.0
0.0,5.6
0.0,7.6
12400000.0,7.2
0.0,6.3
0.0,6.633
16991.0,5.1
0.0,6.6
0.0,5.7
0.0,5.6
0.0,6.9
27849137.0,6.304
29291883.0,8.25
14000000.0,6.0
0.0,6.313
0.0,6.1
0.0,7.3
0.0,7.8
0.0,6.6
0.0,4.8
0.0,5.8
0.0,5.9
0.0,6.7
2000000.0,7.2
0.0,7.1
0.0,7.0
534000.0,6.2
861000.0,7.453
282000.0,5.8
0.0,7.5
0.0,7.1
0.0,0.0
0.0,6.3
6262663.0,5.7
0.0,5.891
0.0,6.5
0.0,5.8
0.0,7.037
0.0,6.5
0.0,6.1
0.0,8.3
4175869.0,7.3
0.0,3.7
0.0,5.7
0.0,6.2
0.0,7.8
0.0,5.7
522875.0,4.8
0.0,6.1
0.0,6.8
0.0,6.3
10898395.0,6.0
0.0,5.8
0.0,4.6
10436638.0,6.4
600376.0,6.458
0.0,0.0
0.0,4.6
0.0,0.0
9184966.0,7.7
0.0,6.2
0.0,4.8
673556758.0,5.9
0.0,5.4
47000000.0,5.837
0.0,7.5
0.0,5.778
3767399.0,6.2
0.0,6.2
0.0,5.9
0.0,6.2
0.0,6.3
0.0,6.7
0.0,6.5
0.0,5.9
0.0,6.0
36171.0,5.4
0.0,7.4
0.0,6.4
0.0,6.9
0.0,7.1
1194805.0,7.0
0.0,6.5
420350.0,5.4
14990406.0,5.924
0.0,7.0
53095.0,5.9
0.0,5.7
14707.0,6.7
0.0,1.0
0.0,7.1
0.0,6.1
71772785.0,6.9
0.0,6.6
0.0,6.2
0.0,5.5
108288.0,4.0
25985603.0,8.0
0.0,6.2
0.0,4.8
0.0,7.6
0.0,4.0
0.0,5.7
0.0,5.7
2232542.0,7.708
0.0,7.1
0.0,7.9
0.0,5.8
0.0,7.0
0.0,6.6
4400000.0,6.5
0.0,6.6
51000.0,6.4
1000000.0,5.7
0.0,5.4
0.0,8.1
0.0,5.6
0.0,5.9
0.0,6.0
0.0,4.4
0.0,5.6
0.0,5.1
0.0,6.6
101045.0,6.9
0.0,6.3
0.0,6.6
0.0,7.7
0.0,6.1
0.0,6.1
0.0,6.4
0.0,7.0
0.0,6.3
0.0,7.2
0.0,5.1
3890008.0,6.9
0.0,5.8
0.0,5.426
0.0,6.3
0.0,5.6
0.0,8.1
0.0,5.5
0.0,5.1
0.0,6.6
0.0,4.3
252520750.0,7.5
0.0,5.2
0.0,5.5
0.0,6.2
0.0,6.2
15055.0,6.7
604830.0,5.7
1057090.0,6.4
0.0,7.1
0.0,5.6
0.0,7.0
0.0,5.9
0.0,6.2
0.0,5.8
6800000.0,6.1
0.0,7.3
0.0,5.8
0.0,7.0
0.0,5.8
0.0,5.8
0.0,4.1
0.0,7.5
0.0,4.8
0.0,6.2
0.0,3.2
158787.0,6.401
0.0,6.6
666482.0,6.1
0.0,0.0
3452861.0,6.361
0.0,6.0
0.0,5.0
0.0,5.9
0.0,2.7
0.0,5.489
31104.0,5.3
0.0,6.5
0.0,6.2
0.0,5.6
4474931.0,6.607
3900000.0,6.798
0.0,8.0
0.0,7.0
685093.0,6.9
0.0,5.9
0.0,6.0
103000.0,6.5
1006815.0,6.5
0.0,6.6
537974.0,6.0
0.0,5.0
0.0,0.0
0.0,6.5
929614.0,6.1
0.0,6.4
0.0,6.1
0.0,4.0
55009.0,6.2
0.0,6.6
0.0,5.3
10950000.0,5.977
0.0,5.8
0.0,8.5
44029271.0,8.6
0.0,4.0
0.0,7.027
3800000.0,7.2
0.0,6.8
0.0,3.2
0.0,5.8
7039677.0,6.4
0.0,6.17
13325763.0,5.8
0.0,4.0
0.0,4.6
0.0,5.523
0.0,6.5
0.0,7.2
0.0,5.8
0.0,7.3
5000000.0,6.4
716644.0,6.989
501000000.0,6.1
0.0,5.8
0.0,5.5
3557686.0,5.969
0.0,6.2
0.0,8.272
3395595.0,6.6
0.0,5.4
0.0,4.3
0.0,6.2
0.0,5.0
0.0,6.4
88944.0,5.3
0.0,7.148
0.0,5.4
0.0,7.4
0.0,6.579
0.0,7.9
0.0,6.6
0.0,8.3
0.0,0.0
0.0,6.648
12238643.0,6.2
0.0,6.8
0.0,6.3
7004555.0,5.91
0.0,7.1
0.0,5.8
0.0,7.8
0.0,5.6
0.0,5.828
0.0,6.936
0.0,6.8
0.0,6.8
0.0,6.4
110722.0,6.9
0.0,4.9
0.0,7.033
3649422.0,4.848
0.0,6.7
67136.0,4.3
0.0,5.1
0.0,6.7
1400000.0,7.4
0.0,0.0
5097243.0,6.7
17265487.0,6.8
1234483.0,6.7
0.0,7.2
0.0,3.0
0.0,5.8
953672.0,7.2
0.0,6.1
494402.0,7.0
0.0,6.7
0.0,6.3
0.0,8.2
0.0,5.5
0.0,4.0
0.0,4.5
0.0,5.7
4324164.0,6.5
3800000.0,7.1
0.0,6.381
0.0,6.4
9235757.0,7.6
0.0,2.5
0.0,6.591
0.0,6.9
708854.0,5.8
0.0,5.8
0.0,5.8
0.0,0.0
2168.0,6.2
0.0,7.8
0.0,6.7
0.0,6.8
0.0,6.549
0.0,3.2
0.0,6.1
0.0,7.0
0.0,5.0
0.0,4.2
0.0,6.876
0.0,5.8
0.0,5.8
1363827.0,7.6
0.0,4.2
0.0,7.4
0.0,6.3
0.0,6.4
0.0,6.7
2305305.0,6.3
0.0,7.667
0.0,7.3
0.0,4.0
0.0,6.2
0.0,7.3
0.0,7.1
0.0,2.3
0.0,4.8
0.0,5.6
0.0,6.3
3500000.0,7.086
0.0,6.234
0.0,6.846
0.0,5.3
0.0,6.1
630000.0,6.5
0.0,6.6
0.0,5.2
700197856.0,7.467
472518457.0,7.742
1044396565.0,7.1
0.0,7.44
42333207.0,7.055
59184643.0,6.7
478103649.0,6.786
458718000.0,6.767
41360246.0,7.065
76506196.0,7.1
38475235.0,7.1
1189972.0,7.8
4210676.0,7.038
6331827.0,6.8
0.0,8.303
3300000.0,6.5
728145850.0,6.9
150254414.0,6.8
969280910.0,7.06
331982078.0,8.3
95579868.0,7.1
177225075.0,6.686
1338073645.0,7.619
54000000.0,7.1
185700759.0,7.1
19958572.0,6.647
1698863816.0,7.6
3854594.0,5.896
0.0,7.014
1052998.0,6.238
0.0,6.193
51913394.0,7.2
0.0,7.322
0.0,6.899
0.0,7.1
2851181.0,6.491
350865342.0,7.2
500000.0,6.715
404547819.0,7.384
138083280.0,6.586
0.0,6.243
0.0,6.3
0.0,6.846
128888103.0,8.095
631272.0,6.0
714444358.0,8.148
15366077.0,6.856
859453.0,6.1
89947122.0,6.9
0.0,6.4
0.0,6.121
20120006.0,7.6
0.0,6.907
60934894.0,5.793
54114815.0,6.9
191452.0,7.608
29940623.0,7.9
0.0,6.3
548040835.0,7.074
0.0,5.9
0.0,6.6
99296.0,6.067
0.0,6.245
32224616.0,6.793
571750016.0,7.111
0.0,6.135
173775791.0,7.491
0.0,5.5
24109036.0,5.8
75360860.0,8.0
0.0,6.7
254907482.0,7.082
12907944.0,7.5
110280739.0,7.196
397378150.0,7.1
0.0,7.8
190309707.0,7.1
0.0,6.0
0.0,5.2
20581325.0,6.786
261907653.0,6.7
0.0,6.3
0.0,7.5
0.0,5.6
1699044.0,6.698
126542249.0,6.9
0.0,6.0
0.0,5.6
0.0,5.7
15848000.0,6.6
0.0,7.345
0.0,6.2
0.0,7.1
0.0,5.1
0.0,6.7
3504687.0,6.9
14602614.0,6.4
262793.0,6.677
6283415.0,7.0
42791449.0,6.8
1359330.0,6.2
0.0,6.9
0.0,6.093
5343031.0,7.7
0.0,7.1
0.0,6.0
0.0,7.2
0.0,5.0
53992802.0,6.8
152720535.0,7.337
7614966.0,7.256
2826064.0,6.2
0.0,7.2
0.0,5.1
126942386.0,6.6
0.0,5.4
6206231.0,7.6
578924.0,5.0
0.0,6.75
2014050.0,5.3
0.0,6.0
76756109.0,7.3
206400287.0,5.489
0.0,8.4
21478573.0,5.675
0.0,6.9
0.0,7.0
0.0,5.3
370962265.0,6.9
0.0,7.0
350993761.0,7.071
3301976.0,7.1
525704.0,6.2
864825.0,6.2
0.0,5.7
15469415.0,7.173
0.0,7.0
0.0,7.9
170737.0,5.806
0.0,6.057
32978510.0,5.7
7582541.0,6.026
21768945.0,6.2
3165361.0,5.3
0.0,6.3
181073291.0,7.0
0.0,6.4
0.0,6.4
451100435.0,7.063
0.0,4.9
5928351.0,6.4
37182814.0,7.4
14291561.0,7.362
1970445.0,6.643
0.0,6.7
852000.0,6.996
17279457.0,6.8
0.0,7.2
692018.0,6.1
12755520.0,8.35
0.0,7.7
7125.0,7.0
209307.0,6.5
0.0,7.1
251071.0,7.1
0.0,6.3
0.0,6.549
35340015.0,6.24
13857002.0,5.276
49256239.0,6.5
7478666.0,6.8
0.0,5.2
46393906.0,6.676
0.0,6.214
0.0,6.0
0.0,5.3
5000.0,7.03
0.0,6.0
0.0,7.527
29715044.0,7.1
0.0,6.6
7021101.0,7.3
32227855.0,6.829
0.0,6.523
21418477.0,6.816
470300.0,7.7
36178.0,7.399
0.0,7.0
109500000.0,7.5
2160.0,8.5
15102319.0,6.8
0.0,6.8
0.0,5.2
0.0,6.987
0.0,6.1
82677281.0,6.394
0.0,4.9
0.0,6.2
0.0,6.5
0.0,7.3
5600000.0,7.1
12648664.0,8.0
0.0,5.8
0.0,6.944
47300.0,6.0
3401789.0,7.593
0.0,5.2
5705895.0,6.9
12977758.0,6.0
0.0,6.2
0.0,6.7
0.0,0.0
0.0,5.5
0.0,6.375
0.0,6.4
95399186.0,7.0
3865730.0,6.915
16219846.0,7.8
0.0,6.8
0.0,6.8
0.0,5.6
51147812.0,6.4
0.0,6.4
126540.0,6.3
771460.0,6.6
199000000.0,6.762
94182533.0,7.0
0.0,7.7
0.0,4.8
0.0,6.6
0.0,7.5
100498764.0,5.4
0.0,6.2
0.0,7.0
2106733.0,6.6
0.0,6.4
201967521.0,6.5
1169365.0,7.0
504938.0,6.5
0.0,5.346
8460800.0,6.9
0.0,5.4
0.0,5.672
0.0,6.1
0.0,7.217
0.0,5.4
40392664.0,8.3
0.0,6.838
0.0,6.5
0.0,6.7
0.0,6.4
0.0,6.219
0.0,5.694
12610418.0,5.1
35271631.0,6.9
48166448.0,5.767
21719459.0,6.6
0.0,7.2
19077748.0,6.8
22057160.0,6.367
0.0,5.4
0.0,6.662
0.0,6.232
43787034.0,5.989
0.0,5.9
0.0,6.456
0.0,5.8
0.0,6.0
0.0,7.6
5737.0,4.129
100255784.0,7.6
1090798.0,6.324
0.0,6.6
0.0,4.4
6680396.0,5.8
318618.0,6.4
0.0,5.7
0.0,6.2
0.0,4.3
0.0,6.1
0.0,5.094
38235702.0,6.908
0.0,6.6
15348026.0,6.1
0.0,7.326
664443.0,6.4
0.0,5.8
0.0,5.5
4258197.0,5.7
97974828.0,7.5
0.0,7.0
0.0,7.1
0.0,7.5
0.0,9.0
0.0,5.6
0.0,6.8
150008115.0,7.1
851156.0,6.2
0.0,6.6
36010728.0,7.3
0.0,6.6
12778225.0,6.579
0.0,5.6
0.0,6.1
141000000.0,6.4
0.0,0.0
42247783.0,6.866
0.0,5.9
4210306.0,5.2
2.0,6.9
0.0,7.4
0.0,6.5
0.0,7.11
0.0,5.116
3983828.0,6.9
3139717.0,6.8
1430985.0,6.4
0.0,6.5
0.0,5.7
0.0,6.7
23508220.0,7.091
128093757.0,7.4
0.0,6.138
2365956.0,6.663
0.0,7.7
5101673.0,6.832
65000000.0,6.8
0.0,5.6
73800000.0,8.1
51860.0,6.0
0.0,1.0
10824208.0,6.582
83703350.0,6.8
0.0,6.1
0.0,5.828
13368094.0,7.2
0.0,4.908
0.0,5.2
53453611.0,7.1
12537071.0,7.0
0.0,10.0
15397270.0,6.718
0.0,7.038
16398509.0,6.572
4455671.0,6.364
0.0,6.2
0.0,5.5
0.0,6.1
0.0,5.7
0.0,7.3
11098.0,6.2
0.0,6.9
9802525.0,6.8
5396508.0,6.1
0.0,7.2
0.0,6.4
0.0,7.4
0.0,8.2
0.0,6.4
54771241.0,5.577
96221061.0,6.1
104573204.0,5.9
0.0,6.4
0.0,7.2
0.0,5.386
0.0,6.3
0.0,5.0
0.0,4.6
0.0,6.4
0.0,5.838
0.0,6.0
0.0,6.1
0.0,6.2
0.0,3.6
0.0,5.667
0.0,7.0
0.0,5.5
273650.0,6.2
0.0,6.0
0.0,6.8
0.0,6.9
0.0,5.5
0.0,6.9
36110860.0,6.717
59307515.0,8.0
0.0,6.8
2162345.0,6.9
0.0,5.5
0.0,6.2
51001975.0,6.688
0.0,7.856
0.0,7.3
30107173.0,6.273
0.0,5.8
116787.0,8.1
0.0,6.5
0.0,7.6
0.0,4.8
7200000.0,7.173
0.0,6.3
3829407.0,6.6
0.0,6.25
0.0,5.0
0.0,5.6
0.0,5.4
451381.0,5.8
0.0,5.8
0.0,6.032
5067608.0,7.2
0.0,1.0
0.0,6.3
0.0,7.1
0.0,5.8
0.0,6.4
0.0,6.3
11559958.0,6.6
0.0,6.0
423628.0,7.7
105046.0,5.985
0.0,7.1
0.0,7.2
5799220.0,5.9
0.0,5.9
0.0,7.0
0.0,5.3
0.0,5.8
0.0,5.667
0.0,4.9
0.0,5.6
0.0,6.2
0.0,6.8
2681023.0,6.9
0.0,4.8
0.0,6.1
0.0,7.3
0.0,7.6
762183.0,7.3
5937306.0,7.3
3010117.0,6.9
0.0,7.5
0.0,5.7
0.0,6.7
0.0,5.905
0.0,5.9
0.0,4.9
180828556.0,6.7
1781246.0,5.5
760979.0,6.3
1470214.0,6.7
10591426.0,7.5
10758542.0,7.9
0.0,6.4
0.0,7.569
0.0,6.008
0.0,6.221
3829263.0,6.156
0.0,5.9
12165702.0,6.9
40829138.0,7.6
0.0,6.7
0.0,7.6
10604490.0,6.8
36038764.0,6.7
20571534.0,7.8
0.0,6.9
0.0,6.92
0.0,5.6
0.0,6.0
0.0,7.356
0.0,7.179
0.0,6.8
0.0,6.1
6483501.0,6.3
0.0,7.0
0.0,6.4
4345446.0,7.07
0.0,6.1
0.0,5.833
14668098.0,7.048
0.0,6.724
60091.0,6.8
0.0,4.9
718850.0,6.274
0.0,6.5
0.0,6.2
0.0,5.8
0.0,7.1
0.0,7.5
0.0,5.8
581725.0,7.9
0.0,6.6
455708.0,7.2
20751060.0,5.7
0.0,7.1
8551637.0,8.7
43160558.0,6.1
0.0,6.4
0.0,4.9
0.0,6.8
0.0,6.3
0.0,7.2
0.0,5.9
0.0,7.0
0.0,6.1
0.0,5.9
0.0,4.4
0.0,6.283
0.0,6.3
0.0,7.662
0.0,6.4
0.0,6.5
1045422.0,6.2
0.0,6.0
0.0,6.6
0.0,6.0
7935363.0,5.5
0.0,7.0
0.0,5.053
84058132.0,7.141
0.0,6.9
89388.0,8.3
0.0,5.9
0.0,3.0
778500.0,6.366
0.0,6.2
0.0,5.858
31399844.0,7.2
11242056.0,5.879
2603084.0,6.3
27638704.0,6.5
0.0,5.75
1751343.0,6.5
0.0,5.167
0.0,5.5
5786313.0,6.5
0.0,6.7
141660.0,4.8
0.0,6.1
0.0,7.1
0.0,6.5
0.0,6.4
0.0,6.8
311457.0,7.241
0.0,7.0
0.0,6.7
0.0,7.4
0.0,6.4
0.0,6.8
0.0,6.9
0.0,7.5
0.0,8.3
0.0,5.0
0.0,7.1
0.0,7.3
0.0,7.1
271682.0,5.8
0.0,6.8
0.0,0.0
13885456.0,4.2
0.0,4.5
0.0,6.478
19000000.0,7.3
0.0,6.4
0.0,4.8
0.0,2.0
0.0,4.7
0.0,5.7
51706251.0,3.3
0.0,6.0
0.0,5.645
0.0,6.8
0.0,8.1
0.0,6.1
0.0,0.0
0.0,5.4
102184000.0,6.5
0.0,6.2
0.0,3.4
0.0,6.3
0.0,7.2
0.0,7.4
0.0,7.0
0.0,6.9
0.0,6.5
0.0,7.9
0.0,6.0
0.0,5.5
0.0,6.333
804017.0,7.374
0.0,8.1
0.0,5.8
0.0,5.9
0.0,5.4
0.0,5.0
0.0,6.7
0.0,6.632
0.0,6.7
40236104.0,6.9
0.0,6.7
0.0,4.8
0.0,8.2
15198387.0,7.255
0.0,5.0
2402245.0,5.1
0.0,0.0
211734.0,6.7
0.0,5.8
0.0,6.0
9927714.0,6.3
0.0,0.0
0.0,4.8
0.0,5.8
0.0,5.8
0.0,5.9
0.0,5.9
0.0,6.0
0.0,6.6
0.0,6.9
0.0,6.636
0.0,6.5
0.0,10.0
0.0,7.442
0.0,7.1
970119.0,6.4
165620.0,6.3
0.0,0.0
0.0,6.7
0.0,5.9
6605079.0,5.798
0.0,6.0
0.0,6.9
0.0,8.0
0.0,5.3
480600000.0,6.3
0.0,6.0
0.0,5.7
0.0,6.4
55200000.0,5.9
0.0,3.611
0.0,0.0
0.0,6.8
0.0,7.439
0.0,3.9
0.0,6.3
11721425.0,6.6
0.0,4.8
0.0,7.0
2756776.0,7.4
0.0,5.6
5866875.0,4.3
94344.0,7.089
0.0,8.0
14870849.0,7.5
0.0,5.3
0.0,7.3
61098500.0,5.8
0.0,0.0
0.0,9.2
1987281.0,5.7
0.0,4.458
2503154.0,6.7
0.0,0.0
0.0,6.6
0.0,5.8
27219729.0,6.962
0.0,6.331
0.0,7.0
0.0,6.0
0.0,6.453
0.0,7.8
0.0,5.4
0.0,5.4
0.0,7.0
0.0,6.607
0.0,6.0
0.0,5.5
0.0,5.294
0.0,7.1
0.0,4.2
0.0,7.3
0.0,6.9
33399912.0,7.2
0.0,6.7
450517.0,4.9
0.0,8.042
0.0,5.8
0.0,6.2
0.0,0.0
0.0,6.6
0.0,7.3
0.0,6.4
0.0,7.4
0.0,4.8
0.0,6.1
0.0,7.2
0.0,0.0
0.0,5.4
0.0,7.2
0.0,6.4
0.0,5.0
0.0,4.0
0.0,3.5
0.0,8.0
0.0,6.2
0.0,6.364
0.0,6.5
0.0,5.8
0.0,5.7
0.0,5.7
0.0,5.788
0.0,8.688
0.0,7.6
0.0,8.6
0.0,6.75
0.0,5.0
0.0,7.2
0.0,6.2
473859800.0,7.0
0.0,6.8
0.0,7.2
21220422.0,6.7
2480645.0,4.7
0.0,7.9
0.0,5.7
0.0,6.6
18259571.0,5.5
1709336.0,7.5
0.0,6.6
0.0,6.0
0.0,6.9
0.0,4.58
0.0,6.8
0.0,6.612
168579.0,7.2
3663309.0,6.0
0.0,5.8
0.0,6.2
0.0,6.2
0.0,6.0
0.0,6.9
0.0,5.667
9000000.0,7.7
0.0,4.1
0.0,6.7
0.0,6.7
0.0,6.1
0.0,10.0
0.0,6.5
0.0,5.6
0.0,7.37
4543.0,5.6
0.0,6.6
0.0,3.8
3106540.0,4.8
0.0,4.9
0.0,4.8
0.0,6.2
0.0,9.5
0.0,5.263
0.0,6.7
104801.0,6.5
0.0,6.9
0.0,8.2
0.0,6.4
0.0,7.4
0.0,6.7
0.0,6.2
0.0,0.0
6229165.0,7.6
3046741.0,7.0
2.0,6.1
0.0,6.77
0.0,6.2
0.0,0.0
0.0,7.1
0.0,6.3
0.0,5.5
0.0,6.8
0.0,7.7
0.0,6.8
0.0,6.1
0.0,6.2
1750678.0,7.8
3336542.0,6.6
0.0,7.3
0.0,6.0
0.0,6.9
0.0,10.0
0.0,7.6
0.0,0.0
4600000.0,7.1
0.0,4.0
0.0,5.8
0.0,6.7
0.0,5.85
0.0,6.2
0.0,4.2
0.0,7.0
30745762.0,6.1
1320429.0,6.0
0.0,5.7
0.0,3.3
11227393.0,5.173
0.0,2.5
0.0,5.3
0.0,7.5
0.0,2.5
0.0,6.559
2601719.0,4.6
0.0,6.7
0.0,6.0
37585.0,0.0
6205230.0,5.8
488002.0,6.1
0.0,0.0
0.0,7.105
0.0,7.0
0.0,5.6
0.0,6.8
20592796.0,7.8
115632.0,6.078
308326.0,6.8
0.0,6.3
0.0,6.4
0.0,8.3
0.0,5.7
0.0,6.5
0.0,7.4
0.0,5.7
0.0,6.0
0.0,6.3
0.0,6.6
165558372.0,6.8
0.0,6.896
0.0,7.2
637590.0,6.8
0.0,5.514
0.0,5.8
0.0,6.5
349698.0,6.3
1450000.0,5.5
0.0,6.6
39856.0,6.2
0.0,5.875
292987.0,7.8
0.0,5.0
0.0,5.0
47700000.0,4.9
0.0,7.8
0.0,0.0
0.0,7.6
0.0,6.824
0.0,4.7
0.0,6.8
0.0,5.7
0.0,0.0
0.0,5.2
3000000.0,1.8
5800981.0,7.8
0.0,0.0
0.0,6.5
0.0,2.0
0.0,6.2
7206741.0,6.074
0.0,7.7
28013812.0,7.0
0.0,7.8
672640.0,7.2
0.0,6.4
1097812.0,7.2
0.0,7.4
0.0,6.5
0.0,6.0
3984000.0,6.1
0.0,7.471
0.0,2.2
0.0,7.6
22810160.0,7.3
0.0,5.7
0.0,6.5
0.0,5.3
0.0,6.8
0.0,5.8
0.0,4.8
0.0,5.2
14439610.0,6.6
0.0,6.1
19353760.0,7.3
0.0,7.727
0.0,5.8
0.0,5.2
0.0,5.9
0.0,6.6
0.0,6.786
0.0,9.0
0.0,8.1
0.0,6.2
0.0,7.0
0.0,7.0
7630259.0,6.8
15743613.0,6.0
0.0,6.0
0.0,6.7
0.0,6.8
0.0,6.3
0.0,8.3
5675601.0,6.359
0.0,6.8
0.0,4.868
0.0,4.9
0.0,6.5
0.0,5.571
0.0,7.5
0.0,6.8
0.0,8.1
0.0,6.3
0.0,6.1
0.0,6.0
0.0,5.9
0.0,7.1
0.0,6.737
0.0,6.4
0.0,6.1
0.0,6.6
376554.0,6.2
0.0,7.112
0.0,6.9
0.0,5.0
0.0,6.2
2113603.0,5.6
0.0,3.9
0.0,1.0
0.0,6.0
0.0,8.2
0.0,6.917
65871.0,6.5
0.0,5.5
3252119.0,7.062
0.0,6.3
0.0,6.5
0.0,6.5
1369201.0,6.3
0.0,5.9
0.0,6.791
0.0,5.3
0.0,7.5
0.0,0.0
7234115.0,8.3
0.0,7.0
0.0,5.5
192856689.0,6.733
0.0,7.3
0.0,6.3
0.0,5.333
0.0,6.8
0.0,7.2
0.0,5.8
11976305.0,7.4
4264268.0,7.076
0.0,6.2
104976.0,5.193
10000000.0,7.478
0.0,5.5
0.0,0.0
727621.0,5.9
0.0,6.5
0.0,6.7
0.0,8.1
0.0,6.7
0.0,0.0
0.0,5.5
609149.0,6.9
0.0,7.8
0.0,6.3
9150.0,5.2
0.0,0.0
0.0,6.7
0.0,6.5
0.0,6.18
0.0,6.6
0.0,6.8
0.0,0.0
0.0,4.3
0.0,5.25
0.0,7.5
0.0,4.767
0.0,7.785
40420193.0,6.0
289405738.0,6.179
34480388.0,7.0
88192145.0,7.7
0.0,5.792
0.0,6.4
0.0,7.473
0.0,6.5
0.0,6.7
0.0,5.7
34844931.0,6.5
0.0,6.3
0.0,4.8
0.0,7.6
31249964.0,6.0
66212000.0,6.778
0.0,7.0
0.0,8.3
1990000000.0,7.7
54586117.0,6.7
0.0,5.3
0.0,5.7
0.0,5.53
0.0,6.3
0.0,7.8
44081884.0,6.9
0.0,0.0
0.0,7.6
0.0,5.6
0.0,6.3
0.0,4.6
0.0,5.932
5800000.0,6.8
0.0,6.8
0.0,0.0
0.0,6.6
0.0,6.6
28000000.0,7.8
0.0,6.8
0.0,4.4
0.0,7.2
215586.0,5.917
0.0,8.5
0.0,0.0
0.0,6.9
0.0,0.0
0.0,7.3
0.0,5.1
13646385.0,6.0
9284015.0,6.1
0.0,8.0
0.0,6.8
0.0,0.0
161210000.0,6.1
0.0,4.8
0.0,6.8
0.0,8.369
0.0,8.2
0.0,5.8
0.0,0.0
0.0,5.5
0.0,0.0
0.0,0.0
0.0,7.0
0.0,0.0
0.0,5.75
0.0,0.0
0.0,0.0
0.0,0.0
0.0,6.4
0.0,0.0
0.0,6.0
0.0,6.3
0.0,5.4
8337349.0,7.0
0.0,0.0
0.0,4.8
3898508.0,5.679
0.0,0.0
81550000.0,6.615
0.0,0.0
0.0,0.0
0.0,8.0
0.0,5.8
0.0,0.0
0.0,0.0
0.0,0.0
31010725.0,6.2
0.0,0.0
0.0,6.5
0.0,0.0
0.0,6.75
1352553.0,5.9
0.0,0.0
0.0,3.0
0.0,5.0
0.0,5.8
0.0,5.95
0.0,7.5
0.0,6.0
0.0,7.3
0.0,0.0
0.0,8.5
0.0,0.0
0.0,5.7
0.0,0.0
0.0,5.4
0.0,0.0
0.0,5.0
0.0,0.0
0.0,0.0
0.0,6.0
441460000.0,6.0
0.0,0.0
0.0,6.221
0.0,6.65
0.0,0.0
0.0,6.0
0.0,0.0
0.0,0.0
0.0,5.0
0.0,5.9
0.0,0.0
0.0,0.0
0.0,7.0
0.0,4.7
0.0,0.0
0.0,0.0
0.0,0.0
0.0,0.0
0.0,0.0
0.0,0.0
0.0,7.0
0.0,0.0
0.0,7.714
0.0,8.0
0.0,8.3
0.0,7.0
0.0,0.0
0.0,7.2
0.0,6.8
0.0,0.0
0.0,6.0
0.0,0.0
0.0,5.8
0.0,0.0
0.0,7.7
0.0,0.0
0.0,0.0
0.0,0.0
0.0,0.0
0.0,7.405
0.0,0.0
0.0,0.0
0.0,0.0
0.0,5.0
0.0,0.0
725000.0,5.7
0.0,0.0
269407.0,5.4
34654318.0,7.3
0.0,5.7
0.0,6.5
0.0,8.333
2500000.0,5.1
0.0,0.0
0.0,6.0
6625821.0,7.455
0.0,5.8
0.0,0.0
0.0,0.0
302086.0,9.0
0.0,0.0
0.0,0.0
0.0,6.0
0.0,0.0
0.0,0.0
8800000.0,4.5
0.0,9.5
0.0,10.0
0.0,0.0
0.0,4.6
20000000.0,7.1
0.0,0.0
0.0,0.0
0.0,0.0
0.0,8.0
0.0,0.0
0.0,7.0
0.0,0.0
0.0,0.0
0.0,5.2
0.0,0.0
0.0,0.0
0.0,9.0
989484.0,5.1
0.0,6.5
0.0,0.0
0.0,7.2
0.0,4.0
0.0,6.0
0.0,0.0
0.0,0.0
0.0,0.0
0.0,2.0
0.0,0.0
0.0,1.0
0.0,0.0
0.0,0.0
0.0,0.0
0.0,0.0
0.0,0.0
0.0,0.0
0.0,0.0
0.0,0.0
0.0,0.0
0.0,0.0
0.0,0.0
0.0,0.0
0.0,0.0
0.0,0.0
0.0,0.0
0.0,0.0
0.0,0.0
0.0,0.0
0.0,0.0
0.0,0.0
0.0,0.0
0.0,0.0
0.0,0.0
0.0,0.0
0.0,0.0
0.0,0.0
0.0,0.0
0.0,0.0
0.0,0.0
0.0,0.0
0.0,0.0
0.0,0.0
0.0,0.0
0.0,8.0
0.0,5.5
0.0,0.0
0.0,0.0
0.0,0.0
0.0,0.0
0.0,0.0
0.0,0.0
0.0,0.0
7216471.0,0.0
0.0,0.0
0.0,0.0
0.0,0.0
0.0,0.0
0.0,6.321
0.0,0.0
0.0,0.0
0.0,7.167
0.0,0.0
0.0,0.0
0.0,6.2
0.0,0.0
0.0,0.0
0.0,0.0
0.0,0.0
0.0,0.0
0.0,0.0
0.0,6.8
0.0,6.773
0.0,10.0
0.0,0.0
0.0,0.0
0.0,0.0
0.0,0.0
0.0,0.0
0.0,0.0
0.0,0.0
0.0,0.0
0.0,0.0
0.0,6.5
0.0,0.0
0.0,6.2
0.0,0.0
0.0,0.0
0.0,0.0
0.0,0.0
0.0,0.0
0.0,0.0
0.0,0.0
0.0,0.0
0.0,0.0
0.0,0.0
0.0,0.0
0.0,8.0
0.0,0.0
0.0,7.0
0.0,0.0
0.0,0.0
0.0,0.0
0.0,9.0
0.0,0.0
0.0,0.0
0.0,9.0
0.0,0.0
0.0,0.0
0.0,0.0
0.0,0.0
0.0,0.0
0.0,0.0
0.0,0.0
0.0,0.0
0.0,5.917
0.0,0.0
0.0,0.0
0.0,0.0
0.0,0.0
0.0,0.0
0.0,0.0
0.0,0.0
0.0,0.0
0.0,0.0
0.0,0.0
0.0,0.0
0.0,0.0
0.0,0.0
0.0,0.0
0.0,0.0
0.0,6.8
63448.0,0.0
0.0,0.0
0.0,0.0
0.0,10.0
0.0,0.0
0.0,0.0
0.0,0.0
0.0,0.0
0.0,0.0
0.0,7.0
0.0,0.0
0.0,5.2
0.0,0.0
0.0,0.0
0.0,5.9
0.0,0.0
0.0,0.0
0.0,0.0
0.0,0.0
0.0,0.0
0.0,0.0
0.0,0.0
0.0,0.0
0.0,0.0
0.0,0.0
0.0,4.0
0.0,0.0
0.0,0.0
0.0,0.0
0.0,0.0
0.0,0.0
0.0,0.0
0.0,0.0
0.0,0.0
0.0,0.0
0.0,0.0
0.0,0.0
19467898.0,8.0
0.0,0.0
0.0,0.0
0.0,0.0
0.0,4.0
0.0,0.0
0.0,8.9
0.0,0.0
0.0,10.0
0.0,0.0
0.0,0.0
0.0,6.0
0.0,0.0
0.0,0.0
0.0,0.0
0.0,0.0
0.0,0.0
0.0,8.3
0.0,0.0
0.0,0.0
0.0,0.0
0.0,0.0
0.0,0.0
0.0,7.188
0.0,0.0
0.0,0.0
0.0,6.0
0.0,0.0
0.0,0.0
0.0,0.0
0.0,0.0
0.0,0.0
0.0,0.0
0.0,0.0
0.0,0.0
0.0,9.0
0.0,0.0
0.0,8.0
0.0,0.0
0.0,3.5
0.0,0.0
0.0,6.421
0.0,0.0
0.0,6.3
0.0,0.0
0.0,0.0
0.0,0.0
0.0,0.0
0.0,0.0
0.0,0.0
0.0,0.0
0.0,0.0
0.0,0.0
0.0,0.0
0.0,0.0
0.0,0.0
0.0,0.0
0.0,10.0
0.0,0.0
0.0,6.83
0.0,0.0
0.0,0.0
0.0,0.0
0.0,0.0
0.0,0.0
0.0,0.0
0.0,0.0
0.0,0.0
0.0,0.0
0.0,0.0
0.0,0.0
0.0,0.0
0.0,8.0
0.0,0.0
0.0,0.0
0.0,9.0
0.0,0.0
0.0,0.0
0.0,0.0
0.0,0.0
0.0,0.0
0.0,0.0
0.0,0.0
0.0,0.0
0.0,0.0
0.0,0.0
0.0,0.0
0.0,0.0
0.0,0.0
0.0,6.3
0.0,0.0
0.0,0.0
0.0,0.0
0.0,0.0
0.0,0.0
0.0,8.2
0.0,0.0
0.0,0.0
0.0,0.0
0.0,0.0
0.0,0.0
0.0,0.0
0.0,0.0
0.0,0.0
0.0,0.0
0.0,0.0
0.0,10.0
0.0,0.0
0.0,0.0
0.0,0.0
0.0,0.0
0.0,0.0
0.0,0.0
0.0,0.0
0.0,0.0
0.0,0.0
0.0,0.0
0.0,0.0
0.0,0.0
0.0,0.0
0.0,5.8
0.0,6.923
0.0,0.0
0.0,0.0
0.0,0.0
0.0,0.0
0.0,6.0
0.0,0.0
0.0,0.0
0.0,0.0
0.0,0.0
0.0,10.0
0.0,10.0
0.0,0.0
0.0,0.0
0.0,0.0
0.0,0.0
0.0,0.0
0.0,4.0
0.0,0.0
0.0,9.5
0.0,0.0
0.0,0.0
0.0,0.0
0.0,0.0
0.0,5.0
0.0,0.0
0.0,0.0
0.0,0.0
0.0,6.0
0.0,0.0
0.0,0.0
0.0,0.0
0.0,0.0
0.0,0.0
0.0,0.0
0.0,0.0
0.0,0.0
0.0,0.0
0.0,0.0
0.0,0.0
0.0,0.0
0.0,0.0
0.0,0.0
0.0,0.0
0.0,6.5
0.0,0.0
0.0,0.0
0.0,0.0
0.0,0.0
0.0,0.0
0.0,0.0
0.0,0.0
0.0,0.0
0.0,0.0
0.0,0.0
0.0,0.0
0.0,0.0
0.0,0.0
0.0,0.0
0.0,0.0
0.0,0.0
0.0,5.971
0.0,0.0
0.0,0.0
0.0,0.0
0.0,0.0
0.0,0.0
0.0,0.0
0.0,1.0
0.0,0.0
0.0,0.0
0.0,0.0
0.0,0.0
0.0,9.0
0.0,7.5
0.0,0.0
0.0,0.0
0.0,4.0
0.0,0.0
0.0,7.389
0.0,0.0
0.0,0.0
0.0,0.0
0.0,2.0
0.0,0.0
0.0,0.0
0.0,0.0
0.0,0.0
0.0,0.0
0.0,0.0
0.0,0.0
0.0,0.0
0.0,8.0
0.0,0.0
0.0,0.0
0.0,0.0
0.0,0.0
0.0,0.0
0.0,0.0
0.0,0.0
0.0,7.0
0.0,0.0
0.0,0.0
0.0,3.8
0.0,0.0
0.0,0.0
0.0,0.0
0.0,7.8
0.0,0.0
0.0,0.0
0.0,0.0
0.0,0.0
0.0,0.0
0.0,0.0
6606491.0,6.557
0.0,0.0
0.0,3.0
0.0,0.0
0.0,6.0
0.0,5.0
0.0,0.0
0.0,0.0
0.0,0.0
0.0,1.0
0.0,6.0
0.0,10.0
0.0,0.0
0.0,0.0
0.0,0.0
0.0,0.0
0.0,5.0
0.0,0.0
0.0,0.0
0.0,0.0
0.0,0.0
0.0,0.0
0.0,0.0
0.0,0.0
0.0,0.0
0.0,0.0
0.0,0.0
0.0,0.0
0.0,0.0
0.0,0.0
0.0,0.0
0.0,0.0
0.0,0.0
0.0,0.0
0.0,0.0
0.0,0.0
0.0,0.0
0.0,6.2
0.0,4.0
0.0,0.0
0.0,0.0
0.0,8.0
0.0,0.0
0.0,0.0
0.0,0.0
0.0,0.0
0.0,0.0
0.0,6.6
0.0,9.0
0.0,0.0
0.0,0.0
0.0,0.0
0.0,5.7
0.0,4.0
0.0,0.0
0.0,0.0
0.0,0.0
0.0,0.0
0.0,0.0
0.0,7.4
0.0,0.0
0.0,0.0
0.0,0.0
0.0,0.0
0.0,6.75
0.0,0.0
0.0,0.0
0.0,0.0
0.0,0.0
0.0,0.0
0.0,0.0
0.0,0.0
0.0,0.0
0.0,5.5
0.0,5.5
0.0,8.3
0.0,1.0
0.0,7.0
0.0,0.0
0.0,0.0
0.0,0.0
0.0,0.0
0.0,0.0
0.0,0.0
0.0,0.0
0.0,0.0
0.0,0.0
0.0,0.0
0.0,8.0
0.0,0.0
0.0,0.0
0.0,0.0
0.0,0.0
0.0,0.0
0.0,5.875
0.0,0.0
0.0,0.0
0.0,0.0
0.0,7.2
0.0,0.0
0.0,0.0
0.0,0.0
0.0,0.0
0.0,0.0
0.0,0.0
0.0,0.0
0.0,0.0
0.0,0.0
100.0,0.0
0.0,0.0
0.0,0.0
0.0,0.0
0.0,9.3
0.0,0.0
0.0,0.0
0.0,0.0
0.0,0.0
0.0,0.0
0.0,0.0
0.0,0.0
0.0,4.8
0.0,0.0
0.0,0.0
0.0,0.0
0.0,0.0
0.0,0.0
0.0,0.0
0.0,0.0
0.0,0.0
0.0,0.0
0.0,0.0
0.0,0.0
0.0,0.0
0.0,0.0
0.0,0.0
0.0,2.0
0.0,0.0
0.0,0.0
0.0,0.0
0.0,0.0
0.0,0.0
0.0,10.0
0.0,5.9
0.0,0.0
0.0,0.0
0.0,0.0
0.0,0.0
0.0,0.0
0.0,0.0
0.0,0.0
0.0,0.0
0.0,8.0
0.0,0.0
0.0,0.0
0.0,0.0
0.0,0.0
0.0,0.0
0.0,0.0
0.0,5.5
0.0,0.0
0.0,0.0
0.0,0.0
0.0,0.0
0.0,0.0
0.0,0.0
0.0,0.0
0.0,0.0
0.0,0.0
0.0,0.0
0.0,0.0
0.0,0.0
0.0,0.0
0.0,0.0
0.0,0.0
0.0,6.5
0.0,0.0
0.0,0.0
0.0,0.0
0.0,0.0
0.0,0.0
0.0,0.0
0.0,0.0
0.0,9.0
0.0,0.0
0.0,0.0
0.0,0.0
0.0,0.0
0.0,0.0
0.0,0.0
0.0,0.0
0.0,6.0
0.0,0.0
0.0,0.0
0.0,0.0
0.0,0.0
0.0,0.0
0.0,0.0
0.0,0.0
0.0,0.0
0.0,0.0
0.0,0.0
0.0,0.0
0.0,0.0
0.0,0.0
0.0,0.0
0.0,0.0
0.0,7.3
0.0,4.0
0.0,0.0
57530000.0,0.0
0.0,0.0
0.0,0.0
0.0,0.0
0.0,0.0
0.0,0.0
0.0,7.0
0.0,0.0
0.0,6.5
0.0,0.0
0.0,6.6
0.0,0.0
0.0,0.0
0.0,0.0
0.0,8.8
0.0,0.0
0.0,0.0
0.0,4.5
0.0,0.0
0.0,0.0
0.0,0.0
0.0,8.0
0.0,0.0
0.0,0.0
0.0,0.0
0.0,0.0
0.0,0.0
0.0,0.0
0.0,0.0
0.0,6.0
0.0,0.0
0.0,0.0
0.0,0.0
0.0,0.0
0.0,1.0
0.0,8.333
0.0,0.0
0.0,0.0
0.0,0.0
0.0,0.0
0.0,0.0
0.0,0.0
0.0,10.0
0.0,0.0
0.0,0.0
0.0,0.0
0.0,6.0
0.0,0.0
0.0,0.0
0.0,6.0
0.0,0.0
0.0,0.0
0.0,7.0
0.0,0.0
0.0,0.0
0.0,0.0
0.0,10.0
0.0,0.0
0.0,0.0
0.0,0.0
0.0,0.0
0.0,0.0
0.0,0.0
0.0,1.0
0.0,0.0
0.0,0.0
0.0,0.0
0.0,0.0
0.0,0.0
0.0,0.0
0.0,0.0
0.0,0.0
708566.0,0.0
0.0,1.0
0.0,0.0
0.0,0.0
0.0,0.0
0.0,0.0
0.0,0.0
0.0,0.0
0.0,0.0
0.0,8.5
0.0,7.0
0.0,0.0
0.0,0.0
0.0,10.0
0.0,0.0
0.0,0.0
0.0,6.8
0.0,0.0
0.0,0.0
0.0,0.0
0.0,7.5
0.0,0.0
0.0,0.0
0.0,0.0
0.0,0.0
0.0,0.0
0.0,0.0
0.0,0.0
0.0,0.0
0.0,0.0
0.0,0.0
0.0,0.0
0.0,0.0
0.0,7.0
0.0,0.0
0.0,0.0
0.0,0.0
0.0,0.0
0.0,3.0
0.0,0.0
0.0,6.5
0.0,0.0
0.0,0.0
0.0,0.0
0.0,1.0
0.0,0.0
0.0,0.0
